source1_entity_id	matched_entity_ids
S1-708796012	
S1-483281264	
S1-387694500	
S1-973233920	
S1-769172378	
S1-881535873	
S1-436985273	
S1-287666599	
S1-131038804	
S1-338441694	
S1-635491453	S2-253643954,S3-881939056,S2-80171195,S2-721953959
S1-148845479	
S1-460033462	
S1-942301043	
S1-535787043	
S1-851769617	
S1-457922425	
S1-679660495	
S1-254753234	
S1-200376709	
S1-709080642	
S1-738271924	
S1-106410807	
S1-486185859	S2-990123775,S3-399313596
S1-148758725	
S1-886116894	
S1-902552291	
S1-650567133	S3-897065067,S2-873141320
S1-808699530	
S1-943567970	
S1-836764916	
S1-791737059	
S1-984247811	
S1-807703451	S3-811553860,S2-153906512,S2-854480186,S3-960361557,S3-784007691
S1-661546474	
S1-683192018	
S1-3341015	
S1-828302204	
S1-406806264	
S1-632812909	
S1-259566176	
S1-297334093	
S1-173339872	
S1-387465863	
S1-597776332	
S1-545661875	
S1-417600197	
S1-529619943	
S1-67951851	
S1-38345711	
S1-501560459	
S1-162399024	
S1-353226437	S2-451052460,S3-614287183
S1-118036223	
S1-248350153	
S1-185653319	
S1-185055467	
S1-950052790	
S1-247390708	
S1-474997434	
S1-212363226	S2-910154690,S3-729554414
S1-233694155	S3-393766581
S1-450483598	S2-597369117,S2-751582957
S1-320133533	
S1-319826201	
S1-473872582	
S1-404137176	
S1-53756907	
S1-950704113	
S1-943489412	
S1-420915986	
S1-944519934	
S1-936095007	
S1-383424767	
S1-126117113	
S1-319645269	
S1-629879582	
S1-105632026	
S1-574137829	
S1-394271841	S3-853528681,S3-713508036
S1-89314954	
S1-524494649	S3-704710416,S3-284925358,S2-626557347,S3-562455802,S2-763808898
S1-270835520	
S1-692199159	
S1-648674437	
S1-981319832	S3-64576444,S2-764042589
S1-175285229	
S1-560693098	
S1-135880222	
S1-716443744	
S1-327788855	
S1-310743924	
S1-207907319	
S1-750136146	
S1-688277165	
S1-966460762	S2-824654421,S3-210121473
S1-587000615	
S1-361320251	
S1-585720119	
S1-536413635	
S1-835982432	
S1-681803897	
S1-950144851	
S1-731946418	
S1-148555813	
S1-244323995	
S1-142938397	
S1-858620212	
S1-627912655	
S1-415192963	
S1-315784075	
S1-221949446	S3-944789682
S1-365546572	
S1-5196687	
S1-146356467	
S1-773448823	
S1-858652032	
S1-283460355	
S1-111821207	
S1-171414026	
S1-777550634	
S1-628973791	
S1-879116533	
S1-511087107	
S1-389832922	
S1-566066314	
S1-713860673	
S1-216329213	
S1-821394358	S2-905320634,S2-393598252,S2-514274884,S3-161492836,S3-708543256
S1-984722275	
S1-433600976	
S1-597359174	
S1-769926851	
S1-446568783	
S1-618228081	
S1-222086753	
S1-477846117	
S1-711611699	
S1-6418799	
S1-285842810	
S1-295235503	
S1-338313027	
S1-196773289	
S1-60719907	
S1-699279080	
S1-884914796	
S1-795205841	
S1-640348004	
S1-715300046	
S1-128347701	
S1-12168085	
S1-105300779	
S1-346958908	
S1-234726232	
S1-986393294	
S1-587681015	
S1-716302868	
S1-570298720	
S1-134550424	
S1-258997299	
S1-423356416	
S1-979544001	
S1-721734671	
S1-534340769	
S1-685659177	
S1-71656643	
S1-125761692	
S1-183965821	
S1-897312000	
S1-382027039	
S1-864267437	
S1-452190618	
S1-336028803	
S1-910041461	
S1-999200406	
S1-469164757	
S1-274865327	
S1-867591839	
S1-136558519	
S1-388126428	
S1-435659531	S2-658219893
S1-673273622	
S1-668835690	
S1-629105478	
S1-395078221	S3-393966949,S3-960470606
S1-28212376	
S1-620120205	
S1-753069502	
S1-913139613	
S1-314352402	
S1-435862655	
S1-938218662	
S1-679363660	
S1-989596134	
S1-530648602	
S1-532502121	
S1-112218030	
S1-328864149	S3-393813094
S1-242429762	
S1-993170331	
S1-7708018	
S1-533802013	S3-311770696,S3-429704483,S2-307137570,S2-433728808
S1-557177235	
S1-517847092	
S1-852348870	S2-54927287,S2-192101030
S1-137695613	
S1-367161843	
S1-524117172	
S1-184778904	
S1-507937064	
S1-209078690	
S1-989954746	
S1-498471101	
S1-183233338	
S1-142852144	
S1-363701210	
S1-126421243	
S1-533396893	
S1-181345207	
S1-980310157	
S1-732397047	
S1-4898299	
S1-886655066	
S1-783435443	
S1-909251632	
S1-275734532	
S1-800549214	
S1-995499372	S2-160547521
S1-504095310	
S1-277361323	S3-812665989,S3-551002123
S1-379861380	
S1-703565737	
S1-595488365	
S1-516946648	
S1-590310220	
S1-679761837	
S1-234572442	
S1-991361913	
S1-869471354	
S1-415851596	
S1-66900598	
S1-133685020	
S1-148375950	
S1-3878929	
S1-653905111	
S1-916755050	
S1-567359529	
S1-916926941	
S1-48832342	
S1-307966051	
S1-412486446	
S1-165337369	
S1-862765599	
S1-999178930	
S1-518612349	
S1-811874886	
S1-628816949	
S1-854295433	
S1-875162659	S3-956173950,S2-843228112,S3-871049273,S2-678820443
S1-574649590	
S1-631050308	
S1-542761267	
S1-430651012	S2-720782583,S3-354767888
S1-11414769	
S1-440388528	
S1-5190706	
S1-876040813	
S1-886602086	
S1-101751465	
S1-961987984	
S1-622519610	
S1-199785151	
S1-415180389	
S1-243314777	
S1-566200765	
S1-399341291	
S1-512612852	
S1-814782756	S2-471418061,S2-477401554,S2-333129298,S3-253500312,S3-500361277
S1-926201382	
S1-619379480	S2-970119174,S2-417591541,S3-828375222
S1-577171185	
S1-374107867	
S1-521677489	
S1-765672232	
S1-470280256	
S1-571223052	
S1-206759073	
S1-940210651	
S1-299266160	
S1-928738219	
S1-254508878	
S1-128371212	
S1-342925050	
S1-180460095	
S1-42442797	
S1-769738967	
S1-136645823	
S1-772849303	
S1-578730300	
S1-345196819	
S1-548586587	
S1-737887933	
S1-361953076	
S1-780783872	
S1-273270705	
S1-207408931	
S1-499321293	
S1-497414596	
S1-819491897	S2-31648246,S3-458120613,S3-394180647,S3-388254855
S1-400911087	
S1-140513036	
S1-812782218	
S1-241191472	
S1-47282090	
S1-384483467	
S1-136065309	
S1-336003188	
S1-487519243	
S1-424167141	S3-304191326,S2-184221707
S1-377428900	
S1-514064578	
S1-382935130	
S1-358965330	
S1-158849016	
S1-64448840	
S1-457419219	
S1-353329680	
S1-214127768	S3-599466366,S3-695743992
S1-885189484	
S1-129181665	
S1-860552667	
S1-211467924	
S1-550387283	
S1-856118027	S3-272154011
S1-749795397	
S1-419811934	
S1-80420651	
S1-425699411	
S1-417276579	
S1-936449603	
S1-780497967	
S1-462517492	
S1-134011988	
S1-498551945	
S1-597262520	
S1-863025141	S3-136218983,S2-306650279,S3-293501884
S1-875184945	
S1-485645486	
S1-45066700	
S1-649683405	
S1-722470541	
S1-89515542	
S1-155025322	
S1-725115887	
S1-551308687	
S1-796893243	
S1-920473387	
S1-912818025	
S1-321114134	S2-634467002,S3-467263941,S3-16506689,S2-515851080,S3-763976752
S1-124334903	
S1-484701345	
S1-538846322	
S1-147533213	
S1-502008687	
S1-746902161	
S1-891230171	
S1-290423065	
S1-325507054	
S1-899547494	
S1-779796384	
S1-136682815	
S1-265022480	
S1-231418920	
S1-933678531	
S1-323094864	
S1-65599488	
S1-913438094	
S1-105568631	
S1-75867723	
S1-353270376	
S1-263027135	S2-665225359,S2-750991020,S2-468504790
S1-213245163	
S1-966175337	
S1-190540749	
S1-82599979	
S1-633969517	
S1-347749340	
S1-337610024	
S1-490930374	
S1-925923188	
S1-487525977	
S1-745842718	
S1-771172159	
S1-79096476	
S1-418342318	
S1-704399480	
S1-818713025	
S1-721601784	
S1-469964087	
S1-891647906	S2-742011086
S1-690194754	
S1-364278625	
S1-846782296	
S1-504681183	
S1-814895902	
S1-652573511	
S1-77837577	
S1-426015027	
S1-363688745	
S1-769465120	
S1-420494522	S2-869381926,S3-432250519
S1-32509364	
S1-157050918	
S1-704160920	
S1-498774333	
S1-9348576	
S1-703030279	
S1-752064522	
S1-499715258	
S1-299581036	
S1-312021607	
S1-322711427	
S1-657140344	
S1-58952647	
S1-51166377	
S1-466701080	
S1-4700987	
S1-453191549	
S1-777055024	
S1-213296621	
S1-976521542	
S1-117566641	
S1-652500702	S3-12542903,S3-963159895,S2-413644083,S3-580032269
S1-866107291	
S1-737260204	
S1-602704013	
S1-144559035	
S1-650449101	S3-542950856
S1-960676757	
S1-114807777	
S1-768534635	S3-417487007
S1-970660281	
S1-42520307	
S1-331775081	
S1-283911780	
S1-846803620	
S1-152598402	
S1-80032477	
S1-832858750	
S1-934961508	
S1-562380004	S2-623558996
S1-698879440	
S1-568388680	
S1-19291866	
S1-967322290	
S1-492194060	
S1-19778635	
S1-149880375	
S1-534804733	
S1-418342727	
S1-466989811	S2-638398370,S3-330183870,S3-463522191,S2-164841040,S2-899163906
S1-783113789	
S1-437984710	
S1-437186135	
S1-692697113	
S1-348739044	
S1-918330984	
S1-256455222	
S1-694847756	
S1-800635366	
S1-913027716	
S1-47165380	
S1-275305165	
S1-461441027	
S1-294310645	S3-640882954,S2-499753189,S2-987991479,S3-578239771,S2-684910812
S1-826284927	
S1-761226068	
S1-801681033	
S1-780105093	
S1-408998966	
S1-258419186	
S1-733516844	
S1-15901918	
S1-26315875	
S1-882433798	S3-858149353,S2-272255185
S1-903802606	
S1-502026142	
S1-679161365	
S1-863356564	
S1-500863465	S3-179046211,S3-703644969,S2-309372983
S1-989202611	
S1-501424226	S3-82227381,S2-883675052
S1-5985280	
S1-531561977	
S1-986380835	
S1-491641613	
S1-536631961	
S1-362026428	
S1-234601663	
S1-252878852	
S1-779887820	
S1-448872339	
S1-79340042	
S1-84164384	
S1-443911188	
S1-578984243	
S1-899829871	
S1-579141674	
S1-202242951	
S1-742699243	
S1-172644389	
S1-106074780	
S1-680314106	
S1-345359905	
S1-382117003	
S1-419895621	
S1-119253191	
S1-213106801	
S1-700854972	
S1-505177945	
S1-725159965	
S1-482959405	
S1-377836896	
S1-885801983	
S1-507329669	
S1-733097984	
S1-952108581	
S1-656386252	
S1-335615674	S3-65640032,S2-820906454,S3-707359118,S3-367520926
S1-981292110	
S1-183734159	
S1-271685934	
S1-863171636	
S1-637928773	
S1-407299219	
S1-404709175	
S1-952492212	
S1-228923161	
S1-796700607	
S1-638999586	
S1-643098922	
S1-288537970	
S1-595909696	
S1-761882056	
S1-629588655	
S1-428120173	
S1-898510507	
S1-160375612	
S1-855347894	
S1-836137713	
S1-162533755	
S1-73141201	
S1-737947599	
S1-334557805	S2-508478440,S3-175862925
S1-939025743	
S1-540383583	
S1-572662063	
S1-766101770	
S1-516780607	S2-833673886
S1-383271221	
S1-218450420	
S1-855029130	S3-511731559
S1-16794420	
S1-326994670	
S1-333114012	
S1-402933141	
S1-737640804	S3-833331477,S2-111420301,S3-669099138,S3-182556459,S2-533147013,S2-579944854
S1-458669937	
S1-116088527	
S1-931639124	
S1-381107299	
S1-931744206	
S1-856769914	
S1-201906015	
S1-549263481	
S1-642431310	
S1-189274935	S3-226117789
S1-886816150	
S1-19621511	
S1-368770384	
S1-170016238	
S1-136174432	
S1-857618046	
S1-714431393	
S1-263570454	S3-889635656
S1-876776795	
S1-108668975	
S1-869122404	
S1-6069775	S3-548620204
S1-591372958	
S1-276101699	
S1-681897702	
S1-680007763	
S1-845601437	
S1-232144385	
S1-830223407	
S1-697014409	
S1-495552394	
S1-844459279	
S1-145448545	S3-389024131,S2-593810576
S1-588177450	
S1-821873503	
S1-596431380	
S1-29877796	
S1-635738667	
S1-70450706	S2-54216339,S3-195725773,S2-680086967
S1-980241364	
S1-984744132	
S1-938854229	
S1-307366598	
S1-151039355	
S1-176650023	
S1-234999281	
S1-347293811	
S1-935881037	
S1-157569736	
S1-746648509	
S1-571651114	
S1-131490572	
S1-860138594	
S1-24753213	S2-348762619,S2-618709482,S2-18582957
S1-600372683	
S1-694467155	
S1-275081563	
S1-619830078	
S1-822403281	
S1-966937891	
S1-795848074	S3-760691575,S3-598502828
S1-305606934	
S1-582245354	
S1-333067067	
S1-37540843	
S1-62720879	
S1-622085239	
S1-982707409	
S1-20211117	
S1-465716518	
S1-32984805	
S1-638078962	
S1-934004357	
S1-311050043	
S1-286023109	
S1-166490713	
S1-246153273	
S1-823177878	
S1-690230129	
S1-85351656	S2-928347801,S3-955140708
S1-434030191	
S1-774254134	
S1-348632919	
S1-93081277	
S1-404653679	
S1-540054011	
S1-676600240	
S1-955118307	
S1-839337414	
S1-432203086	
S1-493193236	
S1-454092103	
S1-28634688	
S1-379546708	
S1-171686629	
S1-919179983	
S1-977778051	
S1-364072219	
S1-307457513	
S1-819738653	
S1-312748105	
S1-394323029	
S1-346000651	
S1-126379737	
S1-89562242	
S1-394629585	
S1-189953231	
S1-167659	
S1-170422394	S2-812097192,S2-387886693,S3-603798934
S1-339230631	
S1-269169472	
S1-138149741	
S1-537824295	
S1-241011495	
S1-23839786	
S1-611558580	
S1-802012745	
S1-289413348	
S1-138965751	
S1-816947297	
S1-715673259	
S1-632456379	S2-821973460,S3-232576094,S3-717756072,S2-929486080,S2-413879907
S1-567503008	
S1-267412268	
S1-147254691	
S1-802286979	
S1-494819383	
S1-938697555	
S1-811019454	
S1-728192019	
S1-678312696	
S1-308358807	
S1-688528084	
S1-902387642	
S1-5777171	
S1-396938179	
S1-613260807	
S1-28390839	S2-551152705,S2-806923579,S3-325643025
S1-662124192	
S1-865084713	
S1-361697120	S3-216197136
S1-977981220	
S1-581772201	
S1-25155599	
S1-611309139	
S1-106675357	
S1-88001438	
S1-332989466	
S1-831147296	
S1-110844707	
S1-640627222	
S1-786692468	
S1-88355634	
S1-967599347	
S1-236175300	
S1-318556410	
S1-992993577	
S1-854600583	
S1-998899002	
S1-372855879	S2-505788584,S2-138075480,S3-922745023,S2-294999339
S1-175730936	
S1-843972241	
S1-966258394	
S1-725650544	
S1-361272883	
S1-463205489	
S1-565063965	
S1-571194602	
S1-962711858	
S1-774630666	S2-316146646,S3-774070876
S1-232314729	
S1-607354584	
S1-184159607	
S1-581423452	
S1-969153658	
S1-679595173	
S1-182048012	
S1-193244630	
S1-603347984	
S1-659546453	S2-673174041,S2-196905520,S2-116184122,S2-200172847
S1-698523619	
S1-619029545	
S1-141803603	S2-929897180
S1-458291883	S2-319866540
S1-630404822	
S1-771210393	
S1-840982445	S3-986895360,S2-471552077
S1-616276228	
S1-806204865	
S1-793288111	
S1-571466889	
S1-858750743	S2-747421506
S1-697729794	
S1-892302083	
S1-217608601	
S1-352804384	
S1-675434562	
S1-369134543	
S1-969754505	
S1-722514638	
S1-134065889	
S1-92206702	
S1-794456495	
S1-796899154	
S1-420901491	
S1-425469233	
S1-142358676	
S1-555190507	
S1-248599716	
S1-740810097	
S1-950133246	
S1-744745758	
S1-539167740	
S1-937083421	
S1-218925781	S2-524980817,S3-231827444,S2-125452661,S3-738157920
S1-387132068	
S1-111104187	
S1-373344986	
S1-22824658	
S1-953117252	
S1-327083440	
S1-18208825	
S1-295371412	
S1-866988843	
S1-363876899	
S1-814103449	
S1-871321681	
S1-678156229	
S1-872474399	
S1-640731308	
S1-475138845	
S1-313512574	
S1-102890360	
S1-707416354	
S1-920095101	S3-647941364,S3-919901744
S1-452161689	
S1-12548380	
S1-243863621	
S1-504541699	
S1-656700212	
S1-725917615	
S1-68000035	
S1-157538182	
S1-775328592	
S1-543707225	
S1-8503313	
S1-143309995	
S1-118208250	S3-481606768
S1-559649822	
S1-675037175	
S1-272269173	
S1-361997210	
S1-548833072	
S1-654302536	
S1-969993766	
S1-568822352	
S1-892136331	
S1-914888555	S3-928261891,S2-520537064
S1-330604393	
S1-744524964	
S1-540159382	
S1-767229809	
S1-378071746	
S1-292459672	
S1-92754047	
S1-232978292	
S1-646872369	
S1-80667318	
S1-731315310	
S1-889457290	
S1-222647779	
S1-62559371	
S1-826697802	
S1-36148335	
S1-47242296	
S1-31076048	
S1-219439118	
S1-261549576	
S1-68255612	
S1-75248199	
S1-952100532	
S1-553371597	
S1-891444032	
S1-493406649	
S1-476272138	
S1-655838425	
S1-682229297	
S1-381711212	
S1-934983753	
S1-740663305	S2-74178920,S2-284445207,S3-675112945,S3-244540925
S1-464374344	
S1-49650440	
S1-78526724	
S1-585147634	
S1-841400359	S2-720969896,S2-950572207,S3-899544366
S1-139128173	
S1-818370427	
S1-12551633	
S1-336730852	
S1-950863258	
S1-821899649	
S1-816685722	
S1-45050360	
S1-69397534	
S1-367317114	
S1-412018837	
S1-520521109	
S1-18156879	
S1-700607703	
S1-48448188	
S1-648584174	
S1-569107032	S2-961829530,S3-642277356,S3-159442671,S2-636597301
S1-996008725	
S1-250180384	
S1-611450571	
S1-173460598	
S1-146389133	
S1-183950329	
S1-890790398	
S1-808416531	S3-750014652,S2-323390489,S3-967790641,S2-591016020,S2-940793795,S2-901205246
S1-136009320	S3-73409682,S2-583323188
S1-249420375	
S1-826665703	
S1-161829828	
S1-785067216	
S1-467934335	
S1-68477537	
S1-682005994	
S1-191970554	
S1-78324509	
S1-133894230	
S1-582549200	
S1-448043167	S3-934662724,S2-583331693,S3-888284159,S2-768468297
S1-223572573	
S1-956809622	
S1-224293426	
S1-65754263	
S1-129329674	
S1-360914459	
S1-966851369	
S1-83862215	
S1-69224008	
S1-747179024	
S1-315157577	
S1-388064667	
S1-659867248	
S1-293946603	
S1-463569965	S2-157930183
S1-664287369	
S1-67904864	S3-873114871
S1-858866407	
S1-524485533	
S1-832786653	
S1-605243135	
S1-435910932	
S1-468121574	
S1-479076856	
S1-917504605	S3-918736614,S2-109518891,S2-365037476,S3-226179066
S1-179402634	
S1-148972025	
S1-200277322	
S1-200457739	
S1-849305435	
S1-58848070	
S1-825762685	
S1-743850876	
S1-702013182	
S1-956732059	
S1-664730049	
S1-601567690	
S1-806521390	
S1-682139677	
S1-281351756	
S1-843368567	
S1-616701474	
S1-404896478	
S1-723404782	
S1-761932269	
S1-134145563	
S1-170017097	
S1-133149964	
S1-889156650	S3-410890665,S3-767440471,S2-989032286
S1-898704254	
S1-278641040	S2-293373082,S2-697884452,S2-737369072
S1-888447475	
S1-836078464	
S1-833358563	S2-879708580,S3-531546764,S2-625723959
S1-694738890	
S1-108410423	
S1-2343097	
S1-711509575	
S1-185331545	
S1-259064926	S2-130900997,S2-384768632,S3-935956499
S1-123408396	
S1-859189064	
S1-323181928	
S1-837966893	
S1-519899438	
S1-304562803	
S1-777697916	
S1-210027267	
S1-515382047	
S1-341239455	
S1-174285258	S2-938844095,S3-816222829
S1-512750669	
S1-546008660	
S1-65542458	
S1-648496133	
S1-763720860	
S1-673396611	
S1-664380290	
S1-881429821	
S1-905131837	
S1-13487831	
S1-718894096	S3-555331733,S2-941534666,S3-369250167,S3-897908463
S1-960775225	
S1-308516406	
S1-161159247	
S1-708832426	
S1-700260546	
S1-567235140	
S1-320777270	
S1-240677055	
S1-810698680	
S1-571179658	
S1-474784489	
S1-30606105	
S1-817535102	
S1-287692036	
S1-394030500	
S1-935582324	
S1-418498774	S2-457855520
S1-529721497	
S1-147621689	
S1-208485655	
S1-180567735	
S1-943968912	
S1-439968625	
S1-955293823	
S1-902694029	
S1-693867487	
S1-419614055	
S1-627967020	
S1-357476762	
S1-384651907	
S1-109593575	
S1-269484956	
S1-578585340	
S1-828764871	S3-332331861,S3-542377154
S1-301663272	
S1-927125207	
S1-690806436	
S1-914122601	
S1-571123569	
S1-808719386	
S1-186914076	
S1-527899659	
S1-283711671	
S1-758491323	
S1-564054250	
S1-109269856	
S1-385745620	
S1-223874493	
S1-550796851	
S1-750526579	
S1-839368055	
S1-220849501	
S1-795452321	
S1-182733574	
S1-648952830	
S1-129519195	S3-31441379,S2-199301987,S3-416863983,S3-107048446
S1-44648007	
S1-867162304	
S1-34297167	
S1-159640790	S2-664179753,S2-531676714
S1-509647950	
S1-953448210	
S1-86750202	
S1-40991471	
S1-690655273	
S1-365351809	
S1-454884402	
S1-285472918	S2-716237973,S3-638005176,S3-62765938
S1-535800482	
S1-181372878	
S1-191147655	
S1-661227812	
S1-743652168	
S1-607048303	
S1-164934006	
S1-721841297	
S1-10182809	S2-5446976,S3-834877949,S3-827114585,S2-305099860
S1-138123926	
S1-331704596	
S1-941077694	
S1-351964646	
S1-205114368	
S1-955936899	
S1-413771799	
S1-12255886	
S1-772150173	
S1-98540790	S3-108370598,S2-424753655,S3-62207619
S1-3815765	
S1-87193004	
S1-131693247	
S1-366371944	
S1-994875599	
S1-813723780	
S1-414572480	
S1-371002109	
S1-29372379	
S1-523368454	
S1-8768880	S2-212328245,S3-507261980,S3-551361887
S1-266491646	S3-989101403,S2-950686495,S2-490780504,S3-586501141
S1-516242426	
S1-164013104	
S1-13014129	
S1-877537003	
S1-641137835	
S1-126232597	
S1-168050123	
S1-192579470	
S1-44711103	
S1-324584200	S3-271079967,S2-713677406
S1-76063882	
S1-68997093	
S1-203872375	
S1-536023023	
S1-810267703	
S1-840990248	
S1-314771617	
S1-428865188	
S1-151791557	
S1-448293242	
S1-842169805	
S1-614493280	
S1-388928497	
S1-835245658	
S1-205794077	
S1-546375597	
S1-823050350	
S1-562607219	
S1-948052611	
S1-995957864	
S1-48025116	
S1-240312687	
S1-449677743	
S1-358412588	
S1-557499690	
S1-159030863	
S1-154501171	S2-476347945,S3-114156987,S3-45976523
S1-898254963	
S1-701642694	
S1-478940703	
S1-963987635	
S1-748767925	
S1-566464579	
S1-904357472	
S1-85321152	
S1-201161633	
S1-270476875	
S1-823462003	
S1-898334224	
S1-899360962	
S1-529995320	
S1-403912662	
S1-815197707	
S1-931941801	
S1-823397696	
S1-862061431	
S1-198064530	
S1-657078358	
S1-966979101	
S1-870627432	S2-504429730
S1-460060907	
S1-947972461	
S1-623792187	
S1-902044728	
S1-341188428	
S1-212423048	
S1-149945877	
S1-334265980	
S1-661286899	
S1-121351173	
S1-72207120	
S1-922193160	
S1-722904512	
S1-57190322	
S1-456795739	
S1-975078650	
S1-231805999	
S1-147531129	
S1-22952111	S2-616304745
S1-783439405	
S1-46033367	
S1-672330086	
S1-191206649	
S1-908256901	
S1-892161524	
S1-563666730	
S1-662155069	
S1-2966171	
S1-992552224	
S1-452275938	
S1-745391173	
S1-200139765	
S1-11051441	S3-195887338
S1-567967034	
S1-469796822	
S1-210772766	
S1-323195142	
S1-775123161	
S1-735468406	
S1-659994450	
S1-784671151	
S1-497363395	
S1-13893190	
S1-668126070	S2-573400098,S3-362017178
S1-314225428	
S1-919896832	
S1-375333010	
S1-116819209	
S1-143023667	
S1-535004328	
S1-503586698	
S1-952069020	
S1-45616439	S2-399547189,S3-589634641,S3-212624779
S1-287776257	
S1-341212253	
S1-8103801	
S1-888471304	S3-556963164,S2-911853671,S2-163692540
S1-508513423	
S1-794742714	
S1-852334975	
S1-589608352	
S1-286639174	S3-796560442
S1-716501238	
S1-970079788	
S1-748719926	
S1-872889228	
S1-193485731	
S1-621547207	
S1-490860260	
S1-607917259	
S1-181343214	
S1-254053251	
S1-171975950	
S1-715244263	
S1-723333479	
S1-936177005	
S1-508347600	
S1-111212736	
S1-775592624	
S1-522688237	
S1-370006355	
S1-240027570	
S1-357991413	
S1-344347269	
S1-905533273	
S1-233194764	
S1-163101848	
S1-198290933	
S1-434401106	
S1-667650340	
S1-101568226	
S1-493766844	
S1-226393929	
S1-217137251	
S1-792951546	
S1-816282337	
S1-531367194	
S1-813381164	
S1-91908552	
S1-770826642	S3-203347364
S1-124848861	
S1-325577328	
S1-928295049	
S1-492119684	
S1-552727081	
S1-522459282	
S1-462256898	
S1-780079838	
S1-223774033	
S1-133859659	
S1-33135518	
S1-862663885	S3-366447242,S2-121827971,S2-458552265,S3-511361793,S2-129669363,S3-24035984,S2-55434997
S1-362489716	
S1-829692415	
S1-733497380	
S1-362920229	
S1-569287125	
S1-599277538	
S1-33930960	S3-11248802,S3-635392445,S3-480111148
S1-121932762	
S1-529998057	
S1-645222276	
S1-588378938	
S1-547088930	
S1-789856502	
S1-305176250	
S1-142671842	
S1-428710083	
S1-996569375	
S1-91926445	
S1-865060640	
S1-702488326	
S1-202161591	
S1-711969796	
S1-414474788	S2-189851199
S1-560517289	
S1-386730204	
S1-264255315	
S1-779163961	
S1-914617909	
S1-587792162	S3-396781830,S3-678977883,S3-26454662,S3-532101116
S1-59575209	
S1-324634551	
S1-102853901	
S1-207527193	
S1-294934721	
S1-734682341	
S1-819000041	S2-741378647
S1-587994904	
S1-312215962	
S1-506743555	
S1-38960049	S2-591467826,S3-306442319,S2-846528429
S1-442298097	
S1-290005668	
S1-356414567	S2-85923800,S3-326428714,S3-316653403
S1-107597031	
S1-125098868	
S1-657154547	S3-174929172
S1-134635492	
S1-429905257	
S1-986078988	S2-767572180,S2-636338374,S3-337252069,S3-400658324,S2-593213463,S2-516770213
S1-832040682	
S1-136309446	
S1-66338502	
S1-538862466	
S1-646590679	
S1-63688264	
S1-272354860	
S1-489596931	
S1-205136272	
S1-550608094	
S1-948605237	
S1-859019227	S2-790605263,S2-653893176,S2-596556485,S3-805151740
S1-635938782	
S1-683030536	S3-704848123,S2-298252773,S3-519013459
S1-333774996	
S1-497956230	
S1-351765612	
S1-330783782	
S1-436378479	
S1-815923585	
S1-718232526	S3-156665593,S2-270883505,S3-227991042
S1-148089996	
S1-232490575	
S1-548753262	
S1-61814598	
S1-296536496	
S1-158767188	
S1-18681737	
S1-302470277	
S1-323926807	
S1-1537581	
S1-851840999	
S1-800419832	
S1-897056395	
S1-765241429	
S1-204541733	
S1-81152899	
S1-24552337	
S1-658173334	
S1-548449596	
S1-581594149	
S1-23079933	
S1-367057123	S3-110283147,S3-539374519,S2-880420333,S3-813056219,S3-748940175,S2-464346533,S2-54370055
S1-590215659	
S1-660503355	
S1-81983009	
S1-457243796	
S1-154133113	
S1-762475211	
S1-546684049	
S1-200432570	
S1-865366715	
S1-767891269	
S1-286787652	
S1-715896059	
S1-263514626	
S1-995848812	
S1-292598606	
S1-918052349	
S1-558173936	
S1-519057632	
S1-741036482	
S1-364159599	
S1-119278674	
S1-136827706	
S1-802184538	
S1-714131888	S2-860075539,S3-426574190,S3-329125557
S1-32830213	
S1-725217361	
S1-678553922	S3-398395765,S3-251922193,S3-150793825,S2-562968001,S3-963829198,S3-101585466
S1-120273584	
S1-515751852	
S1-265156316	
S1-983536544	
S1-164622063	
S1-142808877	
S1-714284551	
S1-346907630	
S1-972299794	
S1-436136799	
S1-969291250	
S1-300194588	
S1-995112619	
S1-849263379	
S1-496951607	
S1-895909215	
S1-553493265	
S1-666180180	
S1-702913548	
S1-167463747	
S1-728211585	
S1-114518768	S2-575311049,S3-6785028
S1-106517579	S3-256652398,S2-233941401
S1-106280670	
S1-82207576	
S1-680760845	
S1-910854145	S2-44590139,S2-859459851,S2-586392321,S3-312658325,S3-808051501,S3-535739553
S1-588923428	
S1-644111722	
S1-161966634	
S1-738299761	
S1-808541908	
S1-822414829	
S1-871928772	
S1-132535335	
S1-82491680	
S1-776104866	
S1-156535145	
S1-484902025	S3-675414340,S3-669616582
S1-518334986	
S1-400541759	
S1-141737048	
S1-369795576	
S1-608738387	
S1-31229613	
S1-287791286	
S1-449259051	
S1-448008790	
S1-870706272	
S1-119782409	
S1-547058905	
S1-178793521	
S1-402160464	S2-838094931,S2-406466507,S3-516935640,S2-354206521
S1-472487780	
S1-686699918	
S1-906681557	
S1-601724225	
S1-42729772	
S1-277972866	
S1-996529048	
S1-253556798	
S1-563786424	
S1-978691138	
S1-465200473	
S1-649753693	
S1-87504276	
S1-523091741	
S1-680207800	
S1-634196350	
S1-454987366	
S1-385821537	S3-493475808,S2-573915670,S3-773870407
S1-560687173	
S1-820309966	
S1-119609758	
S1-364431074	
S1-414761018	
S1-708505373	S3-880601598,S3-211726378,S2-562529915
S1-73167066	
S1-695048937	
S1-650108829	
S1-36428078	
S1-582100020	S2-236729928,S2-99282841,S2-779465114
S1-979454806	
S1-154152396	
S1-25761956	
S1-673403981	
S1-297300907	
S1-180029068	
S1-23475643	
S1-183931446	
S1-76539613	
S1-428979618	
S1-760290056	
S1-385428055	
S1-791272626	
S1-82332332	
S1-852676362	S3-61051589,S2-582536536,S2-22075039
S1-982677839	
S1-837441581	
S1-460505379	
S1-425680497	
S1-72026126	
S1-214880948	
S1-612289111	
S1-793126636	
S1-583969372	
S1-393256516	
S1-251878886	
S1-639413179	
S1-668416091	
S1-478588403	
S1-755170128	
S1-777270590	
S1-200199578	
S1-21618368	
S1-891133194	
S1-225836751	S2-430188545,S3-735139729,S2-755147504
S1-727569394	
S1-422844627	
S1-167534891	
S1-848462081	
S1-485306180	
S1-699399597	
S1-795254192	
S1-810773484	
S1-792958598	
S1-9052517	
S1-636474096	S2-789647501,S3-838588937
S1-575614401	S3-817934100,S2-231867065
S1-589507097	
S1-188059735	
S1-992362204	
S1-989341704	
S1-653055965	
S1-675380886	
S1-7171395	
S1-167851502	S2-407270885,S3-42512634
S1-605771422	
S1-799107288	S3-108204729,S2-850799696
S1-313780351	
S1-308479373	
S1-161344859	S3-615620828,S3-86327265,S3-725732823,S3-10027116,S3-612756505
S1-751400547	
S1-98463291	
S1-781153094	
S1-388660244	
S1-478702673	
S1-672175102	
S1-926133966	
S1-20253532	
S1-9451855	
S1-762191865	S3-357768753
S1-953990200	
S1-923826096	
S1-973933935	
S1-362971455	
S1-596208423	
S1-967855232	
S1-287629733	S3-398717341,S2-128251045,S3-707571524
S1-484406427	
S1-980447729	S3-867703914
S1-308283575	
S1-311690864	
S1-726145163	
S1-694459122	S3-619380789,S2-63780396,S2-375665213,S2-367285926
S1-74139886	
S1-829565132	
S1-571615853	
S1-812791481	
S1-72475745	
S1-166054381	
S1-205518852	
S1-692644020	S2-467493868,S3-360846596
S1-387913828	
S1-535207976	
S1-30704017	
S1-974968105	
S1-234633045	
S1-201493431	
S1-450495765	
S1-940068233	
S1-877388780	S2-732394302,S2-647860455,S2-78206560,S3-314703875
S1-145891061	
S1-741005025	
S1-569966060	
S1-683351355	
S1-650890565	
S1-886778325	
S1-408147775	
S1-483990300	
S1-606628595	
S1-215584606	
S1-489668162	S3-855700396,S2-236443389,S2-482157998,S3-422302862
S1-418260610	
S1-348704412	
S1-264438686	
S1-508029223	
S1-753637847	
S1-891002261	
S1-800751486	
S1-268216382	
S1-396543030	
S1-979521858	
S1-329249518	
S1-366212013	
S1-249170559	S2-727137168,S3-485524664,S3-383622722
S1-136353151	
S1-512716468	S2-937884975,S2-69551706,S2-663046955,S3-260734827
S1-37895652	
S1-550814700	
S1-926779070	
S1-120767207	
S1-929126430	
S1-363458533	
S1-190040168	
S1-525780567	
S1-3685685	S3-425736517,S3-962512902,S2-203558440,S3-231817829,S2-993855138
S1-869876338	
S1-277423381	
S1-286660880	
S1-747749070	
S1-412828904	
S1-288407902	
S1-976423978	S3-182358076,S3-445692519,S2-972055592,S2-125691948
S1-583660651	
S1-922835910	
S1-725237006	
S1-428771533	
S1-693713018	
S1-627098240	
S1-429501633	
S1-989309615	S2-763001441,S3-972637107,S3-741769203
S1-286583393	
S1-678196939	
S1-702496456	
S1-451446950	
S1-961741647	S2-580316672,S3-369273419,S3-603410792
S1-54560256	
S1-19462154	
S1-171477596	
S1-545479513	
S1-984222821	
S1-147048204	
S1-558827102	
S1-818808113	
S1-327603782	
S1-999297897	
S1-193403620	
S1-320050036	
S1-216075883	
S1-784001590	
S1-95283606	
S1-365174059	
S1-228532495	
S1-246341106	
S1-802091292	
S1-846850203	
S1-946642120	
S1-479960299	S3-793851092,S2-94391729
S1-323796059	S2-957913675,S2-236277476
S1-790489297	
S1-488969841	
S1-794754652	
S1-605952821	
S1-467150092	
S1-691828431	
S1-312434989	
S1-701116157	
S1-96820159	S3-258825339,S3-591409358,S2-716202451,S3-846248722
S1-835202065	
S1-19431750	
S1-535103115	
S1-430588737	
S1-447153450	
S1-85560462	
S1-714508135	
S1-717600942	
S1-498540137	
S1-224258882	
S1-620272809	
S1-692674730	
S1-405354307	
S1-867566861	S3-670651517
S1-89481048	
S1-554291764	
S1-710503166	
S1-655707659	
S1-165362462	
S1-131626893	
S1-924575776	S2-551411040,S3-800441219,S3-235945000,S2-850673788,S2-513287618,S2-130554672
S1-881315669	
S1-108639911	
S1-910068734	
S1-467818358	
S1-503417925	
S1-562224497	
S1-110069658	
S1-101763945	S2-294461979,S2-495587420,S3-951407220
S1-896167510	
S1-531195499	
S1-894045491	
S1-713545468	
S1-802081983	
S1-155781227	
S1-423573006	
S1-22061344	
S1-332246170	
S1-198952593	
S1-426149482	
S1-4918762	
S1-334911014	
S1-612362470	
S1-904464919	
S1-554852966	
S1-856314398	
S1-319852761	
S1-759690973	
S1-682039164	
S1-887330773	
S1-948225084	
S1-317968093	
S1-1033177	
S1-391136520	
S1-552202392	
S1-510575518	
S1-5486353	
S1-72915914	
S1-396507258	
S1-61272647	
S1-352549799	
S1-151421390	
S1-426781522	
S1-123213165	
S1-879634724	
S1-183507955	
S1-596696224	
S1-39770149	
S1-572383808	
S1-856283073	S2-147360896,S3-588870858,S3-934962651
S1-720250113	
S1-344092648	
S1-346046560	
S1-884564314	
S1-290962517	
S1-517294831	
S1-916470789	
S1-119843053	
S1-266376889	
S1-50483161	
S1-568476099	
S1-660981701	
S1-439908336	
S1-455844563	S2-929376468,S2-846810812,S2-119130244,S3-242331931,S2-958615024
S1-279469118	
S1-526901921	
S1-961161373	
S1-626427107	
S1-30433076	
S1-665614540	
S1-948311317	
S1-966695140	
S1-717687320	
S1-347654872	
S1-36977916	S3-508637408,S2-925567519
S1-175366594	
S1-794052377	
S1-369572806	
S1-891829734	
S1-115669244	S2-422930429,S2-403969498,S2-71913794
S1-289265396	
S1-803141950	
S1-659348748	
S1-906955117	
S1-167232692	
S1-487725241	
S1-98422131	
S1-142360638	
S1-406715368	
S1-740109595	
S1-58852190	
S1-406496463	S3-493379880
S1-67429610	
S1-439705127	
S1-652848337	
S1-310427859	
S1-315881869	
S1-948545694	
S1-466850909	
S1-388319257	
S1-908774395	
S1-702100445	
S1-242705921	
S1-931827058	
S1-759672921	
S1-990074557	
S1-199642687	
S1-85872003	
S1-137335929	
S1-930666588	
S1-849155144	
S1-704731284	
S1-18603782	
S1-824518863	
S1-931535813	
S1-165536262	
S1-146871137	
S1-590430656	
S1-989446468	
S1-75113056	S2-300518404,S3-696497963
S1-775987616	
S1-541270202	
S1-380362142	
S1-134415071	
S1-893765969	
S1-670062101	
S1-264063738	
S1-236646554	
S1-356489740	
S1-372730944	S2-887338330
S1-46468324	
S1-923056253	
S1-184074657	
S1-543066368	
S1-257587801	
S1-767155135	
S1-989818928	
S1-487839611	
S1-519178141	
S1-244118803	
S1-878542817	
S1-167474078	
S1-702757470	
S1-919733997	
S1-149458147	
S1-123121077	
S1-249364412	
S1-131932801	
S1-866372210	
S1-721742874	S2-567589854,S2-480969282,S2-537390324
S1-19973144	
S1-916764119	
S1-290176159	
S1-396097586	
S1-759219771	S3-146998270,S3-875808976,S2-751475343,S3-177034741,S3-435699459
S1-762353866	
S1-479782271	
S1-274025954	
S1-725397823	
S1-405740174	
S1-656978181	
S1-683303507	
S1-306521392	
S1-977924867	S2-859278733,S3-302075430,S2-245918953
S1-802350641	
S1-585262841	
S1-267722143	
S1-761531576	
S1-727158555	
S1-192652858	
S1-743736458	
S1-501151657	
S1-118160010	
S1-208135183	
S1-718361997	
S1-52281596	S3-514226488
S1-758509037	
S1-226239109	
S1-788768113	
S1-847650068	
S1-426122633	
S1-194445268	
S1-662106685	
S1-866768087	
S1-520042728	S3-950625101,S3-981625843
S1-881525831	
S1-982925348	
S1-703548818	S3-393907407,S3-645991342
S1-558946481	
S1-556754412	
S1-807448463	
S1-171909150	
S1-259921993	
S1-870790314	
S1-776527434	
S1-333046855	
S1-660945885	
S1-335397796	
S1-786266654	
S1-113923798	
S1-103414164	S3-723935160
S1-328812758	
S1-796179716	
S1-600352249	
S1-477516302	
S1-152063913	
S1-213394340	
S1-278723982	
S1-992044907	
S1-354803903	
S1-609041812	S3-638489802,S2-607030665,S2-363780197
S1-401330871	
S1-282953481	
S1-760595824	
S1-140769953	
S1-890412502	
S1-774935430	
S1-847055222	
S1-753793009	
S1-732964885	
S1-818001436	
S1-180082605	S3-870503545,S2-320905738
S1-273375362	
S1-634477157	
S1-858529363	S3-654186649,S2-560086459
S1-79602056	S3-467583028,S3-593669938
S1-35421030	
S1-739983396	
S1-903756957	
S1-396964732	
S1-172835313	
S1-481663412	
S1-994154753	
S1-217841318	
S1-381225686	
S1-913470181	
S1-242555101	S3-595725759
S1-848121677	S2-391790581,S3-871952241,S2-731301061,S2-115825827,S3-940540795
S1-522559323	
S1-490143877	S3-208449606,S2-320136795
S1-337004465	
S1-719340974	S2-593913658,S2-299720739,S3-450299745
S1-157696828	
S1-663538857	
S1-829296854	
S1-628951701	
S1-774639565	
S1-700969093	S2-586026355
S1-559060556	
S1-786682838	
S1-364723328	S2-967151028,S3-869127792,S3-548949744,S3-641172923,S2-649525821
S1-769019426	
S1-689462513	
S1-117292398	
S1-25671897	
S1-607565286	
S1-660667320	
S1-798284874	
S1-288802743	
S1-405698845	
S1-154510658	
S1-5901028	
S1-683901387	
S1-452721090	
S1-394624068	
S1-812302522	
S1-322628199	
S1-325534772	S3-116432044,S3-319381116
S1-295504149	
S1-20327613	
S1-900920087	
S1-143496466	
S1-197303653	
S1-139893445	
S1-59861730	
S1-256638601	
S1-431914453	S3-227077734,S3-852311566
S1-283486848	
S1-633933260	
S1-147101516	
S1-473786938	
S1-285656259	
S1-937792257	
S1-368709614	
S1-803072732	
S1-405923800	
S1-449289046	
S1-429732718	
S1-202450546	
S1-853193545	S3-920192065,S2-113297930
S1-201304670	
S1-791228337	S2-580853444,S3-561496055,S3-898540300,S3-297295368,S3-325183205
S1-147849152	
S1-959102100	S2-377051334,S3-715620267
S1-624673508	
S1-405308357	
S1-923251126	
S1-419145961	
S1-941774291	S3-89706364
S1-409400080	
S1-595258592	
S1-145313217	
S1-883921800	
S1-221696566	
S1-620169512	
S1-923571960	
S1-765370620	
S1-856075429	
S1-461339684	
S1-664554836	
S1-56285550	S3-123174335,S3-985389865,S3-682697843,S3-931081521
S1-9532325	
S1-843242433	
S1-434341170	
S1-601931245	
S1-958768286	
S1-801867330	
S1-323635266	
S1-678053573	
S1-811936131	
S1-285908073	
S1-303684770	
S1-343921497	
S1-947897209	
S1-536874928	
S1-275053625	
S1-351719411	
S1-712937430	
S1-135477386	
S1-83860307	
S1-480708275	
S1-271682331	
S1-450786991	
S1-738128729	
S1-560823986	
S1-189867003	
S1-446328472	
S1-973585317	
S1-809693832	
S1-220638624	
S1-219849798	
S1-313289554	
S1-960341823	
S1-859978210	
S1-648718567	
S1-445416079	
S1-64773044	
S1-228868849	
S1-150726726	S2-939061860,S3-108815164,S3-211368580
S1-312010548	
S1-898638934	
S1-225593013	
S1-300841303	
S1-483658300	
S1-181603062	
S1-670439197	
S1-745293076	
S1-597708205	
S1-269100144	
S1-943064281	
S1-681030652	
S1-624610076	
S1-563829071	
S1-186826241	
S1-884633661	
S1-242594625	
S1-2028397	
S1-69154352	S3-724831916,S3-994339093
S1-401742013	
S1-845875407	
S1-463660205	
S1-221059703	
S1-551644480	
S1-983059748	
S1-786608989	
S1-627797346	
S1-498454649	
S1-338025188	S2-421290496,S2-87511150
S1-507517189	
S1-143638332	
S1-611945083	
S1-291812414	
S1-963080695	
S1-742465511	
S1-48911247	
S1-522074381	
S1-339161120	
S1-598761786	
S1-783794225	
S1-564025090	
S1-509602802	
S1-952682630	
S1-399236705	
S1-976735242	
S1-570853856	
S1-877204879	
S1-168928879	
S1-915362455	
S1-227537933	
S1-806811180	
S1-534006642	
S1-861876389	S3-68992884,S3-900793549,S3-485511979
S1-156624540	
S1-75614346	
S1-803172295	
S1-433107823	S2-759129658
S1-962850428	
S1-796794120	
S1-755652387	
S1-365645792	
S1-909731251	
S1-593308496	
S1-529603242	
S1-337382991	
S1-439404281	S3-488076987,S2-1733654
S1-361237454	
S1-206752924	
S1-383202638	
S1-572800737	
S1-435382083	
S1-353695950	
S1-731808790	
S1-368917122	
S1-442973279	
S1-119447281	
S1-164106920	
S1-6729362	
S1-702841802	
S1-666969489	
S1-457890319	
S1-496426761	
S1-317215677	
S1-613032976	
S1-434312569	
S1-380320408	
S1-191950072	
S1-795044441	
S1-636521996	
S1-314602545	
S1-481031203	
S1-992407858	
S1-886488950	
S1-705701290	
S1-676420649	
S1-848834733	
S1-552531315	
S1-106352693	
S1-66619458	
S1-410412232	
S1-959262804	
S1-658755312	
S1-425415103	
S1-948449042	
S1-613199272	
S1-372012424	
S1-80198256	
S1-148363006	
S1-696213348	
S1-780696483	S2-663368116,S2-701986339
S1-290028450	
S1-173229793	
S1-824655016	
S1-830381978	
S1-1917661	
S1-139951941	
S1-974215292	
S1-656302212	
S1-559362037	
S1-563631567	
S1-103699992	S2-47346600
S1-99643523	
S1-573331100	
S1-965879177	
S1-136494210	
S1-617353313	
S1-276115112	
S1-478708465	
S1-139019451	
S1-738975518	
S1-969994632	
S1-932000523	S2-541028930
S1-62393012	S3-180058665,S3-555806154,S2-443087823,S2-237480443,S2-366314366
S1-833655376	
S1-760428161	
S1-945601000	
S1-842952651	
S1-277280907	
S1-535672539	
S1-814166887	
S1-732452377	
S1-468566691	
S1-502183124	S2-26628314
S1-483715802	S2-799223001,S3-171396287
S1-624610766	
S1-879968537	
S1-818256367	
S1-469594077	
S1-106819742	
S1-232737581	
S1-124072506	
S1-5603725	
S1-728564067	
S1-896906124	
S1-768093737	
S1-407378897	
S1-141315230	
S1-142326790	
S1-268634873	
S1-114403811	
S1-127655781	
S1-753339492	
S1-705297771	
S1-299284723	
S1-327550664	
S1-583972384	
S1-860695349	
S1-998172549	
S1-473112887	
S1-689404398	
S1-304495007	
S1-383025855	
S1-269572195	
S1-835190749	
S1-210905765	
S1-120954828	
S1-937952954	
S1-993569165	
S1-236311245	
S1-332721773	S2-46470371
S1-984254858	
S1-15254930	
S1-944249847	S3-712973564,S2-463344762,S3-760544726,S2-81012041
S1-60441088	
S1-307784833	
S1-207494510	
S1-242186428	
S1-85478968	
S1-400773630	
S1-300529144	
S1-700160845	
S1-478486496	
S1-646299946	
S1-955367507	
S1-518642842	
S1-302432204	
S1-788034522	
S1-324445265	S2-262551631,S2-727773054,S3-393218001
S1-620923286	
S1-76164242	
S1-866991935	
S1-208433843	
S1-926048793	
S1-379668613	
S1-871324552	
S1-457087698	
S1-360571129	
S1-605987587	
S1-607986196	
S1-9656346	
S1-348726223	
S1-871607608	
S1-458749918	
S1-510235923	
S1-942938677	S3-601545252,S3-428898143,S2-381381739
S1-316892800	
S1-175350104	
S1-645686722	
S1-289058527	
S1-637199785	
S1-959339838	S3-130277472,S3-130729474,S2-817500739
S1-896905025	
S1-159550215	
S1-719597494	
S1-989202276	
S1-494785906	
S1-472019343	
S1-565880783	
S1-726820355	
S1-81311561	
S1-722227394	
S1-224361062	S2-663663161,S2-940989056,S3-702016371
S1-454896953	
S1-917212003	
S1-77473714	
S1-866350146	S3-734714022,S3-469794233,S3-927031384
S1-750433777	
S1-96228817	
S1-283722400	
S1-236592401	
S1-852665400	S2-747220138,S3-404550206,S3-819872138,S3-409994984
S1-77383147	
S1-749109401	
S1-572390897	
S1-545611219	
S1-569912095	
S1-293501608	
S1-227399326	
S1-973274119	S3-377168665
S1-460162197	
S1-499611887	
S1-967827689	
S1-554621846	
S1-244613171	
S1-37672376	
S1-74217025	
S1-672944178	
S1-393966741	S2-12851593,S2-293296886,S3-356264035,S2-790453887
S1-867922131	S3-923491228,S2-167162516
S1-204753643	
S1-31437531	
S1-15207657	
S1-275258951	
S1-688528457	
S1-644899387	
S1-281156073	S2-837937571,S3-523932225
S1-474719125	
S1-744892675	
S1-120813116	
S1-78527912	
S1-824236166	
S1-172914760	
S1-97238178	
S1-363864873	
S1-403374275	
S1-637398273	
S1-666047151	
S1-52401741	
S1-194648741	S2-600775010,S2-431666008,S2-915275982,S3-628955256,S3-679642226,S3-461218715,S2-960417692
S1-423662230	
S1-654016539	
S1-952342649	
S1-922197453	
S1-824133444	
S1-406044983	
S1-499315058	
S1-497312528	
S1-76268584	S3-478023226,S2-395060437,S3-349991887,S2-27416113
S1-111199932	
S1-538287232	
S1-268106486	
S1-969954136	
S1-231178435	
S1-879240581	
S1-943851539	
S1-946287662	
S1-858912146	
S1-970105847	
S1-584391469	
S1-408167228	
S1-273932196	
S1-410284623	
S1-113318290	
S1-80257021	
S1-57652511	S2-390607346,S3-576139046,S3-18857878,S2-732596681
S1-187119331	
S1-316304460	
S1-180627604	
S1-73453156	
S1-551084622	
S1-2294353	
S1-715495688	
S1-127388798	
S1-27606235	
S1-298519309	
S1-352052325	
S1-841431696	
S1-158405857	
S1-899826806	S3-909815760,S3-265959422,S2-264522226,S2-396312107,S2-16767780
S1-658210954	
S1-533833987	
S1-991221303	
S1-992592753	
S1-988877411	
S1-959695992	
S1-737338802	
S1-60174886	
S1-993043994	
S1-315277960	
S1-226530330	
S1-306132325	
S1-705373399	
S1-418781031	
S1-933482751	
S1-192084517	
S1-196201570	
S1-977000318	
S1-64065965	
S1-205139527	
S1-901352930	
S1-732428029	
S1-425649614	
S1-982117555	
S1-917194396	
S1-324630501	
S1-977872333	
S1-961521410	
S1-557038139	
S1-289792760	
S1-493130348	
S1-153157816	
S1-986940110	S2-973673183,S2-492174544
S1-885489266	
S1-387723031	
S1-220671528	
S1-938351339	
S1-647275817	
S1-649119400	
S1-336534886	
S1-538719381	
S1-333522627	
S1-893210122	
S1-401847417	
S1-995884535	
S1-468430910	
S1-468870653	
S1-855170340	
S1-859329362	
S1-215974785	S2-614411468,S3-167031861
S1-490808628	
S1-57497892	
S1-698834917	
S1-939128470	
S1-180440160	
S1-542990261	
S1-430262477	
S1-78613985	
S1-627630437	
S1-123181965	
S1-194228258	
S1-475340341	
S1-987248741	
S1-408253145	
S1-7266968	
S1-873324904	
S1-369691139	
S1-721961680	
S1-327730670	
S1-455566892	
S1-872783514	
S1-607000600	
S1-700770408	
S1-976363688	
S1-210264008	
S1-782247799	
S1-252543501	
S1-941192323	
S1-223410733	S3-635620155,S2-167098669
S1-211913761	
S1-140269150	
S1-177887276	
S1-571531854	
S1-667731292	
S1-235322142	
S1-523732579	
S1-111517731	
S1-921166575	
S1-974354349	
S1-791177433	
S1-154537501	
S1-427670147	S2-351674692,S3-807221437,S3-712397632,S3-443227070,S2-509365503,S2-56521011
S1-603784385	
S1-12286655	
S1-916737786	S2-328669965,S2-986707784,S3-771657940,S3-231142306
S1-817339215	
S1-412087678	
S1-495243844	
S1-608112116	
S1-978946442	
S1-790996153	
S1-786068663	S3-74762978
S1-794327522	
S1-451364443	
S1-305655562	
S1-387296456	
S1-58513080	
S1-808684603	
S1-613905474	
S1-676634553	
S1-710271939	
S1-111320353	S2-674255889,S2-28408048
S1-851073386	
S1-760431113	
S1-444653987	
S1-590153708	
S1-971538640	
S1-414487201	
S1-47603285	
S1-943474964	
S1-884753324	
S1-667588190	
S1-433892110	
S1-552444304	
S1-795688501	
S1-460393980	
S1-370852019	
S1-109807160	
S1-406855419	S3-727215123
S1-5890999	
S1-324501111	S3-577551750
S1-610125096	
S1-984079649	
S1-134646779	
S1-150058493	
S1-218660331	
S1-276947167	
S1-145904476	
S1-12108482	
S1-330247616	
S1-653056385	
S1-175992457	
S1-79132453	
S1-818004314	
S1-548344984	
S1-446477835	
S1-688824892	
S1-636661826	
S1-940494828	
S1-214748197	
S1-966584153	
S1-651362192	
S1-628858190	
S1-521974804	
S1-545130496	
S1-76073433	
S1-789849338	
S1-208271914	
S1-611458368	
S1-699722696	
S1-752160602	S3-152409826,S2-639143446,S3-325643025
S1-42867405	
S1-617054942	
S1-248259617	
S1-181159019	
S1-73745464	S3-560613134,S3-337268079
S1-285251329	
S1-599769779	
S1-294663751	
S1-376025665	
S1-636980392	S3-693202476,S2-974812965,S3-752277473
S1-965295601	
S1-522268138	
S1-342701335	
S1-606592064	
S1-421993946	
S1-135791395	
S1-798938859	
S1-102351702	
S1-744575298	
S1-683046364	
S1-203059991	
S1-562529230	
S1-623173070	
S1-412461145	
S1-295391877	
S1-974534620	
S1-576678746	
S1-767180983	
S1-329066937	
S1-899471154	
S1-657559995	S3-277344357
S1-16223521	
S1-428587907	
S1-787127002	S2-121920119,S2-585924403,S3-197082208
S1-436932329	
S1-94844467	
S1-288544077	
S1-851348425	
S1-150346071	
S1-525858316	
S1-844746242	
S1-385561247	
S1-616799466	
S1-66175202	
S1-326814108	S2-773799123
S1-45493191	
S1-701899676	S2-207909588,S2-742885785,S3-383098679,S3-481978812
S1-79516890	
S1-444134786	
S1-601878342	
S1-482250615	
S1-788913899	S3-265508304,S3-365877290,S3-110144899
S1-324834453	
S1-860456433	
S1-483427898	
S1-503059314	S2-626850627,S3-872813642
S1-574955035	
S1-780461995	
S1-873184948	
S1-521496572	S3-169138729,S3-700484486
S1-35703082	
S1-987735795	
S1-104563105	S2-569791331
S1-520941748	
S1-974093816	
S1-266809342	
S1-567690340	
S1-139061021	
S1-183767339	
S1-99181742	
S1-859067655	S3-882902543
S1-520694384	
S1-197471630	
S1-24292634	
S1-880250875	
S1-926674234	
S1-422093804	
S1-881684570	
S1-326141820	S2-705776091,S2-137794932,S3-651202562
S1-577068041	
S1-572572672	
S1-456010440	
S1-701501262	
S1-734664088	
S1-806368917	
S1-279123430	
S1-861925550	
S1-302182732	S3-653619584,S2-965085514,S2-264935671,S2-794053016,S2-57489567,S2-556928416
S1-109401009	
S1-332966199	
S1-140564335	
S1-786877538	
S1-848047440	S3-246928324,S2-1390066
S1-554749108	
S1-273397149	
S1-827990450	S2-358610771,S3-879288859
S1-313270550	
S1-559937158	
S1-143989805	S3-797733158,S2-314921635,S2-672118611
S1-293944894	
S1-901658410	
S1-613909726	
S1-420652102	
S1-903379364	
S1-287102312	
S1-976613184	
S1-675512899	
S1-730448894	
S1-807130009	
S1-840876220	
S1-514556502	
S1-143754078	
S1-19911730	
S1-42415017	
S1-952982206	
S1-426087654	
S1-805092306	
S1-938300367	S2-23097670,S2-82094596,S2-767062348
S1-630974574	S3-23745124,S3-595772439
S1-103457749	
S1-796895843	
S1-925386187	
S1-993220475	
S1-400318806	
S1-869552145	
S1-934781874	
S1-262475289	S2-644971004,S3-485071012
S1-701474184	
S1-579688614	
S1-976117288	
S1-555013661	
S1-166263551	S3-861592223,S3-466491027,S3-157300192,S3-541317723
S1-730625581	
S1-677378564	S3-899818987,S3-172131982
S1-377271394	
S1-226362719	
S1-844141623	
S1-124591643	
S1-580506472	
S1-771286721	
S1-170822784	
S1-787146726	
S1-891027699	
S1-698570134	
S1-983511357	
S1-799872116	
S1-810378801	
S1-942666484	
S1-285093723	
S1-85905352	
S1-362580595	
S1-458462149	
S1-829097229	
S1-92054226	
S1-799810517	
S1-735091928	
S1-417699804	
S1-228632797	
S1-953949069	S2-820429352,S2-614130148,S3-573204615,S2-940367332,S3-931356383
S1-949604558	
S1-39689295	
S1-140208746	
S1-736565366	
S1-820447841	
S1-10767038	
S1-737490024	
S1-926126243	
S1-243292132	
S1-370741520	
S1-242572362	
S1-474992998	
S1-396043923	
S1-221389114	
S1-49013056	
S1-427706809	
S1-633796281	
S1-104690654	
S1-728887844	
S1-215972815	
S1-414388287	
S1-634536243	
S1-326085683	
S1-554131381	
S1-78373553	
S1-925766717	
S1-129407640	
S1-130604358	
S1-723532215	
S1-35570033	
S1-304151016	
S1-225649272	
S1-80582395	
S1-769841639	
S1-707331354	
S1-986100095	
S1-840323761	S2-530793283,S3-961361039,S2-164841040
S1-17318158	
S1-451954082	
S1-712602017	S2-690768911,S2-497669551
S1-168101607	S2-215823816,S2-807698501,S3-343767718,S3-339986913,S2-750404825
S1-98221163	
S1-156913460	
S1-66214334	
S1-83514918	
S1-234512089	
S1-350752085	
S1-567614334	S2-168201318
S1-341014657	
S1-795314295	
S1-191820359	
S1-579280595	
S1-697329019	
S1-129605746	
S1-456500362	
S1-344283289	
S1-645149949	
S1-580794363	S2-163001625,S2-357469873
S1-522333353	
S1-430635332	
S1-893233210	
S1-193880119	
S1-998426785	
S1-115604272	
S1-478900024	
S1-871836667	
S1-334483516	S2-959848411,S3-626624844,S2-234895354,S3-814064957
S1-46279260	
S1-750844689	
S1-583580358	
S1-998952395	
S1-337413417	
S1-655236861	
S1-102750934	
S1-406331703	
S1-420678819	
S1-82515097	
S1-305289229	
S1-506957521	
S1-975555021	
S1-982610243	
S1-191428506	
S1-192537403	
S1-159564532	
S1-917724306	
S1-356474973	
S1-958047420	
S1-451678125	
S1-948729309	
S1-301880516	
S1-736534162	
S1-234048244	
S1-504381533	
S1-464640273	
S1-659753703	
S1-191154202	
S1-64150197	
S1-981105887	
S1-282372935	
S1-918612102	
S1-972287912	
S1-988008540	
S1-139905697	
S1-603556432	
S1-529338514	
S1-411381701	S3-381439983,S3-331651427,S2-520149954
S1-957174834	
S1-208742834	
S1-206186841	
S1-131807912	
S1-711610357	
S1-97920828	
S1-890309391	
S1-521958924	
S1-986950656	
S1-47000058	
S1-419521777	
S1-520950528	
S1-491276103	
S1-798284415	
S1-700242196	S3-956975131,S3-371040360
S1-981844521	
S1-835350349	
S1-103843781	
S1-513362769	
S1-468641406	
S1-566537339	
S1-694075438	
S1-591041724	
S1-785502440	S3-530996906
S1-433738353	
S1-21296760	
S1-351075047	
S1-104169526	
S1-460030866	
S1-617032685	
S1-239509984	
S1-682626438	
S1-446440482	
S1-235162772	
S1-319554606	
S1-317542302	
S1-707879806	
S1-377264953	
S1-562643742	
S1-580638909	
S1-983565759	
S1-192059905	
S1-449876211	
S1-550058130	S2-486355535,S3-688738095,S3-276703177
S1-310940659	
S1-51229547	S2-769827940,S3-589084511
S1-371102391	
S1-937270142	
S1-765735163	
S1-978241005	
S1-847628049	
S1-797460743	
S1-403435707	
S1-851651974	
S1-503320545	
S1-917012934	S3-583366810,S2-664052640
S1-205072396	
S1-739169954	S3-33966393,S3-790807651,S3-781237733,S2-611012497,S2-709585375
S1-571934350	
S1-869215285	
S1-329341465	
S1-689654832	
S1-728232730	S2-537388375,S2-975278534,S3-724367668,S3-787659006
S1-946577189	
S1-633996104	
S1-332885136	
S1-565363791	
S1-795013082	
S1-522909369	
S1-526149175	
S1-186835106	
S1-453173501	
S1-507783301	
S1-599895716	
S1-334553883	
S1-372748176	
S1-519878964	
S1-542646113	
S1-326357198	
S1-450123051	
S1-409217951	
S1-388385719	
S1-101519225	
S1-403688073	
S1-521411504	
S1-588375333	
S1-418066411	
S1-862290757	
S1-914686035	
S1-427075325	
S1-384705680	
S1-9311368	
S1-168758555	
S1-72808668	
S1-549375730	
S1-515579608	
S1-750673097	
S1-386148937	
S1-567086201	
S1-877453420	
S1-36368763	
S1-939113302	
S1-62645367	
S1-564656539	
S1-408408982	
S1-985173513	
S1-37460954	
S1-742530417	
S1-941553008	S2-381954745,S2-528156161,S3-18883266,S3-423163536
S1-280370233	
S1-877648841	
S1-709898916	
S1-204719901	
S1-131742121	
S1-493520545	
S1-734868978	
S1-219885293	
S1-745327270	
S1-97675871	
S1-556654802	
S1-28754000	
S1-171364407	
S1-357983926	
S1-923674587	
S1-394267059	
S1-25646491	
S1-480987052	
S1-823988170	
S1-912708584	
S1-618944174	
S1-921229920	
S1-958237223	
S1-903349224	
S1-47096877	
S1-880675981	
S1-817024234	
S1-396494537	
S1-539955001	
S1-380415083	
S1-341338896	S2-712416102,S2-739495937,S3-459878088,S3-861940609
S1-514362997	
S1-49491025	
S1-832670778	
S1-951090639	
S1-500310312	
S1-144095823	
S1-65510600	
S1-353250931	
S1-934197430	
S1-83588087	
S1-173359423	
S1-914847760	S3-923100531,S2-174313246
S1-903967532	
S1-952900624	
S1-598186038	
S1-36208538	
S1-188910386	
S1-43871107	
S1-836653949	
S1-17362703	
S1-24161934	
S1-414566240	
S1-750309339	
S1-726711210	
S1-299022169	S2-495988038,S3-276151539
S1-243328599	
S1-910183478	
S1-970226531	
S1-429550901	S2-947569904,S2-334947144,S2-513352594,S3-671010308
S1-469884843	
S1-584636123	
S1-920054354	
S1-459160062	S3-468855067
S1-425059744	
S1-109691132	S2-161566819,S2-830621278
S1-602380222	
S1-455787825	
S1-869164693	
S1-945285068	
S1-468529595	
S1-985051096	
S1-138016499	
S1-266483062	
S1-65455446	
S1-920148194	
S1-725243580	
S1-783129673	S3-65551297
S1-685781470	
S1-847635757	
S1-54650728	S3-473048004
S1-568371179	
S1-351698622	
S1-739911032	
S1-576090285	S3-27680675
S1-483798620	
S1-25120773	
S1-55988561	
S1-574197860	
S1-320200595	
S1-261974714	
S1-504277218	
S1-241015121	
S1-639299340	
S1-455285005	
S1-853155476	
S1-302523897	S3-435334449,S3-142488034
S1-807930388	
S1-906588898	S2-860914280,S3-55104788
S1-66698719	
S1-14713552	
S1-937553125	
S1-421477033	
S1-400410416	
S1-431749762	
S1-183147321	
S1-69294114	
S1-91516975	
S1-552405720	
S1-826848875	
S1-481416672	
S1-118756651	
S1-316983920	
S1-96791582	
S1-114296787	
S1-977979044	
S1-643171369	
S1-798933660	
S1-608352828	
S1-887771980	
S1-576782544	
S1-779877069	
S1-139297384	
S1-265907616	
S1-704571367	
S1-53347038	
S1-295469600	S2-500963925,S3-144904658
S1-678569540	
S1-932948427	
S1-740705181	
S1-613584668	
S1-255447802	
S1-319258867	
S1-454733979	
S1-915520773	
S1-900634839	
S1-168301951	
S1-339563211	
S1-992349266	
S1-719732338	S3-713732066
S1-898625006	
S1-894771390	
S1-464268200	
S1-660511174	
S1-205893255	
S1-512231330	
S1-406865322	
S1-401829856	
S1-531469084	
S1-554214473	
S1-845690626	
S1-729355346	
S1-751315972	
S1-498739332	
S1-283493033	
S1-957366919	
S1-84867568	
S1-347084530	
S1-374301991	
S1-269382571	S2-668594816,S3-78560570
S1-139311832	
S1-449559707	
S1-133293417	
S1-371904317	S3-981744011,S2-450227324
S1-809067285	
S1-984205241	
S1-190374247	
S1-325560367	
S1-224904047	
S1-645247139	
S1-693466154	
S1-222045293	
S1-46125458	S3-914300985,S3-34272226
S1-876328780	S2-418121575,S3-612691510,S3-256093621,S3-903387912
S1-572481264	
S1-111549590	
S1-581234770	
S1-57663946	
S1-492230869	
S1-614845012	
S1-75991321	
S1-750237890	
S1-525191099	
S1-634434741	
S1-277154042	
S1-949017463	
S1-170294633	
S1-298647068	
S1-230990068	
S1-976056362	
S1-436107441	
S1-9260664	
S1-955001568	S3-555212540,S3-512033742,S2-159051503,S2-390385298,S3-403287949
S1-509276353	
S1-944590764	
S1-675198368	
S1-958378313	
S1-731905469	
S1-600107481	
S1-658163015	S2-86870319,S2-819907605,S2-133267498,S2-636099287
S1-653303518	
S1-422851975	
S1-437210896	
S1-542724045	
S1-300794758	
S1-976372409	
S1-826536638	
S1-769207158	
S1-897509668	
S1-21505263	
S1-59535683	
S1-531898849	
S1-896393786	S2-556484537,S2-940523107
S1-266578727	
S1-383072880	S3-401882906
S1-163251426	
S1-497242632	
S1-594350883	
S1-4667912	
S1-354515002	
S1-272855529	
S1-747635452	
S1-376690242	
S1-788250541	S2-965953722,S2-387620076,S3-855646170,S3-868277805
S1-286381783	
S1-170466118	
S1-678502774	
S1-915559306	
S1-709202518	
S1-197486331	
S1-105144904	
S1-627496121	S2-338802127,S2-151793204,S2-95980964,S3-572975881,S3-412441668,S2-266169728
S1-107993540	
S1-629660462	
S1-130437751	
S1-869685854	
S1-310412663	
S1-458821584	S2-743951957,S2-255320328
S1-174411484	
S1-390297982	
S1-942905226	
S1-535024050	
S1-468121063	
S1-968318130	
S1-614270711	
S1-161036796	
S1-737307771	
S1-305141224	
S1-949097863	
S1-789853943	
S1-594575936	S2-788474708,S2-621629794,S2-926955218,S3-203788820
S1-605462009	
S1-579294535	
S1-462890306	
S1-548878654	
S1-888352582	
S1-912022538	
S1-138061702	
S1-954682379	
S1-253168923	
S1-888845024	
S1-558703894	S3-300087902,S2-591004617
S1-362927859	
S1-888888350	
S1-236117598	
S1-121349719	S3-484852616,S2-630769500,S2-973216674,S2-435270093
S1-707038803	
S1-27823582	
S1-460207538	
S1-656086467	
S1-88171299	
S1-600720167	
S1-145237612	
S1-173637371	
S1-17742800	
S1-575749932	
S1-975146749	
S1-333555576	S2-30679998,S2-824079006,S2-709671648,S3-701419077,S2-893758480
S1-617236092	S3-270806997,S2-264937431
S1-741112568	
S1-881680934	
S1-809416398	
S1-612496420	S3-138000918,S3-552481587,S2-65209421,S2-920344350,S3-694715552
S1-125433839	
S1-25428612	
S1-775107991	
S1-653723203	
S1-725721844	
S1-34800594	
S1-729463636	
S1-656315190	
S1-20411953	
S1-23554379	
S1-755596974	
S1-55719139	
S1-839383287	
S1-687064371	
S1-239851136	S2-465482927,S2-75610280,S3-95337314,S3-903020087,S3-333461554,S2-260277403,S3-85143847,S2-199616570
S1-367065806	
S1-361032617	
S1-130421035	
S1-991366287	
S1-348812254	
S1-191730733	
S1-305833797	
S1-411027507	
S1-491047444	
S1-358042790	
S1-968770970	
S1-153446626	
S1-455206950	
S1-399664484	
S1-226544431	
S1-244746930	
S1-60906751	
S1-783661985	
S1-113007213	
S1-703814987	
S1-646333471	
S1-997483440	
S1-794306286	
S1-358017347	S2-628638340,S2-753614889,S3-384803994,S2-263889598,S3-581837554,S3-728616476
S1-364162162	
S1-273308651	
S1-635504022	
S1-453649531	
S1-154266161	
S1-669690641	
S1-376869971	
S1-659151581	
S1-484039596	
S1-54327184	S2-172188079,S2-85576270,S2-83662941,S2-723876669,S2-583552619
S1-196834312	
S1-547352296	
S1-391976264	
S1-466590618	
S1-712845575	
S1-805708205	
S1-769022359	
S1-909002187	
S1-432107614	
S1-991714038	
S1-873654867	
S1-735356833	
S1-145448965	
S1-678316816	
S1-293894845	
S1-971855454	
S1-893918812	
S1-930919497	
S1-878225187	
S1-760109994	
S1-166721116	
S1-494652730	
S1-42157933	
S1-758258004	S3-357185679
S1-727575791	
S1-906270269	
S1-547811866	
S1-745710002	
S1-530411989	
S1-868927343	
S1-211793528	
S1-186347944	
S1-712861229	
S1-233956938	
S1-82328307	
S1-129001521	
S1-365449878	
S1-138167731	
S1-721000393	
S1-994058822	
S1-475625165	
S1-522204951	
S1-9705199	
S1-182096015	
S1-902338084	S3-577920202,S2-982812614,S3-334703800,S2-289362718,S3-392996410
S1-222664877	S2-769875218,S3-530935560
S1-832348961	
S1-845798312	
S1-473491749	
S1-311344058	
S1-118874696	
S1-176119100	
S1-609220225	
S1-635300612	
S1-245480760	
S1-397358582	
S1-967217855	
S1-256233605	
S1-965940230	
S1-916972100	
S1-912306599	
S1-202935778	
S1-941840772	
S1-740399012	
S1-575078132	
S1-107341383	
S1-444143318	
S1-42011484	
S1-248191052	
S1-486199691	
S1-48360456	
S1-839195782	
S1-306862212	
S1-294830644	
S1-157155638	
S1-800869146	
S1-895237550	
S1-557720231	S3-63633065,S2-941897802,S2-597844861
S1-15478289	
S1-81712972	
S1-108162235	
S1-904784121	
S1-238161684	
S1-72346094	S2-13978506,S3-410985492
S1-168773850	
S1-190336599	
S1-96550544	S2-841016845,S2-698308439
S1-180960950	
S1-159437994	
S1-552592939	S3-523720028,S2-491526285,S2-591881770
S1-963442166	
S1-723330875	
S1-487039740	
S1-76837590	
S1-417821159	S2-189587587
S1-143025991	
S1-217829284	S3-368423860,S3-754926312,S2-716368928,S3-679603288,S2-225212287,S2-24362659
S1-559403206	
S1-297157867	
S1-484917299	
S1-886385916	
S1-258616659	
S1-220077939	
S1-290174040	
S1-496146771	
S1-298831074	
S1-605597835	
S1-181888873	
S1-12350714	
S1-284111796	
S1-177477653	
S1-54383817	
S1-211638481	
S1-411735050	
S1-396220852	
S1-272993013	
S1-399504178	
S1-547994760	
S1-89798292	
S1-739023058	
S1-303484187	
S1-348410413	
S1-825235669	
S1-441054967	
S1-459890174	
S1-988339490	
S1-645469393	
S1-628718143	
S1-474496864	
S1-933928197	
S1-877374302	
S1-291092889	
S1-204154614	
S1-87678216	
S1-516175493	S2-139630083,S3-924859914
S1-528892355	S2-898174239,S3-483251124,S3-488141541,S2-332940275,S2-468079146,S3-398775480
S1-788563958	
S1-84038084	
S1-889769751	
S1-586972742	
S1-124048390	
S1-64163622	
S1-327668190	
S1-706591509	
S1-938686708	
S1-836948879	
S1-722257276	
S1-575299030	
S1-26595002	
S1-784615205	
S1-944075989	
S1-782117974	
S1-596542776	
S1-680395122	
S1-619673511	
S1-756781455	S2-11435,S3-647390818,S3-331957104,S3-884436473,S2-557609209
S1-776923282	
S1-589487715	
S1-670855624	
S1-892449496	
S1-412238656	
S1-578993183	
S1-553309916	
S1-67164270	
S1-524128070	
S1-560279977	
S1-739080877	
S1-803856648	
S1-470592035	
S1-523657670	
S1-346437440	
S1-486777306	
S1-796581597	S3-602524110,S3-768265255,S3-832507699,S2-998312388
S1-747809160	
S1-20716862	
S1-185541317	
S1-524687174	
S1-722110759	
S1-72031983	
S1-725193053	S2-553751315,S2-24813304,S3-821906631
S1-938166791	
S1-488918103	S2-430043830,S3-81505976,S3-208263182,S3-815633093,S2-569112342,S3-792739787
S1-806310303	
S1-26024523	
S1-81033383	
S1-258426411	
S1-632522116	
S1-897344929	
S1-953498258	
S1-171810901	
S1-901626593	
S1-962934043	
S1-979654201	
S1-408161436	
S1-396289307	
S1-721216362	
S1-334602482	
S1-277225152	
S1-65040638	
S1-704340002	
S1-478431799	
S1-661765401	
S1-39327496	
S1-805561557	
S1-472166594	
S1-238120053	
S1-780740608	
S1-730153907	
S1-12096646	
S1-794106090	
S1-203809764	
S1-719811684	
S1-741637544	
S1-732670869	
S1-813578888	
S1-510043810	
S1-669261789	
S1-531344974	
S1-515112970	S2-634967351,S3-455607375
S1-592605236	
S1-703670775	
S1-316685580	
S1-416871688	
S1-135693589	
S1-193985170	
S1-389304014	
S1-831042599	
S1-18930402	
S1-651975773	
S1-201166618	
S1-62468020	
S1-358072558	
S1-343838750	
S1-167434455	
S1-973326257	
S1-980777254	
S1-105520454	
S1-272136933	
S1-909918502	
S1-103209961	
S1-370088201	
S1-350367142	
S1-369242282	
S1-451788659	
S1-650581764	
S1-797026859	
S1-403142081	
S1-497695943	S3-820486315
S1-730858161	
S1-430235802	
S1-766056227	
S1-340879746	
S1-21820782	
S1-494483537	
S1-557828789	
S1-621136520	
S1-378401119	
S1-465498416	
S1-138153333	
S1-266373992	
S1-451100292	
S1-480290057	
S1-284906655	
S1-908477978	
S1-898885415	
S1-641740520	
S1-414398500	
S1-573091703	
S1-947076390	
S1-770070104	
S1-725923783	
S1-933197096	
S1-225878812	
S1-51966053	
S1-257554129	
S1-858389247	
S1-336953056	
S1-930281622	
S1-709699601	
S1-825705011	
S1-724382399	
S1-860880192	
S1-406820516	
S1-565164111	
S1-231162300	
S1-214186936	
S1-534291364	
S1-521699242	
S1-377971860	
S1-813852799	
S1-728008510	
S1-249718844	
S1-321267232	
S1-453143492	
S1-789812880	
S1-180634734	
S1-998338114	
S1-99365524	
S1-505995494	S2-272487254,S3-524950143
S1-498662542	
S1-79327243	S2-323765405,S3-896757861
S1-275041789	S2-666140106,S3-529196977
S1-908821145	
S1-764038819	
S1-828945178	
S1-480652994	
S1-941976369	
S1-303324537	
S1-894020311	
S1-437223568	
S1-484210068	
S1-23867334	
S1-905266519	
S1-358575508	
S1-512548389	
S1-238663813	
S1-666052500	
S1-455926374	
S1-308116380	S2-119167221,S3-430848253
S1-736040923	
S1-970361493	
S1-647040528	
S1-645238519	
S1-745213577	
S1-797069775	
S1-28815728	
S1-673727479	
S1-729974434	S3-589341985,S2-453815703,S3-799917969,S2-740983453
S1-26766256	
S1-868413093	
S1-841286822	
S1-751497366	
S1-908262611	S2-97009652,S3-810747413,S2-102283498,S3-792446877
S1-847967218	
S1-851284736	
S1-552288520	
S1-11512818	
S1-253604994	
S1-12303191	
S1-866583028	
S1-108417749	
S1-826627243	
S1-775289906	
S1-905373529	
S1-174512725	
S1-292558545	
S1-228545072	
S1-435759208	
S1-838966002	
S1-9278006	
S1-819314887	
S1-967649673	
S1-951486148	
S1-305534205	S3-284476853,S3-436893080
S1-212545345	
S1-489509439	
S1-387993422	
S1-192906326	S2-631595366
S1-17011686	S2-445355218
S1-857836733	
S1-544475067	
S1-739087648	
S1-535484023	
S1-502608780	
S1-376741621	
S1-613663543	
S1-714188364	S2-724265398,S3-458944734
S1-189989535	
S1-57348803	
S1-761120357	
S1-624575817	
S1-991015460	
S1-147962267	
S1-804963540	
S1-774824933	
S1-356211927	
S1-737805044	
S1-243632678	
S1-330218733	
S1-441277146	S2-700490997
S1-652110367	
S1-589328511	
S1-204399694	
S1-230513386	
S1-903336553	
S1-970639024	
S1-544666391	
S1-681510091	
S1-883565059	S3-205985439,S2-987117004,S2-913825910,S3-520110600
S1-654199060	
S1-399903061	
S1-145678219	
S1-670333488	S2-264649633,S3-43991527,S3-333654884,S2-489483967,S2-644693420
S1-530769350	
S1-44232122	
S1-365544771	
S1-254128289	
S1-524551191	
S1-160893900	
S1-438330606	
S1-973180874	
S1-507468988	
S1-464381117	
S1-1138216	
S1-139100651	
S1-29041525	
S1-654278454	
S1-251409558	S3-26490019,S2-160934152,S3-28337829
S1-782822775	
S1-568708464	
S1-855228346	S3-968383284,S3-610231926
S1-611992048	
S1-734003640	
S1-74420976	
S1-314104726	
S1-909535433	
S1-498541945	
S1-12208827	
S1-552522886	
S1-801769860	
S1-439852580	
S1-931741313	
S1-158815426	
S1-450001604	
S1-468790867	
S1-935008062	
S1-798370113	
S1-638274726	
S1-250172835	
S1-476204792	
S1-287450353	
S1-474445808	
S1-814719853	
S1-931075904	
S1-99590522	
S1-175184662	
S1-788195131	
S1-569122744	
S1-650718676	
S1-688616060	
S1-535491014	
S1-759711962	
S1-84537431	
S1-246297754	
S1-521653893	
S1-870215267	
S1-190583520	S3-347487188
S1-892383304	
S1-84108715	
S1-996721261	
S1-379286660	
S1-920972400	
S1-390427103	
S1-91695956	S3-552231290,S3-822359231
S1-328715017	
S1-711772242	
S1-541656298	
S1-641368941	
S1-699270073	
S1-69198834	S2-489183766,S3-941717469,S2-455183590,S3-35847993
S1-762095076	
S1-334396709	
S1-103774345	
S1-203146058	
S1-130196680	
S1-554503611	
S1-912390082	S3-972952110,S3-624019117,S3-251592986,S2-932276544
S1-804605737	
S1-142019193	
S1-718532501	
S1-457047009	
S1-661675245	
S1-229740967	
S1-810573525	
S1-740978619	
S1-322233707	
S1-199549058	
S1-905059574	
S1-84166329	
S1-473027154	
S1-382142356	
S1-619780706	
S1-790686489	
S1-796692615	
S1-318677221	
S1-957685643	
S1-386463644	
S1-942270965	
S1-311753208	
S1-196668262	
S1-472927732	
S1-730786368	
S1-691557038	
S1-853880216	
S1-73600975	
S1-596889466	
S1-205064391	
S1-144087695	
S1-964165126	
S1-139555987	
S1-590201672	
S1-137257982	
S1-339905351	
S1-429779999	
S1-995615193	
S1-570692468	
S1-312419442	
S1-896106835	
S1-701357888	
S1-219634529	
S1-958450066	
S1-756951282	
S1-951193405	
S1-541519997	
S1-150454317	S3-762745334,S2-764690129,S3-884784713
S1-544862368	
S1-732487806	
S1-503216720	
S1-424698017	
S1-933323901	
S1-708716740	
S1-303334276	
S1-516933073	
S1-36050375	
S1-555303238	
S1-667310414	
S1-195378523	
S1-940272613	
S1-444178781	
S1-985574130	S3-258028415,S2-863921089
S1-911926928	
S1-1402888	
S1-337732106	
S1-522998211	
S1-656762946	
S1-95667377	
S1-438110207	
S1-135290003	
S1-237567478	
S1-95655880	
S1-971033734	
S1-35777895	
S1-96555188	
S1-730692833	
S1-471502432	
S1-70052829	
S1-324095177	
S1-893517506	
S1-178948263	
S1-605895393	
S1-468257897	
S1-9212356	
S1-51476437	
S1-539732459	
S1-505268768	
S1-27383742	
S1-332784262	
S1-935581529	
S1-617103528	
S1-613467933	
S1-950002257	
S1-705625037	
S1-296043385	
S1-334139215	
S1-803180607	
S1-255931636	
S1-385689582	
S1-103695802	
S1-292152543	
S1-263952554	
S1-327216832	
S1-15402070	
S1-459628757	
S1-350939226	
S1-439981855	
S1-541914170	
S1-12848703	
S1-590749311	
S1-391890388	
S1-993578816	
S1-580431107	S2-827029663,S2-293285596
S1-609764415	
S1-814040695	S2-318756664,S2-705387926,S3-376360497
S1-27105349	
S1-764889964	
S1-754991656	
S1-453503179	
S1-931406813	
S1-2498176	
S1-816817943	
S1-276349065	
S1-180707015	S2-386602662,S3-766532382
S1-689188083	
S1-792331828	
S1-727527182	
S1-527903247	
S1-644981951	
S1-766894881	
S1-735970563	
S1-690536942	
S1-551289636	S2-547931633,S2-682616859
S1-543125605	
S1-908156332	
S1-211634162	
S1-555318685	
S1-204406601	
S1-700070808	
S1-275067238	
S1-648485953	
S1-925912398	
S1-570282434	
S1-311940741	S2-930163835,S3-516011380
S1-843244716	
S1-426287797	
S1-580232060	
S1-945209755	
S1-309989975	
S1-197518980	
S1-341215851	
S1-196654030	
S1-631341846	S2-423865938
S1-688740188	
S1-374616831	
S1-431144790	
S1-913189848	
S1-666748945	
S1-108516360	
S1-774520755	
S1-448284064	
S1-229149106	
S1-256404733	
S1-704618021	
S1-524873838	
S1-715880149	
S1-238321119	
S1-994034989	
S1-28726877	
S1-345057940	
S1-284018056	S3-84240321,S2-418928048,S2-473618689
S1-616619540	
S1-816883795	
S1-570561327	
S1-805695000	
S1-322404813	
S1-487994170	
S1-305174828	
S1-893658313	
S1-625868383	
S1-847268467	S2-137071027,S2-95838433
S1-830864109	
S1-430516061	
S1-784000225	
S1-543549714	
S1-126219041	
S1-104734115	
S1-390537573	
S1-555057738	
S1-937646149	
S1-973690337	
S1-174035059	
S1-756758806	
S1-116622058	
S1-219328684	
S1-961208646	
S1-4828702	
S1-111171787	
S1-682292932	
S1-640152724	
S1-296480612	
S1-936159398	
S1-499868468	
S1-402042976	
S1-860200600	
S1-297627301	
S1-131263157	
S1-109296515	S3-169950267,S2-181421343,S3-135519315
S1-408964941	
S1-556143790	
S1-453053069	
S1-654754803	
S1-167022006	
S1-858030375	
S1-163206008	
S1-582413421	
S1-582540929	
S1-472237109	
S1-928600904	
S1-671474435	
S1-737158724	
S1-548060651	
S1-732953640	
S1-476688356	
S1-325610511	
S1-562129184	
S1-165690955	
S1-467564085	
S1-191670638	
S1-93492708	
S1-429643736	S2-930820847,S3-532216641
S1-934358941	
S1-858299304	
S1-772952652	
S1-494629982	
S1-922787374	
S1-495169722	
S1-880672007	
S1-163153908	S2-403209238,S2-560653025,S3-348703121,S3-908176698
S1-939949427	
S1-757014973	
S1-236611120	
S1-479787974	
S1-428447915	
S1-916519539	
S1-135059044	
S1-604997355	
S1-319459507	
S1-985819974	
S1-662897932	
S1-69010076	
S1-404000997	
S1-3727703	
S1-225101506	
S1-257052158	S2-555159702,S2-991434467,S3-29758854,S3-825736973
S1-148307787	
S1-965433090	
S1-39174905	
S1-561526766	
S1-29122030	
S1-62619535	
S1-379834690	
S1-514021973	
S1-3001357	
S1-558887815	
S1-835113523	
S1-484684425	
S1-728080300	
S1-170930385	
S1-281262138	
S1-866148634	
S1-733177135	
S1-683774201	
S1-207971916	
S1-269508700	
S1-605095913	
S1-613921416	
S1-718260216	
S1-799274142	
S1-629525066	
S1-425874330	
S1-748195963	
S1-403801508	
S1-952367177	
S1-475175648	
S1-29546157	S2-549174106,S3-942131648,S2-639085017,S2-895761304,S2-137000964,S2-688827044
S1-556626124	
S1-384939549	
S1-745842312	
S1-226137354	
S1-491194804	S3-323486365,S3-527728037
S1-652208532	
S1-390285287	
S1-313200493	
S1-283565437	
S1-202867155	
S1-443590784	
S1-817491718	
S1-97085823	
S1-270091860	
S1-177761000	
S1-999739387	
S1-142037019	
S1-467101030	
S1-321417841	
S1-725044637	S2-923173201,S2-495219797,S3-79235361,S3-923057488
S1-866832620	
S1-33260101	
S1-882686970	
S1-618796838	
S1-586645997	
S1-513886302	
S1-357764132	
S1-711560110	
S1-77024154	
S1-960619753	
S1-276291251	
S1-542231911	
S1-838613378	
S1-914133402	
S1-131445778	
S1-703311465	
S1-22174908	
S1-184904030	
S1-276082846	
S1-653870372	
S1-573157844	
S1-257199665	
S1-752168815	
S1-149750053	
S1-691738213	
S1-472377955	
S1-923702046	
S1-254868310	
S1-207491251	
S1-560882243	
S1-330687180	
S1-670449425	
S1-162500377	
S1-671565447	
S1-442024916	
S1-206649373	
S1-401342428	
S1-8880137	
S1-152456198	
S1-86825320	
S1-70832731	
S1-147517267	
S1-384899251	
S1-395157181	
S1-892075754	
S1-53886888	
S1-378869350	
S1-151390294	
S1-114100687	
S1-9348591	
S1-565902016	
S1-792473622	
S1-567836458	S2-313310255,S3-646911879
S1-328386963	
S1-399851975	
S1-10280612	
S1-114663913	
S1-641226743	
S1-906324869	
S1-336391976	
S1-756890913	
S1-269802305	
S1-58575572	
S1-358397078	
S1-186669020	
S1-980469919	S3-630833498,S3-869778639
S1-394028051	
S1-427054535	
S1-104486692	
S1-14040442	
S1-514746182	
S1-191615021	
S1-504817798	S3-61067900,S2-753815243,S2-848700779
S1-186883731	
S1-362724033	
S1-948986713	
S1-905362040	
S1-422710122	
S1-686059364	
S1-528124567	
S1-849285815	
S1-880306991	S2-200517111
S1-567899495	
S1-545995895	S3-623903104,S2-194010734
S1-743645514	
S1-698436629	
S1-749147424	
S1-348563153	
S1-856765104	
S1-389024186	
S1-458419541	
S1-927963632	
S1-228150140	
S1-545428870	
S1-674527779	
S1-278186747	
S1-404465167	
S1-476936048	
S1-752818386	S2-446852717
S1-232958254	
S1-888795701	
S1-153861183	S3-105074443
S1-38491770	
S1-971154584	
S1-438294777	
S1-447295053	
S1-63511887	
S1-979163693	
S1-318820315	
S1-445966383	
S1-314081829	
S1-113529622	
S1-984016960	
S1-199107673	
S1-658200806	S2-69344964,S2-93439230
S1-4391909	
S1-390459373	
S1-24093101	
S1-276355426	
S1-313598612	
S1-283894907	
S1-605838387	
S1-736507898	S3-597936802,S2-381254859,S3-345144459
S1-62096524	
S1-386308562	
S1-558685309	
S1-554678902	
S1-749597277	
S1-362019271	
S1-946198732	
S1-433742754	
S1-183867424	
S1-440807755	
S1-489804524	S2-771443285,S2-177058792,S3-471781196,S3-9389116
S1-46545244	
S1-734780892	S3-515257116,S3-680803596
S1-836956958	
S1-571772300	S2-230333692
S1-467927299	
S1-289145071	
S1-183621776	
S1-420447687	
S1-842917402	
S1-996698716	
S1-628967109	
S1-833223270	S2-973093924,S3-882196585,S2-726578412
S1-845636598	
S1-479131933	
S1-325102994	
S1-515984387	
S1-930655026	
S1-460258109	
S1-501418989	
S1-660097009	
S1-620334723	
S1-943231875	
S1-981552811	
S1-135831521	
S1-41644320	
S1-256131887	
S1-334454790	
S1-277310972	
S1-5276879	
S1-647821353	
S1-22920497	
S1-67755638	
S1-978703426	
S1-521105819	S2-856945657,S3-687213517
S1-525832066	
S1-12874490	
S1-674507926	
S1-846550656	
S1-853032189	
S1-373321047	
S1-574099822	
S1-445165599	
S1-401830671	
S1-991671970	
S1-707305248	
S1-310506733	
S1-530973688	S2-22935626,S3-514108823
S1-220624069	
S1-317776711	
S1-799628919	
S1-595554606	S3-86397018,S3-716918997,S2-197919819,S2-326818024
S1-232890678	S2-165488780,S3-567875681
S1-413017315	
S1-279584594	
S1-887745792	
S1-792783367	S3-168044733
S1-14560177	
S1-323540068	
S1-113972279	
S1-941697983	
S1-327939522	
S1-36482818	
S1-564695887	
S1-819705056	
S1-203686928	S2-929582966,S3-608064497,S2-892956982,S2-108674213
S1-862191351	
S1-576374391	
S1-466070985	
S1-318632997	
S1-732696987	
S1-107870838	
S1-826120372	
S1-440600145	
S1-239866651	
S1-824776246	
S1-55302001	
S1-783742504	
S1-855982717	
S1-270877495	
S1-911089997	
S1-880132309	
S1-774492929	S2-609918972,S3-785036601,S2-143003944
S1-79466655	
S1-92213695	S3-454564066
S1-326728372	
S1-180543512	
S1-103654682	
S1-348814655	
S1-874724071	
S1-605163939	
S1-208523706	S3-730592675,S2-894251281
S1-785121596	
S1-923822540	
S1-668141548	
S1-123895114	
S1-657808850	
S1-599982725	
S1-348896585	
S1-138433596	
S1-486181984	
S1-134464584	
S1-225185151	
S1-724227217	
S1-713216200	
S1-266758286	
S1-817913931	
S1-356432919	
S1-655180972	
S1-341297023	
S1-906330858	
S1-996420920	
S1-752908501	
S1-993288739	
S1-793918416	
S1-495884538	
S1-628397573	
S1-389584143	
S1-874748765	
S1-470253998	S2-342587787,S3-509587567,S3-891993288,S3-409049906
S1-785327273	
S1-327662270	
S1-340706773	
S1-849242536	
S1-348539673	
S1-834904326	
S1-628905349	
S1-122862632	
S1-726076423	
S1-182350090	
S1-378644993	S3-793655572,S3-535562598,S2-304882250
S1-401658262	S2-974747288
S1-552012286	S2-129197288,S2-781063320
S1-937360664	
S1-397189625	
S1-583273348	S2-507675082,S3-859523535,S2-915896796
S1-437712452	
S1-760445782	S2-309847747,S3-219017194,S2-874176623,S2-184425538,S3-714441031
S1-53265628	
S1-99603256	
S1-87160217	
S1-950754268	
S1-604982372	
S1-773469960	S3-991801105,S3-358426073,S2-935188250
S1-18146877	
S1-281475989	
S1-320794639	
S1-428812816	
S1-994180531	
S1-732935039	
S1-395578487	
S1-593937140	
S1-223371032	
S1-596471555	
S1-768619125	
S1-569504803	
S1-193540193	
S1-893375618	S3-596480204,S2-961459314
S1-351464358	
S1-777017513	
S1-686630235	S2-253557139,S3-33864493
S1-824957909	
S1-97835920	
S1-690396162	
S1-428599493	
S1-465351330	
S1-843704705	
S1-827318572	
S1-967965473	
S1-667995742	
S1-269883148	
S1-761895442	
S1-49926644	
S1-813740518	
S1-652857711	
S1-776834601	
S1-28612433	
S1-772946236	S2-968146931
S1-133711830	
S1-314344432	
S1-256656306	
S1-998740804	
S1-42030785	
S1-322626831	
S1-584483722	
S1-849958134	
S1-541331943	
S1-321635562	
S1-832544227	
S1-73381745	
S1-272028738	
S1-766499784	S3-694833047,S3-323220654
S1-804305350	
S1-902062517	
S1-797549422	
S1-999328178	
S1-727487817	
S1-75214570	
S1-343665491	
S1-280043667	
S1-66186440	
S1-583206932	
S1-789983716	
S1-459614478	
S1-4862092	
S1-568790156	
S1-13868352	
S1-969811732	
S1-711580408	
S1-683529481	
S1-905817254	
S1-233796577	
S1-823221255	
S1-966063862	
S1-706986852	
S1-197466721	
S1-176978167	
S1-576075757	
S1-282576498	
S1-841066213	
S1-61299283	
S1-408511121	
S1-116924607	
S1-534111275	
S1-591648574	
S1-563905169	
S1-22542330	
S1-962392306	
S1-723712935	
S1-145515920	
S1-344374526	
S1-684755998	
S1-532272164	
S1-193332581	
S1-560840739	
S1-713034373	
S1-440113627	
S1-171250350	
S1-970500480	S2-244917684,S3-329857070,S2-685321806
S1-993656689	
S1-691126076	
S1-346251972	
S1-97108514	
S1-102266300	
S1-831359965	S3-268595105
S1-925374929	
S1-42952122	
S1-144637922	
S1-913805861	
S1-777742665	
S1-428606408	
S1-353004769	
S1-529596030	
S1-102541475	
S1-416392809	
S1-24397495	
S1-345549588	
S1-457099649	
S1-337791694	
S1-528223073	
S1-758853550	
S1-999591765	
S1-984989714	
S1-818291842	
S1-115172111	S2-508896891,S2-71201522,S3-191134528,S2-749746565,S3-936704151
S1-355666451	
S1-257205797	
S1-356281909	
S1-900806743	
S1-892247930	
S1-453643633	
S1-954870008	S2-962364153,S3-858910234,S2-38124310,S3-617687293
S1-333866010	
S1-151021688	S3-379504438,S2-414313693,S3-425543879
S1-921163385	
S1-107466872	
S1-830916404	
S1-428813087	
S1-863365038	
S1-177923026	
S1-210454357	
S1-198691473	
S1-872371033	
S1-295086280	
S1-402431425	S2-580844969,S3-954560208
S1-560469974	
S1-375128633	
S1-209052632	
S1-107862947	
S1-152109876	
S1-136402753	
S1-219924065	
S1-278336163	S2-774364445,S2-623197083,S3-766679280,S3-574355121,S2-742034953
S1-678665536	
S1-328047827	
S1-343593475	
S1-748644596	
S1-781532852	
S1-695235601	S2-142794951,S3-72716077,S3-724359862
S1-144365403	
S1-73030398	
S1-661226062	
S1-358208096	
S1-274730103	
S1-537776002	
S1-749322819	
S1-651250159	
S1-450414076	
S1-142091243	S2-144543207,S3-175368144
S1-407131648	S2-759234545,S2-648097844
S1-965935851	
S1-705937456	
S1-802329272	
S1-208855567	
S1-482864874	
S1-549456793	
S1-193929605	
S1-821044604	
S1-914977624	
S1-939610655	
S1-379625157	
S1-24009279	
S1-482576887	S2-743101506,S3-751638431
S1-49782489	
S1-957846640	
S1-30507710	
S1-391995593	
S1-833939658	
S1-659782555	
S1-860620003	
S1-566474675	
S1-811326044	
S1-109813566	
S1-40105414	
S1-604792196	
S1-602447358	
S1-325914083	
S1-121062032	
S1-525427336	
S1-463832935	
S1-191453429	
S1-39594537	
S1-977166958	
S1-200002407	
S1-47826850	
S1-443351226	
S1-189084326	S3-359479316,S3-942537947,S3-259473154,S3-631091919
S1-901348599	
S1-856903591	
S1-114879685	S2-90903247,S3-944019340
S1-399924046	
S1-150658920	
S1-800777255	
S1-90572802	
S1-124651200	
S1-467231907	S3-773957326
S1-927998048	
S1-481570328	S2-171434258
S1-331958827	
S1-746787192	S2-811490791
S1-590715811	
S1-491232758	
S1-514615419	S2-704079566,S3-864961175
S1-948274589	
S1-677859512	
S1-879355024	
S1-70237247	
S1-938690687	
S1-270024818	
S1-999000625	
S1-829150577	
S1-753924718	
S1-11993559	
S1-817622749	
S1-387340068	
S1-507832322	
S1-241913180	
S1-898003899	
S1-304964996	
S1-138983379	
S1-57138672	
S1-129703790	
S1-545912916	
S1-196241652	
S1-216163959	S2-202037115,S2-446459185
S1-861410591	
S1-306613928	
S1-135343637	
S1-257451642	
S1-16306132	
S1-566065136	
S1-485588762	
S1-984384803	
S1-381401452	
S1-75182966	
S1-187290097	
S1-585513926	
S1-821334916	
S1-604292553	
S1-642909409	
S1-497687687	
S1-324488496	
S1-756703571	
S1-344535373	
S1-668437739	
S1-785171313	
S1-574684025	
S1-262926714	
S1-118169938	
S1-706040206	
S1-202447967	
S1-77738742	
S1-940601866	
S1-578033647	S3-527967445,S2-352188652,S2-508299064
S1-785477366	S3-363462152,S3-420895332
S1-800119748	
S1-615674825	
S1-88690702	
S1-957641186	
S1-38840263	
S1-381553996	
S1-686942718	
S1-295624140	
S1-548496581	
S1-519533891	
S1-308917983	S3-836530907,S2-925175327,S3-958633355
S1-301984798	
S1-276204040	
S1-238820226	
S1-939196886	
S1-273453108	
S1-970925155	
S1-147448068	
S1-578025963	
S1-649231261	
S1-98637216	
S1-939834641	
S1-856979015	
S1-199912895	
S1-844992507	
S1-135376752	
S1-443956466	
S1-53922242	
S1-398970655	
S1-456957093	
S1-752763283	
S1-657011733	
S1-501720936	
S1-699578638	
S1-532716583	
S1-292048378	
S1-287614336	
S1-51425563	
S1-68902071	
S1-650725105	
S1-414041440	S2-10331499,S3-33355910
S1-513928120	
S1-182692064	
S1-564450241	
S1-738461679	
S1-184903682	
S1-263110551	
S1-651129534	
S1-527429785	
S1-283771817	
S1-50092772	
S1-195642599	
S1-545084607	
S1-266662664	S3-832659324,S3-694373226
S1-381953336	
S1-52428776	
S1-89492820	
S1-455563769	
S1-896982467	
S1-138254594	
S1-27117308	
S1-743235738	
S1-469091166	
S1-122018872	
S1-927760587	
S1-226235199	
S1-389448781	
S1-213984358	
S1-699922990	
S1-522244198	
S1-287425347	
S1-178249877	
S1-704932772	
S1-715314327	
S1-601540251	
S1-578767920	
S1-447134722	
S1-683371522	
S1-909414975	
S1-318614201	
S1-443423436	
S1-978151703	
S1-862046053	
S1-750833904	
S1-490373687	
S1-155774630	
S1-522819214	
S1-190769024	
S1-21234910	
S1-691480881	
S1-433218071	
S1-371447011	
S1-169970551	
S1-425039868	
S1-274012448	
S1-511149522	
S1-380886438	
S1-593373906	
S1-375068386	
S1-346110920	
S1-60489675	
S1-717259432	
S1-313522754	
S1-613311355	
S1-45948533	
S1-583572943	
S1-654319788	
S1-197104275	
S1-654050684	
S1-7043449	
S1-36904828	
S1-465503570	S2-859724,S3-243711809,S3-468494285,S3-194525693,S3-766269818
S1-979334759	S2-373860003,S2-87439438,S3-419640155
S1-627553118	
S1-661974344	
S1-112548959	
S1-902423230	
S1-142024710	
S1-48623715	
S1-512834916	
S1-306864184	
S1-549400388	
S1-771430573	
S1-257071106	
S1-316468889	
S1-916349902	
S1-472008245	
S1-978099771	S2-295190915,S3-876366802
S1-734832115	
S1-964921886	
S1-969428862	
S1-231301945	
S1-340322205	
S1-996706762	
S1-589882029	
S1-401794586	
S1-365290028	
S1-256898360	
S1-599717906	
S1-954456785	
S1-878028213	
S1-898669314	
S1-969961536	S2-104059027,S2-262403343,S2-764680994,S3-296189321
S1-712699370	
S1-615728127	
S1-204753392	
S1-501879375	
S1-305816766	
S1-520167499	
S1-211658021	
S1-634783129	S3-506900322
S1-24709659	
S1-285911719	
S1-345099682	
S1-450994468	S3-38928725,S3-650534009
S1-299854059	
S1-367347915	
S1-354974856	
S1-743860659	
S1-93415566	
S1-754227680	S2-277790735,S3-51002179,S3-714622047,S3-830071612
S1-415318979	
S1-311551859	
S1-449385357	
S1-138570706	
S1-510407112	
S1-688737552	
S1-264230892	
S1-940135455	
S1-11598270	
S1-286046900	
S1-595036152	
S1-519439738	
S1-515753417	
S1-860815405	
S1-868653897	
S1-498318497	
S1-932627813	
S1-890181492	
S1-773688774	
S1-533440056	
S1-483338596	S3-776023337,S2-940661313
S1-280241779	
S1-571908293	
S1-189754722	
S1-885634056	
S1-776211742	
S1-262018893	
S1-307354514	
S1-124915979	
S1-187267643	
S1-443846699	
S1-255730258	
S1-148635355	
S1-75295306	
S1-110116477	
S1-401052423	
S1-256294247	
S1-466299046	
S1-316083056	
S1-838408237	
S1-384930548	
S1-584898715	
S1-703203309	
S1-358204103	S3-637431385,S3-344086405
S1-994528923	
S1-94023809	
S1-16623425	
S1-374087184	S2-136404663,S3-197932807,S3-397302793,S2-139819681,S3-172103332
S1-63590270	
S1-178099093	
S1-712668082	S3-184932559,S3-929817404
S1-978085452	
S1-282039817	S2-348073616,S3-241976553
S1-728237267	
S1-719013917	
S1-325095739	
S1-508950511	
S1-470499440	
S1-281859716	
S1-866841435	
S1-837820535	
S1-556710718	
S1-737820891	
S1-532353688	
S1-92275764	S2-339313170,S2-954279190
S1-918442913	
S1-102917255	
S1-996532567	
S1-504627734	
S1-300813794	
S1-445922487	
S1-639008028	
S1-544918204	
S1-668985317	
S1-164271119	
S1-23156749	
S1-717417064	
S1-375153527	
S1-151042377	
S1-35444585	
S1-416464135	
S1-405580985	
S1-24566021	
S1-224395202	S3-920071843
S1-222892908	
S1-818836999	
S1-892636549	
S1-11113383	
S1-309135648	
S1-978812604	
S1-844296873	
S1-95189615	
S1-409410225	
S1-134484414	
S1-975385579	
S1-763218236	
S1-546065600	
S1-175832219	
S1-11779675	S2-428236266,S3-501977772,S3-93140514
S1-704938054	
S1-589534866	
S1-959157621	
S1-482730610	
S1-891833169	
S1-814824149	S2-85839787,S2-341927162,S2-829364171,S3-825692326
S1-570946231	
S1-660260690	S2-321472692,S3-10620693,S3-646010045,S2-207421278,S2-610991116
S1-292466745	
S1-940689739	
S1-873938655	
S1-448730534	
S1-303458494	
S1-203498444	
S1-941131386	
S1-619859519	
S1-255023470	
S1-71474218	
S1-329589762	
S1-939008721	
S1-3877120	
S1-165377342	
S1-548573831	
S1-849611087	
S1-423368851	S2-413884570
S1-918479211	
S1-175836341	
S1-751727523	
S1-372708994	
S1-872102350	
S1-15993859	
S1-356697207	
S1-121125866	
S1-319607821	
S1-400670204	
S1-817116959	
S1-663064460	
S1-658344904	
S1-247201393	
S1-766153218	
S1-264571724	
S1-870827144	
S1-138393234	
S1-962260613	
S1-369168321	
S1-636193518	
S1-918424483	
S1-318047698	S3-418861552
S1-650675769	
S1-735949920	
S1-835179092	
S1-881135848	
S1-566019346	
S1-440739498	S2-822686829,S2-6806137,S2-532507673,S3-68093492,S3-78300630,S2-695688689
S1-960726701	
S1-84650797	
S1-609239358	
S1-405373391	
S1-223973004	
S1-574573094	
S1-115882065	
S1-956655898	
S1-317043365	
S1-793493513	
S1-792062501	S3-879693264,S3-506725400,S3-689079147,S2-287870706
S1-977946490	
S1-790574908	
S1-694118499	
S1-996050074	
S1-287941583	
S1-529217298	
S1-198716595	
S1-375044030	
S1-978068589	
S1-905601691	
S1-477253748	
S1-898104276	
S1-630276514	
S1-718591982	
S1-821246382	
S1-821784670	
S1-987092443	
S1-825361407	
S1-273724778	
S1-465192680	
S1-357241153	
S1-326190772	
S1-376536266	
S1-174261615	
S1-470859912	
S1-765092243	
S1-635681639	
S1-952541177	
S1-37855827	
S1-963835409	
S1-694284818	
S1-54404121	S3-679895396,S2-475801390
S1-396068150	
S1-15273037	
S1-115569815	
S1-152445068	
S1-248988002	
S1-142248488	
S1-741037427	
S1-41196226	
S1-239160370	
S1-659577565	
S1-48663745	
S1-836505432	
S1-350224835	
S1-85448089	
S1-533289129	
S1-589249751	
S1-734552650	
S1-493976294	
S1-917957695	
S1-993509824	
S1-486480375	
S1-23635612	
S1-103949877	
S1-419083158	
S1-994282589	
S1-365797892	
S1-648521710	
S1-438258549	
S1-785130154	
S1-521307914	
S1-639611661	
S1-665395640	
S1-646530838	
S1-275884729	
S1-794184449	
S1-269022781	
S1-429981290	S3-496755377,S2-385382498
S1-446638249	
S1-671420831	
S1-873511399	
S1-148463365	
S1-151960148	
S1-164703848	
S1-773603870	
S1-895029402	
S1-356808569	S2-216947855,S3-45997270,S3-368345270,S3-631124875,S2-682431383
S1-521791349	
S1-891373465	S2-896676634,S3-391829974
S1-339794592	S2-121522371,S2-46788538
S1-316329486	S3-597175575,S2-258264337,S3-726187979,S2-861507979,S3-908914354,S3-976746989
S1-619756824	
S1-612786743	
S1-696785150	
S1-380682378	S2-801641738
S1-231026806	
S1-23497720	
S1-675841849	
S1-139230501	
S1-956810604	
S1-918134909	
S1-487113768	
S1-84163163	
S1-679868761	
S1-821393362	
S1-547871540	
S1-154444158	
S1-798956191	
S1-679434271	
S1-36994447	
S1-57717999	
S1-689636486	
S1-37377298	
S1-735946893	
S1-303060519	
S1-997527138	
S1-521735550	
S1-606974168	
S1-789788664	
S1-339774668	S2-895049501,S3-690881582,S2-122971455,S2-476750555
S1-833251371	
S1-200950699	
S1-905716868	
S1-688265973	S3-243333711,S3-499529003
S1-646986137	
S1-593600358	
S1-208471175	
S1-476694417	
S1-36514164	
S1-942909640	
S1-904486846	
S1-641747551	
S1-353445875	
S1-267882956	
S1-907412371	
S1-667809122	
S1-546131199	
S1-597326699	
S1-257503711	
S1-205503570	
S1-482877957	
S1-155796103	
S1-812584888	
S1-742245564	
S1-941994352	
S1-200229569	
S1-590578012	
S1-316409418	
S1-574474642	S3-282532781,S3-499504947,S2-365320080
S1-244876063	
S1-303228184	
S1-428580483	
S1-579350468	
S1-686863050	
S1-300575731	
S1-17578179	
S1-895298216	
S1-610724210	
S1-461817158	
S1-80349054	
S1-869573305	
S1-191142284	
S1-840325386	S3-364776587
S1-831260831	
S1-976084868	
S1-969605363	S3-308088098,S3-574179602,S2-552634501
S1-59732586	S3-646237386,S3-303524790,S3-316670613
S1-642021685	
S1-528991924	
S1-758682448	S2-385185969,S2-875782641,S3-866652998,S2-607838617
S1-493410012	
S1-677219137	
S1-508241053	
S1-472005152	
S1-701400395	
S1-977850642	
S1-12819640	S3-250827115,S3-157364325,S2-423497491,S3-658965874
S1-37124577	
S1-714834735	
S1-64977895	
S1-718118348	
S1-898106464	
S1-89086614	
S1-824821587	
S1-56101189	
S1-715840485	
S1-411365128	
S1-196000740	
S1-743474649	
S1-384943678	
S1-664522783	
S1-854929447	
S1-89039031	
S1-103529673	
S1-569253219	S3-485971884
S1-826139719	
S1-444170117	
S1-655637739	
S1-267181873	
S1-866187998	
S1-601123226	
S1-450428831	S3-865321939
S1-51814249	
S1-945156307	
S1-956028226	
S1-872066882	
S1-141278762	
S1-338297917	
S1-610044920	
S1-757762609	
S1-654285275	
S1-339210441	
S1-627618137	
S1-569560758	
S1-331890905	
S1-255812703	
S1-468993149	
S1-782528633	
S1-236067495	
S1-566529001	
S1-202300296	
S1-43858905	
S1-479511876	
S1-343492052	
S1-467630343	
S1-776938684	
S1-196110047	
S1-124485993	
S1-6583178	S2-534492950,S3-499302339
S1-688087389	
S1-20377652	
S1-258987551	
S1-781143938	
S1-728437419	
S1-187324456	
S1-791455065	
S1-358513507	
S1-163450452	
S1-851435195	
S1-561244541	S3-189433475,S2-535574739
S1-730300109	
S1-592877828	
S1-439199461	
S1-81883255	
S1-166929855	
S1-124748961	
S1-20462046	
S1-168674982	
S1-289513907	
S1-667675539	
S1-616332297	
S1-795107791	
S1-780831037	
S1-594984076	
S1-81220873	
S1-475814715	
S1-49071655	
S1-781391897	
S1-361233814	
S1-632058871	
S1-442736616	
S1-8671920	
S1-210102081	
S1-828044776	
S1-840941993	
S1-733050281	
S1-711602232	
S1-70551254	
S1-927196755	
S1-584312556	S3-269286718
S1-611419583	
S1-803986960	
S1-981939326	
S1-315756020	
S1-223548718	
S1-954530696	
S1-623725788	
S1-380921894	
S1-576834947	
S1-715382352	
S1-282925265	
S1-521858015	
S1-630462144	
S1-316585996	
S1-564581582	
S1-586504895	
S1-513780301	
S1-823725049	
S1-264459665	
S1-775589959	
S1-422149038	
S1-913195297	
S1-185527010	S2-245584671
S1-868697212	
S1-594423421	
S1-704777875	
S1-351231331	
S1-426836686	
S1-769511181	
S1-621323701	
S1-502101545	
S1-320298157	
S1-164060206	
S1-411567121	S2-177163917,S2-832246451
S1-226647204	S3-597694287,S2-641180753,S2-247037314,S3-378797178
S1-190499052	
S1-737088734	
S1-229295478	
S1-51047217	
S1-116440831	
S1-981854223	
S1-469102606	
S1-395869537	
S1-425055464	
S1-369414325	
S1-908826050	
S1-246769450	
S1-84685083	
S1-398829817	
S1-459402423	
S1-595015689	
S1-625093210	
S1-733672323	
S1-545524803	S3-822626994,S2-705778415,S2-993139068,S3-417995903
S1-175990771	
S1-769154366	
S1-643286795	
S1-738682864	
S1-881435836	
S1-222290927	
S1-299543916	
S1-939529633	
S1-950203051	
S1-645637872	
S1-169831166	
S1-448836914	
S1-500650454	S2-803095898,S3-397661897
S1-868162580	
S1-901472583	
S1-691482699	
S1-642637365	
S1-592002136	
S1-682934734	
S1-53874980	
S1-889298428	
S1-11228641	
S1-643655047	
S1-593511102	
S1-547568953	
S1-475028114	
S1-37006519	
S1-564680972	
S1-634962698	
S1-851874825	
S1-941106540	
S1-687846051	
S1-267351265	
S1-476786005	S3-646816384,S2-944095146
S1-220632236	
S1-280652569	
S1-25684571	
S1-617696453	
S1-386065047	
S1-239943136	
S1-587550048	
S1-225645145	
S1-671088063	
S1-566717878	
S1-169606115	
S1-71838033	
S1-484781178	
S1-891803978	
S1-298972496	
S1-451365323	
S1-562180987	
S1-92244554	
S1-391373951	
S1-368271424	
S1-852968143	
S1-611337704	
S1-709306241	
S1-234668656	
S1-897469823	
S1-161460079	
S1-285174142	
S1-226201390	
S1-284510831	
S1-492213350	
S1-431962796	
S1-298151555	
S1-418342775	
S1-880584548	
S1-313116408	
S1-668827143	
S1-17273223	
S1-443297987	
S1-608785114	
S1-742566062	
S1-906574341	
S1-392860782	
S1-656623564	
S1-779187500	
S1-423122996	
S1-253806951	
S1-738440426	
S1-3691730	
S1-472678371	
S1-130136534	
S1-872619299	
S1-44802957	
S1-120889220	
S1-953131262	
S1-730126257	S2-89346630,S2-738454668
S1-442550844	
S1-233192070	
S1-72461653	
S1-989713836	
S1-507758084	
S1-32136661	
S1-420394598	
S1-722189741	
S1-718279880	
S1-829805317	
S1-749816206	
S1-822238796	
S1-239638178	
S1-8583539	
S1-322208464	
S1-882601053	S3-33220787,S2-541841023
S1-464271766	
S1-371692247	
S1-346520052	
S1-693686332	
S1-974138946	
S1-496059800	
S1-588217427	
S1-941860360	
S1-205559913	
S1-609686681	
S1-644686162	
S1-943973101	
S1-731105117	
S1-744526535	
S1-27246876	
S1-707185876	
S1-382448570	S2-290943677,S3-705155386,S3-994285903
S1-26414527	
S1-634969536	
S1-226576119	
S1-517333119	
S1-495601056	
S1-682382012	
S1-416288279	
S1-214696847	S3-618538416,S3-256413476
S1-839530340	
S1-494422593	
S1-795722936	
S1-904599459	
S1-387904721	
S1-284117830	
S1-775199677	
S1-584787641	
S1-586132573	
S1-773772169	
S1-323845488	
S1-988063290	
S1-421147605	
S1-187820447	
S1-152801969	
S1-547122588	
S1-657101389	
S1-241061871	
S1-79784568	
S1-942678380	
S1-54887702	
S1-715825842	
S1-893658711	
S1-588725090	
S1-346331570	
S1-937624653	
S1-151919854	
S1-840620634	S2-255924702,S2-855188686,S3-926157105,S3-68235895
S1-641115678	
S1-836791596	
S1-186316003	
S1-207734485	
S1-809114962	
S1-53630860	
S1-466564786	
S1-343542269	
S1-917953966	
S1-29541854	
S1-850446969	
S1-564700269	S3-512952418,S2-586352712,S3-449988843
S1-1904407	
S1-534639657	
S1-676071663	
S1-331020495	
S1-170315234	
S1-738342524	
S1-134396769	
S1-341619504	
S1-289123428	
S1-22387971	
S1-724313435	
S1-99831869	
S1-961469637	
S1-739892055	
S1-930041924	
S1-586994382	
S1-627554870	
S1-214436731	
S1-190212005	
S1-154137340	
S1-662523925	
S1-78338419	
S1-426945182	S3-370636609,S3-224040292,S2-95242395
S1-956953212	
S1-165212959	
S1-447242872	
S1-666089247	
S1-252082465	
S1-562722077	
S1-856897964	
S1-254283798	
S1-476998352	
S1-759233256	
S1-608038725	
S1-593493627	
S1-406258526	
S1-243930232	
S1-936674967	
S1-391208091	
S1-438240273	
S1-641580128	
S1-479353631	
S1-811691764	
S1-450390272	
S1-783620638	
S1-836322564	
S1-750340263	
S1-682810346	
S1-632410054	
S1-470814269	
S1-491295355	
S1-13277233	
S1-863563451	
S1-735078584	
S1-576187730	
S1-287395620	
S1-611264263	
S1-846815128	
S1-104941001	
S1-764539372	S3-786272391,S2-303036779
S1-559186122	
S1-645071122	
S1-871405055	
S1-716774037	
S1-454027325	
S1-423893954	
S1-275773509	
S1-953201642	
S1-615307265	
S1-491142951	
S1-24588920	
S1-613855566	
S1-440509110	
S1-103967630	
S1-315747331	
S1-720350754	
S1-149129042	
S1-158040177	
S1-308267523	
S1-126750908	
S1-218263457	
S1-692928083	
S1-551403846	
S1-33073998	
S1-504304257	
S1-589079219	
S1-426560207	
S1-66351542	
S1-626104941	
S1-975931226	
S1-15294138	
S1-397100168	
S1-488631994	
S1-466161793	
S1-767234540	
S1-791839287	
S1-129102595	
S1-297350772	
S1-428364386	
S1-685573536	S2-834442259,S3-28985460,S3-812349637,S3-253560754
S1-448823653	
S1-277500175	
S1-335031778	
S1-864775980	
S1-315508303	
S1-521480642	
S1-275279620	
S1-936344078	
S1-871917395	
S1-819515447	
S1-510566437	
S1-395557007	
S1-920468345	
S1-958051320	
S1-651333542	
S1-339867506	
S1-687038128	
S1-926606614	
S1-847330035	
S1-664502672	
S1-830990940	
S1-851355765	
S1-322519204	
S1-912027922	
S1-460514303	
S1-739315395	
S1-341907921	
S1-892159784	
S1-880081037	
S1-220375902	
S1-102137843	S3-110168885,S2-477854079,S3-976692535
S1-339085314	
S1-763822858	
S1-41599016	
S1-69228491	
S1-403139448	
S1-340239793	S3-485235344,S2-143788266,S3-892591058
S1-701185980	
S1-968250828	
S1-290282932	
S1-415899395	
S1-743424168	
S1-946766248	
S1-592482823	
S1-386007848	
S1-880814854	
S1-783691093	
S1-300509080	
S1-842747521	
S1-873114680	
S1-245649528	
S1-954106015	
S1-784378287	
S1-999377580	
S1-573923600	S3-939043527,S2-561400692
S1-315492120	
S1-312938895	S3-641392818,S3-408249035,S2-920762753
S1-151921763	
S1-900028087	
S1-549575213	
S1-413524078	
S1-719963834	
S1-524901271	S2-435436330,S3-154814798
S1-91405509	
S1-796696051	
S1-537720897	
S1-637610773	
S1-64679468	
S1-544171180	S2-298374720,S3-852143542
S1-818493701	
S1-973946142	
S1-56100650	S3-347881073,S2-46891424
S1-368865035	
S1-54995128	
S1-913989806	
S1-31415144	
S1-339485723	
S1-333208631	
S1-843699957	
S1-993655926	
S1-193804148	
S1-365483378	
S1-890267450	S3-476797691,S3-797465391,S3-670709535,S3-712146138,S2-423482675
S1-403939894	
S1-901811881	
S1-781138784	
S1-44399814	
S1-126187333	
S1-403833207	S2-597450007
S1-539865921	
S1-950762193	
S1-665383943	
S1-136122464	
S1-814336060	
S1-913121521	
S1-96994779	
S1-607591705	
S1-856310744	
S1-387823197	
S1-467146210	
S1-928693802	
S1-582457045	
S1-19634936	
S1-478857441	
S1-622162604	
S1-795204471	
S1-720029414	
S1-617292948	
S1-646687184	
S1-868271149	
S1-293261820	
S1-737768510	
S1-750424540	
S1-999894830	
S1-826280288	S2-718460508,S2-968004876,S3-576811957
S1-323355482	
S1-68824362	S2-77252125,S2-812347694,S3-505623457
S1-511247584	
S1-344992497	
S1-998531834	
S1-75765717	
S1-910010120	
S1-259651388	
S1-924382447	
S1-108005563	
S1-287305556	
S1-57480610	
S1-582415580	
S1-341352456	
S1-894779821	
S1-186349428	
S1-114965632	
S1-898311875	
S1-240241311	S2-609644993
S1-131464265	
S1-371704764	
S1-968334661	
S1-597903229	S3-933938700,S3-877657428
S1-782814511	
S1-159109680	
S1-582408075	
S1-477813471	
S1-406801702	
S1-966375645	
S1-857387720	
S1-821587213	
S1-781828431	
S1-120489476	
S1-550304068	
S1-639037280	
S1-907286856	
S1-160737494	
S1-981821647	
S1-250393205	
S1-684336156	
S1-192967023	
S1-919922865	
S1-916667296	
S1-874967284	
S1-719058727	
S1-851819883	
S1-67140944	
S1-265214450	
S1-220838882	
S1-652761634	
S1-642096823	S3-258040251,S2-524535984,S2-216402818
S1-56480096	
S1-978832421	
S1-142186803	
S1-163543518	
S1-768039442	
S1-595256941	
S1-101466723	
S1-604819800	S3-600344030,S2-779004528,S3-726037388,S2-999029904
S1-390304708	
S1-640480818	
S1-322923237	
S1-998752479	
S1-719823081	
S1-388626772	
S1-657098629	
S1-541980335	
S1-624971255	
S1-550823025	
S1-336781412	
S1-185357528	
S1-126033120	S2-815002416,S3-591754049
S1-580748682	
S1-831913697	
S1-28762548	
S1-880673228	
S1-192538276	
S1-619435534	
S1-30700964	
S1-205499620	
S1-818473656	S3-477300229,S3-854035651
S1-241117464	
S1-239575794	
S1-662935676	S3-987559056,S3-362661579
S1-9994066	
S1-958926213	
S1-674347056	S2-500445604,S3-960989396,S3-491017909
S1-285396439	
S1-580981311	
S1-720543723	
S1-875629533	
S1-403919768	
S1-243959490	
S1-464159967	
S1-944113846	
S1-120998629	
S1-401401754	
S1-256283515	S3-923292372
S1-93692202	
S1-784416758	
S1-743611856	
S1-668551100	
S1-793532564	S2-968667399,S3-624969340,S3-487900162
S1-486205353	S2-791367319,S2-404971312,S3-234295249,S2-192703780
S1-125224325	
S1-998404378	
S1-271403598	S2-318111099,S2-761946187
S1-275280243	
S1-946464225	
S1-943190295	
S1-980573118	
S1-751308221	
S1-255954188	
S1-735513856	
S1-581284018	
S1-186226207	
S1-252251819	
S1-482942972	
S1-45571287	
S1-40625321	
S1-441670032	
S1-209185606	
S1-647908025	
S1-79640638	
S1-400284501	
S1-476860123	S2-681374176
S1-289572527	
S1-477817039	
S1-89463305	
S1-907137207	
S1-905676713	
S1-732622399	
S1-395587439	
S1-669766686	S3-854949204,S2-738454668
S1-749371059	
S1-258319940	
S1-70217720	
S1-821995191	
S1-35011019	S3-902243675
S1-375980644	
S1-816233033	
S1-23971131	
S1-966615737	
S1-723057901	
S1-392743929	
S1-475557369	
S1-704289755	
S1-411885054	
S1-152237504	S3-771131498,S3-613772691,S3-263633630
S1-24183312	S2-363527877,S2-457946379,S3-858682148,S3-833123313
S1-67084282	
S1-722981406	
S1-290883165	
S1-930050744	
S1-541662178	
S1-521916484	S2-314220861,S2-778843610,S2-125402741,S2-70832037
S1-117519928	
S1-333186482	
S1-264783706	
S1-106622384	
S1-366287290	
S1-591274902	
S1-265853670	
S1-772173774	
S1-724255271	
S1-533715224	
S1-458220734	
S1-467949104	
S1-476222464	
S1-651259781	
S1-796286642	
S1-233179728	
S1-328151659	
S1-728814210	
S1-212476769	
S1-328124515	
S1-728275899	
S1-768473681	
S1-717109392	S3-101587777
S1-418983739	
S1-343835119	
S1-442622601	
S1-991416882	S2-831887982,S2-359445092,S2-596836918,S3-719800536
S1-226190406	S2-452381873
S1-397747977	S2-266133837
S1-895617400	
S1-925512468	
S1-767291515	
S1-142269346	
S1-422164554	
S1-319262195	
S1-503207768	
S1-700167210	
S1-496194135	
S1-848108887	S3-863490212,S3-937164610,S2-531770136
S1-686406047	
S1-859900769	
S1-287233935	S3-920473273,S2-538612786,S2-741520087
S1-103936120	
S1-299443390	
S1-793053431	
S1-44138416	
S1-245105819	
S1-742741871	
S1-676710695	
S1-204372228	
S1-403882454	
S1-891575398	
S1-338387281	
S1-480849890	
S1-651167663	
S1-619354904	
S1-909741456	
S1-907948529	
S1-157794430	
S1-519400934	
S1-621320803	
S1-545281096	
S1-216895627	
S1-472877108	
S1-913028145	S2-113068469,S3-134523803,S2-695897682
S1-907858130	
S1-523861664	
S1-576228155	
S1-737850264	
S1-417322022	S2-176536917,S3-9478747
S1-763104445	
S1-391111577	
S1-461653516	
S1-818115523	
S1-844840684	
S1-479034107	
S1-833593653	
S1-383333465	
S1-585854801	S3-592409543,S3-621895053
S1-691086283	
S1-338877787	
S1-321671190	
S1-815266250	
S1-810750773	
S1-389920331	
S1-278972682	
S1-550472892	
S1-137215808	
S1-986335926	
S1-706340087	
S1-102414785	
S1-683075043	
S1-464408228	
S1-29820385	
S1-727552471	S3-576897651
S1-254826862	
S1-825078081	
S1-530746399	S3-773586429,S3-587308210
S1-826180157	
S1-439664818	
S1-9677911	
S1-480716577	
S1-463065182	
S1-412205890	
S1-962454335	
S1-489732190	
S1-393779176	
S1-646359343	
S1-54259098	
S1-965425504	
S1-409727084	
S1-469489126	
S1-957558425	
S1-20237666	
S1-558150191	
S1-449560308	
S1-486502718	
S1-86289680	
S1-368539105	
S1-442719819	
S1-707282553	
S1-548329058	S2-997478245,S2-696842753,S2-520458277,S3-358957700,S3-361821529,S3-48385383
S1-806072389	
S1-226515067	
S1-340821504	
S1-509214161	
S1-191211002	
S1-201324913	
S1-617134705	
S1-320148838	S3-792432983,S2-313432484
S1-292204834	
S1-788173110	
S1-754757724	
S1-988142876	
S1-75304029	
S1-864330163	
S1-326088820	
S1-507861937	
S1-275500294	
S1-415447648	
S1-388944128	
S1-632356676	
S1-373097350	
S1-28492603	S3-736140346
S1-350479161	
S1-209975595	
S1-525079873	
S1-810531282	
S1-1481397	
S1-712101878	
S1-508386168	S2-560200474,S2-307397388,S3-936270007
S1-141697979	
S1-243163990	
S1-109773133	
S1-840644751	
S1-321902893	
S1-546921530	
S1-895513236	
S1-854973920	
S1-695396822	
S1-264439255	
S1-184557635	S3-816499815
S1-711131900	S2-743499710,S3-105590029,S2-849681941
S1-680449588	
S1-182088924	
S1-88047073	
S1-152284300	
S1-368288926	
S1-287742639	
S1-840720518	
S1-715245684	
S1-677277953	
S1-22471940	
S1-968741502	
S1-327899973	
S1-197243480	
S1-670757116	
S1-667348909	
S1-278081517	
S1-672660216	
S1-958153866	
S1-465222104	
S1-447384757	
S1-763926336	
S1-699164418	
S1-697820679	
S1-663822817	
S1-620792651	
S1-675565403	
S1-980154339	
S1-164723348	S2-98086696,S2-876431222,S2-576257676,S3-680754322,S3-632981760
S1-49649673	
S1-796740819	
S1-309045323	S2-921290311
S1-268247161	
S1-130913321	
S1-776320982	
S1-935929273	
S1-381761728	
S1-738495552	S3-497802972,S3-868567721
S1-162002345	
S1-960775295	
S1-793614876	
S1-792484468	
S1-596230046	
S1-729632877	
S1-281623638	
S1-397402531	
S1-652110649	
S1-607535874	
S1-434663379	
S1-281641466	
S1-482697368	
S1-242057168	S2-626918668,S3-429644157,S3-665498042,S3-302146690
S1-287332991	
S1-83002942	
S1-478634950	
S1-867797615	S2-778703575,S2-809985042,S3-334065433,S3-73257575
S1-730609282	
S1-197686084	
S1-50448761	
S1-274842537	
S1-597787039	
S1-198912725	
S1-897629864	
S1-228707183	
S1-270475627	
S1-364917628	
S1-711548631	
S1-595342580	
S1-738054193	
S1-40410687	
S1-197247013	
S1-130434848	
S1-47226386	S3-923785123,S3-296288034
S1-888569004	
S1-408646157	
S1-653630180	
S1-236247546	
S1-393887125	
S1-471142321	
S1-240738886	
S1-416740157	
S1-530175624	
S1-937165850	
S1-332921024	
S1-493870469	
S1-182836104	
S1-237120198	
S1-584067129	
S1-445759141	S3-189924264
S1-392205614	
S1-35922890	
S1-15929677	
S1-864529684	
S1-890278706	
S1-964542689	
S1-646555751	
S1-309865222	
S1-865705751	
S1-877530500	
S1-827328299	
S1-589654217	
S1-88633305	S2-572366169,S2-413141958,S3-290717825,S2-351028405
S1-551376548	
S1-323348852	
S1-92794532	
S1-35912423	
S1-228565110	
S1-626355611	
S1-745228388	
S1-147937357	
S1-751280573	
S1-947540735	
S1-807976497	
S1-28872441	
S1-831247243	
S1-722191465	
S1-731646147	
S1-877845301	
S1-463646578	
S1-566106128	
S1-506055272	
S1-949570865	
S1-53382992	
S1-441709860	
S1-827195209	
S1-235230404	
S1-166014270	
S1-146158451	
S1-834432525	
S1-175579687	
S1-707616881	
S1-696560011	S2-16160956,S3-24589033
S1-556350997	
S1-514390872	
S1-246213447	
S1-753284386	
S1-268204657	
S1-610510125	S2-708294172,S2-425808541,S3-844305889,S3-320041418,S3-770616960
S1-818073119	
S1-664668690	
S1-507640881	S2-716029882,S3-659553777,S3-425461262
S1-91139766	
S1-950441302	
S1-67901119	
S1-335337720	
S1-873042570	
S1-473353926	
S1-836665181	
S1-829032271	S2-440092758,S3-815155440
S1-918043278	
S1-601952752	
S1-914584709	
S1-352752494	
S1-409033288	
S1-343801159	
S1-800092153	
S1-247744667	
S1-487204231	
S1-633776973	
S1-476742605	
S1-863238968	
S1-849965892	
S1-968661560	
S1-753671245	
S1-491455159	
S1-192418615	
S1-193095708	
S1-803578899	
S1-110148013	
S1-877420240	S2-541372936,S2-530570915,S3-871391936
S1-736911114	
S1-438951479	
S1-187265326	
S1-1641907	
S1-289773902	
S1-710808951	
S1-578024489	
S1-125293310	S2-527497129,S2-679173822
S1-225066694	
S1-943539487	
S1-672771271	
S1-695641995	
S1-912577368	
S1-575216001	
S1-385619248	S2-276649537,S2-62770612,S3-943080942,S3-574759829
S1-423333394	
S1-865273332	
S1-87707054	
S1-448865957	
S1-38590124	S3-821398398,S2-436014055,S2-638139138,S2-114124321,S3-135796800,S2-766098747
S1-519054244	
S1-436656860	
S1-341762370	
S1-870389068	
S1-707059152	
S1-295525280	
S1-813723642	
S1-628535147	
S1-856104377	
S1-323211435	
S1-993932326	
S1-541869772	
S1-464658092	
S1-411769004	
S1-601306548	
S1-410537296	
S1-724914440	
S1-979415785	
S1-922626730	
S1-73310156	
S1-804316152	
S1-24095630	
S1-745566767	
S1-667500730	
S1-544945591	S3-293587175,S3-308718756,S3-496977597
S1-524341593	
S1-163954608	
S1-120754325	
S1-179671672	
S1-243029048	
S1-820204628	
S1-209779876	
S1-708016912	
S1-469519274	
S1-738120967	
S1-779347174	
S1-222598725	
S1-308784176	S2-440663843,S3-679060629
S1-166742911	
S1-228985495	S3-308974627
S1-270183425	
S1-964177385	
S1-284063114	
S1-183994158	
S1-564852701	
S1-774307256	S3-200105168
S1-433473026	S2-658949779,S3-460383924
S1-993660734	
S1-678172682	
S1-259412805	
S1-435387764	
S1-482310333	
S1-705118055	
S1-168414355	
S1-53091215	S3-107594397,S3-158391606
S1-604104242	
S1-995974634	S3-893150456,S2-598128161,S3-821314329
S1-793564308	
S1-580042799	
S1-502189476	
S1-444240062	
S1-155197685	
S1-659519749	
S1-122212388	
S1-575188913	
S1-967131160	S2-68038532
S1-362676759	
S1-459462466	
S1-492449729	
S1-156043061	
S1-618707454	
S1-424603341	
S1-582569005	
S1-226361092	
S1-892228914	
S1-296334801	
S1-685868930	
S1-535994695	
S1-519095612	S3-566049767
S1-757811245	
S1-244601255	
S1-204674748	
S1-819154596	
S1-758283235	
S1-845458908	S2-629470258,S3-879715395
S1-530922548	
S1-538867808	
S1-648159552	
S1-295045202	
S1-953082948	S2-735411808,S3-181653506,S3-660026757,S3-71397632
S1-564563949	
S1-239220133	S3-447130521
S1-293137186	
S1-589640621	
S1-8239461	
S1-900121561	S3-257960355
S1-542410853	S3-627515144,S2-684916159
S1-194653322	
S1-3116755	
S1-998734336	
S1-200717882	S2-783192932
S1-774903744	
S1-986018817	
S1-306888622	
S1-773259135	
S1-515986808	
S1-970994004	
S1-510772562	
S1-20989996	S2-176369929,S3-252351430,S3-507394990,S3-568137470
S1-565071626	
S1-973396211	
S1-846653166	
S1-735216792	
S1-900338502	
S1-56337589	
S1-220139838	
S1-705044535	
S1-261963102	
S1-518758513	
S1-328408574	
S1-431690540	
S1-6261939	
S1-540559468	
S1-393213288	
S1-638707089	
S1-213460944	
S1-48661435	
S1-767742227	
S1-134245633	S3-323107480
S1-758376863	
S1-401540721	
S1-440549469	
S1-76178060	
S1-543190718	
S1-255912815	
S1-618175396	S3-145644173,S3-927669005,S2-962727305
S1-645701331	
S1-402822740	
S1-778869123	
S1-951842800	
S1-485748435	
S1-25797036	
S1-995939408	
S1-857403979	
S1-388726002	
S1-212148787	
S1-803506157	
S1-631087733	
S1-405746325	S3-483019354,S2-938426266,S3-200075690,S3-699397560,S2-945521134
S1-580487130	
S1-737605593	
S1-437868602	
S1-883006133	
S1-23566606	
S1-316475003	
S1-688880244	
S1-873497775	
S1-337871839	
S1-487469942	
S1-143063740	
S1-804139444	
S1-170860733	
S1-784573402	
S1-923865367	
S1-29373917	S3-936894885,S2-1309342,S3-879672030
S1-514654936	
S1-690817701	
S1-673669223	
S1-426318396	
S1-741826815	
S1-734919296	
S1-791045777	
S1-430791670	
S1-338616532	
S1-361227081	
S1-360266381	
S1-986423088	
S1-20123856	
S1-144211168	
S1-752171244	
S1-327998359	
S1-471291289	
S1-657625033	
S1-72774327	S3-228438702,S2-758224509,S3-86945668
S1-119832368	
S1-486104807	
S1-148268988	
S1-346434029	
S1-169459316	
S1-752480303	
S1-822208619	
S1-718838051	
S1-462780556	S2-837480071,S2-483347785,S2-55009012,S3-257649885
S1-224495947	
S1-985931104	
S1-922587620	
S1-77670373	
S1-913136931	
S1-158438642	
S1-883458833	
S1-207077205	
S1-124330190	
S1-841396450	
S1-998574168	
S1-565983054	
S1-115963429	
S1-604378776	
S1-632975606	
S1-603432674	
S1-537724678	
S1-737004245	
S1-239734258	
S1-752009952	
S1-748657465	
S1-836479877	
S1-652807575	
S1-766151864	
S1-767844754	
S1-881903381	
S1-992827820	
S1-803590542	
S1-165475560	
S1-425424363	
S1-675668312	
S1-315582702	
S1-545990309	
S1-301713681	S2-375017414,S2-368368113,S3-444578330
S1-698819992	
S1-760880296	
S1-894623087	
S1-526667727	
S1-315722722	
S1-512724811	
S1-226249096	
S1-424325400	
S1-540532436	S3-883877473,S2-762460090,S3-836441441
S1-774984683	
S1-716766360	
S1-88398799	
S1-890879352	
S1-274087959	
S1-325154825	
S1-675289169	
S1-388235319	
S1-780479121	
S1-591540546	
S1-203804318	
S1-750026732	
S1-625174840	
S1-682472628	
S1-416477215	
S1-544415994	
S1-334651307	
S1-950001315	
S1-519248900	
S1-187702408	S3-953224865,S3-495900304,S3-144125870,S3-184840414,S2-468654706,S2-694303495
S1-451789923	S3-564328137
S1-989963374	
S1-418058344	
S1-10116501	
S1-663721546	
S1-192394463	
S1-16330394	
S1-30269507	
S1-459855473	
S1-815289490	
S1-833202185	
S1-723962556	
S1-532453960	
S1-672826851	
S1-958036792	
S1-604364797	
S1-764010778	
S1-679196558	
S1-72520349	S2-983106333,S3-810975103
S1-787653857	
S1-309205645	
S1-978353926	
S1-528030453	
S1-200465537	
S1-820065605	
S1-941114917	
S1-634040447	
S1-45379818	
S1-892459679	
S1-86505350	
S1-534204443	
S1-177998368	
S1-62212282	
S1-473358041	
S1-493597357	
S1-83695016	
S1-484372645	
S1-56392458	
S1-426336332	
S1-398967949	
S1-539689928	
S1-417508454	
S1-657373945	
S1-576024210	
S1-524386742	
S1-232835364	
S1-249916218	
S1-666430773	S2-341057827,S3-567025883,S2-966926858
S1-278977765	
S1-416069820	
S1-189688655	
S1-304922411	
S1-436531176	
S1-530491884	
S1-633655044	
S1-926246424	
S1-224998123	
S1-294471716	
S1-494346964	
S1-706005709	
S1-489077698	
S1-407509279	
S1-217652219	
S1-931857248	
S1-884575132	
S1-456881100	
S1-544945401	
S1-637183536	
S1-216991682	
S1-240835089	
S1-936157856	
S1-728859778	
S1-78442628	
S1-338992357	
S1-464470331	
S1-100433541	
S1-812724893	
S1-616514141	S2-481778499,S3-433852348,S2-658938488
S1-779014325	
S1-296280755	
S1-666197947	
S1-285092388	
S1-718847446	
S1-344898339	
S1-384097632	
S1-953434727	
S1-211918171	
S1-427844725	
S1-197433160	S2-619164007,S2-146465143
S1-800913650	
S1-202398808	
S1-92175403	
S1-930758565	S2-99140124,S2-440810533
S1-537996827	
S1-22417490	
S1-855433847	
S1-123853216	
S1-517276304	
S1-768978093	
S1-274884716	
S1-646912535	
S1-892695614	
S1-1931066	S3-118493837,S3-643186066,S2-931232905
S1-512611011	
S1-339910313	
S1-407503197	
S1-914692522	
S1-528439902	
S1-209330138	
S1-253525925	
S1-347219845	
S1-731472829	S2-446730184,S2-790568158
S1-593550197	
S1-906373874	S2-210233403
S1-680373415	
S1-629482052	
S1-384796202	
S1-398698870	
S1-637256654	
S1-888300459	
S1-745020892	
S1-765977709	
S1-919695819	
S1-220036113	
S1-601750936	
S1-914526306	
S1-757244031	
S1-362395237	S2-425579317,S2-706729473
S1-595035702	
S1-944828084	
S1-764306571	
S1-979221452	
S1-367977911	
S1-492613195	S3-855175776,S2-302191492,S3-27294434,S3-176243341
S1-456307492	
S1-491739465	
S1-504848255	
S1-65494388	
S1-113815	
S1-693230359	
S1-71692529	
S1-763655534	
S1-294865205	
S1-887478098	
S1-98771588	
S1-739566875	
S1-231338418	
S1-347340751	
S1-213077598	S3-714395112,S2-290396069
S1-626210685	
S1-813849066	
S1-178698137	
S1-888838678	
S1-240622478	
S1-734713030	
S1-403781384	
S1-304846099	
S1-909397283	
S1-541562976	
S1-526217598	
S1-904889624	
S1-115095576	
S1-812524513	
S1-415973450	
S1-539438907	
S1-419024780	
S1-514027744	
S1-532795361	
S1-183810375	
S1-27986544	
S1-320566700	
S1-329122801	
S1-673833953	
S1-453628336	
S1-825427091	
S1-298954100	
S1-513021414	
S1-691912351	
S1-535519777	
S1-521607227	
S1-677655069	
S1-261152762	
S1-717998761	
S1-680314923	S2-162358481,S3-350674692
S1-981831851	
S1-16991953	
S1-552975648	
S1-585189166	
S1-135067568	S3-716817402,S3-361798401,S3-690945528
S1-113438156	
S1-659305016	
S1-666083778	
S1-226062159	
S1-299844037	
S1-166413568	
S1-679247095	
S1-913875026	
S1-606990226	
S1-394362510	S3-270772075,S3-109572903,S3-938863230
S1-27554343	S2-596773644,S3-316908263
S1-37717875	
S1-473351052	
S1-542413519	
S1-183757944	
S1-467508294	
S1-374200450	
S1-323297120	
S1-413834251	
S1-149644286	
S1-623625454	
S1-642939524	
S1-24238717	
S1-536744579	
S1-805055800	
S1-46172379	
S1-657470645	
S1-761214903	
S1-679278003	
S1-99967290	
S1-976739814	
S1-15302338	
S1-36616936	
S1-542986372	S2-746892337,S3-88256841,S3-597573497
S1-354604752	S2-326044365,S3-495779009,S2-102413362,S3-173423157
S1-34726235	S2-135611343
S1-223309242	
S1-125141941	
S1-264575816	
S1-786357108	
S1-32465573	
S1-161038366	
S1-131326894	
S1-347679100	
S1-503032415	
S1-916689265	
S1-765964951	
S1-387022263	
S1-741939218	
S1-162272153	
S1-149760054	
S1-609426950	
S1-20555637	
S1-807283023	
S1-415457463	
S1-813313197	S2-977502186,S3-655598673,S3-804389506
S1-721791359	
S1-455151755	
S1-796765279	
S1-312763935	S2-799911135,S3-920366986
S1-651037665	
S1-77352718	S3-648305844
S1-482564181	
S1-621316839	
S1-825413778	
S1-744650117	
S1-658039597	
S1-323333778	
S1-296461667	S3-414625788,S2-143555694
S1-838777864	
S1-809680042	
S1-801592223	
S1-165442135	
S1-189881602	
S1-305722384	
S1-464509704	
S1-176110734	
S1-31545315	
S1-741924572	
S1-832979326	
S1-899889433	S2-580906493,S2-161149862,S2-576231606
S1-797566972	
S1-10079029	
S1-832085143	
S1-388658096	
S1-845593283	
S1-411816303	
S1-470882751	
S1-553680630	
S1-338180196	
S1-699757450	
S1-819093521	
S1-686157344	
S1-340326986	
S1-96933629	
S1-190273154	
S1-826543187	
S1-381064426	S3-673882623
S1-563392575	S2-738454668
S1-347024333	
S1-184343643	
S1-288131171	
S1-285776691	
S1-923106068	
S1-437388681	
S1-807032838	
S1-41063489	
S1-719761370	
S1-105510240	
S1-265222560	
S1-344303189	
S1-999083827	
S1-204450556	
S1-801614442	
S1-381942670	S2-435409127,S3-957099375,S2-858843641
S1-435229252	
S1-927782391	
S1-400514017	
S1-498310709	
S1-344096190	
S1-676346022	
S1-484653372	
S1-582430919	
S1-828581697	
S1-233227723	
S1-596762621	
S1-652945871	
S1-3750680	
S1-789417747	
S1-658447136	
S1-52260839	
S1-971930989	
S1-907906310	
S1-871733495	
S1-394348934	
S1-120432792	
S1-45093785	
S1-928368818	
S1-969400525	
S1-773411653	S3-481447062,S2-857252118,S2-269859245
S1-646507533	
S1-809947086	
S1-112114857	
S1-485196051	
S1-163872940	S2-162539138,S2-386234028,S3-341030571,S3-27555703,S2-63010426,S2-999249794
S1-29310077	
S1-162380019	
S1-140793406	
S1-535497672	
S1-233585540	
S1-507888493	
S1-96042435	
S1-508841261	
S1-97113603	
S1-547721984	
S1-932491625	
S1-249168650	
S1-935318743	
S1-60582849	
S1-371829136	
S1-911230676	
S1-125443573	S2-795428198,S3-392793894,S3-637537621,S3-620932254,S2-915552373
S1-892882320	
S1-502254012	
S1-795877044	
S1-780275726	
S1-582905152	
S1-836360035	
S1-766760770	
S1-419094432	S2-820562078,S3-994701065,S3-980175993
S1-27142903	
S1-14664789	
S1-313543488	
S1-716383174	
S1-732852499	
S1-805115496	
S1-33507321	
S1-431443216	
S1-915104613	
S1-726231113	
S1-753257947	
S1-716889267	
S1-384822270	
S1-405855331	
S1-803855728	
S1-739049056	
S1-762111452	
S1-211053947	
S1-476549648	
S1-731718901	
S1-27736059	
S1-368973457	
S1-566396266	
S1-867872837	
S1-760390676	
S1-820943601	
S1-572447282	
S1-372293504	
S1-503716991	
S1-802728549	
S1-852060023	
S1-185450184	
S1-24629683	
S1-937806501	
S1-165328876	
S1-607295565	
S1-358539163	S2-925375585,S3-930289445
S1-270825959	
S1-523185428	
S1-4637359	
S1-85764811	
S1-309403969	
S1-224682557	
S1-225387939	
S1-663297083	
S1-979938415	
S1-575521982	S3-709810882,S3-456135864
S1-439957781	
S1-469528408	
S1-178108140	
S1-142270648	
S1-517052291	
S1-833697835	S2-199157713,S2-701940916,S3-226673630
S1-805341447	
S1-247497181	
S1-713015499	
S1-478534350	
S1-150677392	
S1-526892392	
S1-487027188	
S1-786563385	
S1-819590002	
S1-563745794	
S1-742134484	
S1-356793479	
S1-708100707	
S1-53612643	
S1-390561520	
S1-593692398	
S1-650776519	
S1-510631734	
S1-488255872	
S1-881218309	
S1-66839064	
S1-829216142	
S1-667031446	
S1-327744338	
S1-594479894	
S1-966827975	S2-209693014,S3-183422353
S1-232398623	
S1-95437790	
S1-784994616	
S1-725740014	
S1-850671538	
S1-436104620	
S1-40026976	
S1-178956988	
S1-207525366	
S1-802428784	
S1-883707341	
S1-383939961	
S1-773098583	S2-848829045,S2-964247388,S3-977645919
S1-122852413	
S1-478416727	
S1-909580906	
S1-203059607	
S1-87101629	
S1-270985624	
S1-9217104	
S1-524484597	
S1-137324647	
S1-384745040	
S1-442158893	S3-807177031
S1-917838092	
S1-715146045	
S1-364072315	
S1-562151239	
S1-350303069	S2-845166258,S3-691905744,S3-710067274,S2-634464438
S1-142245806	
S1-573559354	
S1-94458177	
S1-16728343	S2-295828067,S3-480297946
S1-880847902	
S1-240005367	
S1-432411102	
S1-29260056	
S1-500278571	
S1-512480449	
S1-262837987	
S1-26029745	
S1-719813136	
S1-460296040	
S1-315181852	
S1-626355329	
S1-487977687	S3-196462214
S1-733915590	
S1-986316224	S2-605953076,S2-85103262,S3-216112750,S2-982200895,S3-207706120
S1-80199240	
S1-196241584	
S1-86338220	
S1-505865248	
S1-448704834	
S1-627527166	
S1-768293456	
S1-245864225	S3-412588776,S3-828191822,S2-282095561,S3-231211774
S1-598496532	
S1-697584748	
S1-698939258	
S1-41872427	
S1-116081478	
S1-707024196	S3-391811071,S3-652431433,S2-415836457,S3-404392951
S1-164973728	
S1-267569391	
S1-281845566	
S1-594893591	
S1-95103634	
S1-53235544	
S1-735236084	S3-288538996,S2-136585451
S1-745641812	
S1-990307242	
S1-706661872	
S1-437654911	
S1-896666256	
S1-729415727	
S1-1180137	
S1-84960736	
S1-935834732	
S1-798166074	
S1-325547405	
S1-988504883	
S1-543292192	
S1-495462299	
S1-581027307	
S1-438947485	S3-179040740,S2-984253048
S1-182639794	
S1-658732009	
S1-528450824	S3-338407123,S2-59950408,S3-291512149
S1-905277732	S2-624817179,S3-582384732,S3-180323996,S3-118111096
S1-71314792	
S1-94958600	
S1-929918678	
S1-592746598	
S1-42575354	
S1-897582038	
S1-437716222	S2-518821149,S3-206883632,S2-176110067,S2-887184208,S3-651405006,S3-852937615,S2-761692170,S2-245934871
S1-80978859	
S1-758285368	
S1-926572988	
S1-530362084	
S1-108503158	
S1-290671657	
S1-310665054	
S1-96916466	S3-12198178
S1-944492274	
S1-145343817	
S1-541136058	
S1-985598329	
S1-166309991	S2-345252814
S1-661893330	S3-449973975
S1-213411847	
S1-976742805	S3-543681656,S3-74119718,S2-600458559,S3-642332298,S3-991275595
S1-133570446	
S1-125258138	
S1-420395463	
S1-821392051	
S1-627006038	
S1-654422109	
S1-729310115	
S1-13641940	
S1-423123155	
S1-850614830	
S1-140168261	
S1-498912830	
S1-548221302	
S1-581382005	
S1-539531424	
S1-598261775	
S1-617580591	
S1-179799681	
S1-733508306	
S1-482869334	
S1-771834672	
S1-359849957	
S1-824199169	
S1-225348533	
S1-513020996	
S1-15247488	
S1-995838189	
S1-365715755	
S1-601659764	
S1-522471170	S3-179701081,S3-154113460,S3-524861562,S2-56205456
S1-728763702	
S1-852015450	
S1-125670095	
S1-390728884	
S1-539382359	
S1-254999303	
S1-277340324	
S1-563819210	S3-60257320
S1-589198044	
S1-383685205	
S1-232781465	
S1-303844062	
S1-944562140	
S1-910468925	
S1-814415338	S2-956548681,S2-483361960,S3-208690905
S1-595829718	S2-250414953,S3-931580953,S2-816240181,S3-405659010,S3-357005864,S3-116519073,S2-644814762
S1-27024205	
S1-540715793	
S1-68902481	
S1-543301624	
S1-436308779	
S1-217978311	
S1-548399863	
S1-327920247	
S1-540302021	
S1-434377084	S2-607492296,S3-221446959
S1-330893510	
S1-220270379	
S1-133782386	
S1-550282876	
S1-331524039	
S1-403300139	S2-23016895
S1-448917539	
S1-974225051	
S1-377860031	
S1-541011853	
S1-457972126	
S1-750029555	
S1-269639970	
S1-20684126	
S1-307692555	
S1-595419093	
S1-390731155	
S1-405240708	
S1-539201259	
S1-24935011	
S1-783170579	S2-895539618,S3-291903858,S3-958800566
S1-622005969	
S1-596508299	
S1-110729737	S3-311709871,S3-74263469,S3-41403333
S1-998084032	
S1-76858840	
S1-58094040	
S1-46047840	
S1-3627342	
S1-212418558	
S1-574038342	S2-201976425,S2-180265553
S1-457716475	
S1-423325574	
S1-162717062	
S1-365674841	
S1-374807341	
S1-418304045	
S1-374000509	
S1-472302377	
S1-114814308	
S1-38901785	
S1-798614243	
S1-227742668	
S1-673776215	
S1-789329583	
S1-50090178	
S1-490408083	
S1-931778464	
S1-641473945	
S1-796946770	
S1-284748913	
S1-501021881	
S1-967533516	
S1-362480094	
S1-955794520	
S1-874043507	
S1-34636123	
S1-316378840	
S1-446539793	
S1-227049875	
S1-426706475	
S1-974620421	
S1-557596882	
S1-181914865	
S1-799626720	S2-594606999,S3-913098976,S3-730703944,S3-174977531
S1-712450634	
S1-610491725	
S1-32013845	
S1-787074691	
S1-441124875	
S1-610973504	S2-85424214,S3-919208815
S1-303509055	
S1-602860464	
S1-591876973	S3-843726793,S2-642107753,S3-509304766
S1-741744917	
S1-246177045	
S1-747521533	
S1-201378711	
S1-761492193	
S1-982294601	
S1-703285282	
S1-572784369	
S1-254690803	
S1-213788933	S2-873929758,S3-283531958
S1-267035168	S2-201735848,S2-823429178,S3-52806834
S1-327614310	
S1-327041377	
S1-379489370	
S1-675353498	
S1-563629280	
S1-173469581	
S1-636623304	
S1-326072479	S2-971074343,S3-508181084,S3-831668232
S1-158464239	
S1-523579384	
S1-972958429	
S1-657225507	
S1-930708496	
S1-740808026	
S1-814510304	
S1-438035069	
S1-479609769	
S1-226557043	
S1-764368481	
S1-395088926	S2-377761683
S1-886617692	
S1-432277934	
S1-395886929	
S1-991061250	
S1-584609578	S2-33927521,S3-423134830,S3-138961566
S1-794271574	
S1-812984225	
S1-34931546	
S1-835144707	
S1-13419081	
S1-721311328	
S1-739411623	
S1-196671999	
S1-771102878	
S1-246446665	S2-101123843,S3-395136794,S3-765133360,S2-260209092
S1-377553265	
S1-19153421	
S1-625817834	
S1-508346553	
S1-325634051	
S1-656799767	
S1-54215480	
S1-661679540	
S1-146654727	
S1-923159340	
S1-25737921	
S1-503172691	
S1-979038407	
S1-718030617	S3-950204398,S2-524015617,S2-60601610,S3-837238273,S2-644083620,S3-979673749
S1-314124505	
S1-296396209	
S1-36696887	
S1-892667129	
S1-336248470	
S1-961699280	
S1-153679164	
S1-429870399	S2-272167393
S1-7426481	
S1-910212800	
S1-275166791	
S1-234962822	
S1-668614821	S2-165566338,S2-178804703,S2-608192709,S2-596975884,S3-221044175
S1-520031039	
S1-546148274	
S1-662564868	
S1-274211349	
S1-733719865	
S1-32122224	
S1-947827616	S2-71964017,S3-29300297,S3-408877168
S1-103497362	
S1-319966296	
S1-415360282	S3-663782400,S2-183543609
S1-455408222	
S1-208622153	
S1-408272782	
S1-747589182	
S1-521352182	
S1-440156591	
S1-794286391	
S1-5299333	
S1-222846048	
S1-473180548	
S1-455769672	
S1-417218336	
S1-916340401	
S1-384666542	
S1-479471705	
S1-268610713	
S1-215499492	
S1-51255767	
S1-620245382	
S1-839648667	
S1-376327397	
S1-589199124	
S1-473962853	
S1-195495287	
S1-558526247	
S1-732839509	
S1-899751371	
S1-451462651	
S1-731024428	
S1-453731504	S2-688788625
S1-652843160	
S1-501971385	
S1-692791693	
S1-325446957	
S1-329660148	S2-746949583
S1-106509381	
S1-640243103	
S1-53376368	
S1-211180783	
S1-78631943	
S1-746671385	
S1-33197010	
S1-680521257	
S1-520809338	
S1-898579505	
S1-497663686	
S1-765516341	
S1-326252952	
S1-961919	
S1-815594587	
S1-208228309	
S1-996141901	
S1-224311676	
S1-35563348	
S1-173530325	
S1-988632000	
S1-437663850	
S1-675050859	
S1-651498555	
S1-500741353	
S1-835645525	
S1-1271413	
S1-170053209	
S1-243983005	
S1-412636540	
S1-889837230	
S1-706758313	
S1-352663967	
S1-171764948	
S1-116972413	
S1-308926441	
S1-8710235	
S1-203299986	
S1-739292804	
S1-682863411	
S1-945893221	
S1-600154960	
S1-77370542	S3-551658414,S3-967565524,S2-275601256
S1-298083702	
S1-691445425	
S1-295369351	
S1-637393579	
S1-404226549	
S1-454981034	
S1-258821220	
S1-174583541	
S1-82495876	
S1-659982051	
S1-747282139	
S1-344035082	
S1-913052300	
S1-98146636	
S1-545287587	S2-708973302
S1-375865486	
S1-7222546	
S1-848609909	
S1-879215928	
S1-953290100	
S1-681335351	
S1-746137932	
S1-328936054	
S1-87243455	
S1-437355385	
S1-877042064	
S1-367594936	
S1-12561846	
S1-664158834	
S1-616932183	
S1-264433084	
S1-697146449	
S1-502529418	S2-389859921,S3-41281157
S1-157929685	
S1-607069585	
S1-814707526	
S1-491359723	
S1-97768679	
S1-719903003	
S1-115221768	
S1-456770894	
S1-276252009	
S1-652426303	
S1-662906153	
S1-413342938	
S1-301764637	
S1-322273756	
S1-276859171	
S1-729741197	
S1-567541348	
S1-229392188	
S1-220571818	S2-253531081
S1-900472736	
S1-858532955	
S1-29409235	S3-502534505
S1-39773965	
S1-869719963	
S1-202559975	
S1-243928940	
S1-631815047	
S1-397265859	
S1-483792292	
S1-359031466	
S1-268872128	
S1-115471350	
S1-974891604	
S1-114341224	
S1-48779853	
S1-27186029	
S1-660082510	
S1-292925034	
S1-399450204	
S1-542613161	
S1-308876326	
S1-891639371	
S1-56894069	
S1-526496317	
S1-485576296	
S1-554050436	
S1-500500278	
S1-835237075	
S1-608603500	
S1-65467273	
S1-227528541	
S1-655866545	
S1-246899510	
S1-613721412	
S1-541958881	
S1-233181101	
S1-275503661	
S1-718346714	
S1-432583781	
S1-782661240	
S1-972323596	
S1-382918407	S2-815197897,S3-318716938,S3-300951713
S1-192702125	
S1-344722897	
S1-220130527	
S1-689099068	
S1-995191535	
S1-792630046	
S1-759469579	
S1-739913606	
S1-219859854	
S1-810901870	
S1-90774651	
S1-957882562	
S1-980249864	
S1-640292722	
S1-408614730	
S1-340718877	S2-541059749,S2-410739542
S1-271309779	
S1-929736443	
S1-711557749	S2-377265768,S2-424991547,S3-774853274
S1-808387672	
S1-245234128	
S1-606904668	
S1-602282766	
S1-843267866	
S1-885019127	
S1-601672529	
S1-58560062	
S1-475345195	S2-535030639,S3-719900306
S1-334878813	S2-73970856,S2-334600947
S1-800000588	
S1-877842361	
S1-413804104	
S1-653899192	
S1-62307364	
S1-24054990	
S1-620483626	
S1-778589880	
S1-941433236	
S1-469451083	
S1-198755614	
S1-853385652	
S1-879153213	
S1-513660819	
S1-497205094	
S1-42390522	
S1-748858650	
S1-47392964	
S1-406345381	
S1-524192950	
S1-354850581	
S1-567346896	
S1-459683312	
S1-855019279	
S1-488703300	
S1-853997105	
S1-543646952	
S1-356367177	
S1-926046032	S2-839039825,S2-854245915
S1-887499606	
S1-561864214	S2-238457762,S2-706072631,S3-866988458,S3-419294141
S1-129069114	
S1-118528045	
S1-725892424	S3-391031349,S2-126500858,S2-830109477
S1-106362368	
S1-736874353	
S1-988031060	
S1-287760985	
S1-521362411	
S1-856634710	
S1-705830679	
S1-310618954	
S1-130405342	
S1-630016872	
S1-326245058	
S1-995470826	
S1-351456514	
S1-236496068	
S1-64387907	
S1-232968032	
S1-835652654	
S1-288279058	
S1-19898865	
S1-925472176	
S1-72122870	
S1-620419495	
S1-802758301	
S1-769910913	
S1-624940322	
S1-912692140	
S1-819425301	
S1-555152592	
S1-772049167	
S1-824708324	S3-18114905
S1-842899589	
S1-22607493	
S1-874578650	S3-286588859,S3-971986158
S1-309664145	
S1-168380823	
S1-296324949	
S1-446860578	S3-632021955
S1-502860665	
S1-899203814	
S1-819822767	
S1-788500898	
S1-406765515	
S1-953278842	
S1-776180109	
S1-266542107	
S1-391697124	
S1-49336190	
S1-118810790	
S1-428476866	
S1-506377819	
S1-909142409	S2-967711427,S2-126564712,S3-421047995,S3-236901051
S1-665257531	
S1-353634590	
S1-169355569	S2-77278407
S1-942103589	
S1-867692673	
S1-590064086	
S1-994194964	
S1-362007077	S2-542284092,S3-799706966,S3-877228516
S1-1513128	
S1-148205523	
S1-748397266	
S1-441059795	S2-699275757,S2-288670098,S2-977701026,S3-146299623
S1-700322492	
S1-987680152	
S1-885613758	
S1-462558518	
S1-151638309	
S1-600079652	
S1-393036351	
S1-114505307	
S1-24377525	
S1-582751123	
S1-101458378	
S1-48268033	
S1-812641344	
S1-106771802	
S1-536548878	
S1-745110187	
S1-138977437	
S1-683443562	
S1-255206895	
S1-584647992	
S1-401934702	
S1-148227840	
S1-600876573	
S1-874469872	
S1-26342128	
S1-333918505	
S1-808539278	
S1-774929385	
S1-296292913	
S1-90819598	
S1-519043782	
S1-249985871	
S1-743643527	
S1-381526862	
S1-387219394	
S1-779877167	
S1-926706330	
S1-516847420	
S1-263776133	
S1-937627656	
S1-993681177	
S1-481198748	
S1-583403145	
S1-99757953	
S1-148426166	
S1-952334203	
S1-671036070	
S1-935183168	
S1-59615353	
S1-26641093	
S1-612100636	
S1-433395286	
S1-653944048	
S1-111522275	
S1-563672889	
S1-418962720	
S1-625790497	S2-867848879,S3-773782642
S1-652696809	
S1-758989881	
S1-259759971	
S1-334688761	
S1-325314964	
S1-370269815	
S1-7310860	
S1-973269414	
S1-982605824	
S1-599541153	
S1-694760190	
S1-524341101	
S1-253121843	
S1-970439296	
S1-386935441	S3-540108770,S3-937476676
S1-228648650	S3-654897645,S3-686270266,S3-361065996
S1-70089969	
S1-946774848	
S1-98527856	
S1-225533819	
S1-785448077	S2-507430998,S3-722285439,S3-551492245,S3-771206431
S1-889691725	
S1-508296325	
S1-524343644	
S1-878080119	
S1-157935122	
S1-637227575	
S1-431030954	
S1-664160755	
S1-833767754	
S1-53535443	S2-558058170,S3-400003377,S2-555936713,S3-247286892
S1-666366622	
S1-351322363	
S1-201723647	S2-418843588,S3-290826468
S1-126164793	
S1-133959592	
S1-176169428	
S1-808988792	
S1-824401433	
S1-502732960	
S1-956605314	
S1-793773354	
S1-626832490	
S1-515260719	
S1-849095868	
S1-727090006	
S1-105795845	
S1-615388096	
S1-803643313	
S1-716997056	
S1-65872475	S3-713088306,S3-554943619,S2-940541486,S2-484899585
S1-732635576	
S1-376391153	S3-528551133,S3-126000445,S3-82618932
S1-136271529	
S1-910256038	
S1-41669896	
S1-240569779	
S1-657328875	
S1-74050527	
S1-915354260	
S1-551687251	
S1-647407467	S2-371841908,S2-606597967,S3-511550286,S2-142539520
S1-481101130	
S1-263217317	
S1-436429616	
S1-544825765	
S1-816124711	
S1-133539830	
S1-380737728	
S1-930133817	
S1-699693410	
S1-575706096	
S1-534655734	
S1-30828216	
S1-697147108	
S1-904758078	
S1-280504480	
S1-428554689	
S1-172694254	
S1-95007647	
S1-146784976	
S1-620626249	
S1-864384633	
S1-214484592	
S1-905439747	
S1-212938071	
S1-180815169	
S1-881309625	
S1-461162317	
S1-51545808	
S1-328536879	
S1-148103826	
S1-907642928	
S1-260909680	
S1-816060561	
S1-997473646	
S1-393705978	
S1-948688658	S3-30394402,S2-104675202,S2-736256243,S2-888105299,S3-270012263
S1-451649719	
S1-142450110	
S1-241047790	
S1-15809433	
S1-447551582	
S1-640768528	
S1-539077121	
S1-68782389	
S1-507090098	
S1-383452443	
S1-830562506	
S1-54139465	
S1-208850889	
S1-503974195	
S1-951172962	
S1-266201862	
S1-849502945	
S1-420666165	
S1-517810356	
S1-909236347	
S1-914319020	
S1-335467078	
S1-334621022	
S1-964560017	
S1-98038709	S3-368563771
S1-434692960	
S1-841680530	
S1-327135615	
S1-526825428	
S1-313521458	
S1-930785214	
S1-552100000	
S1-355957686	
S1-789557648	
S1-720579290	
S1-418436620	
S1-869207590	
S1-298284741	
S1-838555290	
S1-173658832	
S1-117272884	
S1-273837110	S3-836569588,S3-822987086,S2-565302189
S1-93255529	
S1-797436370	
S1-285599575	
S1-882417627	
S1-676267011	
S1-67039389	
S1-856344128	
S1-126947501	
S1-362196933	
S1-893716083	
S1-554868625	
S1-181286535	
S1-368376524	
S1-54389296	
S1-741667118	
S1-187953122	
S1-268468322	
S1-636949464	
S1-843987205	
S1-516874070	
S1-205966635	
S1-761659901	
S1-450889110	
S1-717553612	
S1-981133107	
S1-999254032	
S1-842729103	
S1-329035854	
S1-389365492	
S1-354173034	
S1-822378625	
S1-876813285	
S1-355909040	
S1-408698296	
S1-824809285	
S1-777553586	
S1-452491737	
S1-544446121	
S1-893906980	
S1-203060484	
S1-906343084	
S1-87472581	
S1-992744081	
S1-464422004	
S1-541020533	
S1-167948432	
S1-263033127	
S1-374228375	
S1-171430728	
S1-799667446	
S1-239344069	
S1-7713920	
S1-205928544	
S1-596114321	
S1-725986373	
S1-248992429	
S1-107553967	
S1-738569760	
S1-17842555	
S1-686948498	
S1-250946294	S3-814902114,S3-464109723,S2-707412709
S1-876690935	
S1-511496936	
S1-286601819	
S1-485912364	
S1-13397908	
S1-620276106	
S1-980120757	
S1-905233971	
S1-67233554	
S1-217917507	S2-682457889,S3-436327150,S3-913934396,S2-490049506,S2-102855313,S2-319351262
S1-33389796	
S1-875178451	
S1-77746613	
S1-972202450	
S1-525196650	
S1-384818431	
S1-718663683	
S1-553399282	
S1-874951354	S2-18266794,S3-267554412,S3-922626468,S3-11446847
S1-901982494	
S1-76248975	
S1-578679432	
S1-557250844	
S1-753901677	
S1-358700759	
S1-250470483	
S1-162165934	
S1-145768302	
S1-554837293	
S1-499323564	
S1-547557261	
S1-866392155	
S1-268276105	
S1-117811216	S3-326978756,S2-480838228
S1-7681588	
S1-907694062	
S1-874330329	
S1-874422053	
S1-724703736	
S1-949847040	
S1-154147183	
S1-38997318	
S1-697490292	
S1-365580092	
S1-441793802	
S1-183948	
S1-496252194	
S1-909925765	
S1-898791058	
S1-688040223	S2-432393399,S3-682400267
S1-645732737	
S1-791846475	
S1-473035061	
S1-851359159	
S1-756286312	
S1-640446643	
S1-808032311	
S1-551230653	
S1-839699821	
S1-889847533	
S1-775070557	S2-972648014
S1-250288102	
S1-234430131	
S1-815940846	
S1-69338794	
S1-2721770	
S1-971765538	
S1-729605601	
S1-924446329	
S1-269539314	
S1-246881954	
S1-313832870	
S1-569714450	
S1-8851021	S3-934938519
S1-753503866	
S1-452254893	
S1-870879704	
S1-522940895	
S1-874958435	
S1-235042749	
S1-746573009	
S1-51011417	
S1-27756730	
S1-966597546	
S1-984591654	
S1-457967489	
S1-229574890	
S1-338453992	
S1-282644108	
S1-663517414	
S1-385062729	
S1-436653219	
S1-600199982	S2-620563809,S3-83252089
S1-508015473	
S1-837148169	
S1-850866528	
S1-396060467	
S1-87135860	
S1-123633579	
S1-705207137	
S1-602232026	
S1-575613856	
S1-178934209	S2-766371300,S2-631831896
S1-29660284	
S1-656427409	
S1-471967443	
S1-27667649	
S1-826449169	S2-953615155,S2-671150692,S3-824585939,S3-739965327
S1-406376	
S1-505227931	
S1-386190954	
S1-355337818	
S1-930781924	
S1-810992214	
S1-231915609	
S1-93795793	
S1-974979584	
S1-520238380	S2-484193136,S2-833025855,S3-625740504,S3-724880979,S3-355566860,S3-150255878
S1-463840477	
S1-112519932	
S1-8964596	
S1-239979377	
S1-106097673	
S1-188149485	
S1-198772746	
S1-656601534	
S1-690595270	
S1-937176312	S3-740101210,S2-826552208
S1-363169073	S2-598088857,S3-572079778
S1-236025667	
S1-817133365	
S1-189876441	
S1-572941373	S3-928461931,S2-545745105
S1-831010385	
S1-480429555	
S1-691641112	
S1-41843572	
S1-616333858	
S1-469458192	
S1-259073829	S2-166401497,S3-457288743,S3-404179222
S1-625442809	
S1-380167154	S3-105055300
S1-466767453	
S1-615273799	
S1-674065309	
S1-918451675	
S1-404292032	
S1-398117646	
S1-223166161	
S1-335644193	
S1-473559061	
S1-789300208	
S1-644169106	
S1-60764513	
S1-625366386	
S1-958612070	
S1-766795777	S2-785484343,S3-516301409,S3-76986745,S3-419358344
S1-461402083	
S1-305701202	
S1-716719967	
S1-597845753	
S1-399997493	
S1-870677295	
S1-107537948	
S1-842546763	
S1-151753430	
S1-101733062	
S1-571253052	
S1-130793898	
S1-287661612	
S1-283390144	
S1-405315900	
S1-543038170	
S1-692336969	
S1-353048916	
S1-472480365	S2-43888229,S3-803220975,S2-422764153,S2-430686531,S2-333961865
S1-628936852	
S1-610506540	
S1-312852713	
S1-515344846	
S1-286312961	S2-326865113,S3-732868796,S2-858957202,S3-272765222
S1-718111333	
S1-954330866	
S1-924077281	
S1-661728850	
S1-35577681	
S1-784053306	
S1-971469048	
S1-474066057	
S1-287682229	
S1-804342331	
S1-154566559	
S1-736831985	S2-422786327,S3-770022670
S1-43839264	
S1-766141699	
S1-609199925	
S1-228008290	
S1-621003734	
S1-134936998	
S1-327958976	
S1-576220823	S3-19891543,S2-613185655
S1-118512370	
S1-271951173	
S1-625970269	
S1-217647343	
S1-785003289	
S1-562760036	
S1-570922345	
S1-766372358	
S1-738077833	
S1-332760728	
S1-130659136	S2-693661251,S3-623930075,S3-770342199
S1-185302322	
S1-654714336	
S1-747798224	
S1-259111477	
S1-719676702	
S1-456160990	
S1-299190819	
S1-803617912	
S1-616985747	S3-568582467,S2-824587052,S2-676277735
S1-858362158	
S1-219181367	S3-895262753,S3-322104090
S1-951903151	S2-456076824,S3-584493566,S3-91097766
S1-599862118	
S1-437527511	
S1-978089017	S3-268697179,S2-131689632
S1-108436870	
S1-562931942	
S1-435713161	
S1-432012270	
S1-123381059	S3-588336680,S3-490558511,S2-25332942,S2-641139196
S1-928328598	
S1-380063443	
S1-792142350	
S1-876781182	
S1-507473763	
S1-69512741	
S1-958404442	
S1-360263014	
S1-393260993	
S1-630472954	
S1-782036621	S3-876633871,S2-405959468,S3-466656558
S1-372762899	S2-152833963
S1-759712876	
S1-595753739	
S1-562699525	
S1-382008055	
S1-184466265	
S1-272358511	
S1-867459822	
S1-631314990	
S1-45778632	
S1-732713745	
S1-876293000	
S1-708050813	
S1-372040558	
S1-6836053	
S1-133963542	
S1-783547190	
S1-316636628	
S1-492586368	
S1-628894078	
S1-849343428	
S1-669331664	S2-291258392,S2-908909087,S2-631182837,S3-861880871,S2-581098016
S1-318521886	
S1-853092240	
S1-427574951	
S1-977455138	
S1-334050302	
S1-712069532	
S1-102175323	
S1-429974045	S2-406835035,S2-928393266,S2-344349555
S1-993514145	
S1-960974453	
S1-191590929	
S1-617545907	
S1-840875679	S3-46061323
S1-659948356	
S1-592829662	S3-920146442,S2-894885712,S3-905459258
S1-779455462	
S1-377236450	
S1-788265595	S2-543983487,S2-607083128,S2-115423715,S3-641884677
S1-191292384	
S1-754002992	
S1-598170659	
S1-121426953	
S1-36225714	
S1-200208596	
S1-611972619	
S1-360189418	S3-153659213
S1-692351117	
S1-58873701	
S1-137629167	
S1-414719492	
S1-875711499	
S1-695122727	
S1-927070045	
S1-809112307	
S1-130140438	
S1-16141276	S3-697212038,S2-840607960,S3-429332751,S2-695731093
S1-534772968	
S1-476144561	
S1-542848480	
S1-99713858	
S1-346814537	
S1-684564127	
S1-766120647	
S1-471122185	S3-84020230,S2-587740885
S1-801473152	
S1-772020243	
S1-824366296	
S1-327634379	
S1-78988524	
S1-655578	
S1-588136436	
S1-385354107	
S1-111805079	
S1-621925531	
S1-568873685	
S1-942670455	
S1-574638642	
S1-54555680	
S1-417705487	
S1-386663071	
S1-263768622	
S1-448629303	
S1-515500517	
S1-211740239	
S1-695899491	
S1-39734164	
S1-83180180	
S1-804961134	
S1-850680379	
S1-78078578	
S1-535184161	
S1-849471423	
S1-338907219	
S1-314993207	
S1-276412533	
S1-820185985	
S1-122263413	
S1-757318468	
S1-659027312	
S1-247929988	
S1-671885072	
S1-956021416	
S1-957199848	
S1-623766742	
S1-138979911	
S1-199493266	
S1-910656310	
S1-733315894	S2-638986628,S3-38242424,S2-345371426,S3-29746938
S1-621662991	
S1-330959882	
S1-861908520	
S1-273414003	
S1-523761565	
S1-343313382	S3-288664175
S1-438196346	
S1-665409833	
S1-140062926	
S1-11563528	
S1-994625747	
S1-110176503	
S1-916621429	
S1-575339908	
S1-620938831	
S1-271763024	
S1-482571622	
S1-494379501	
S1-688576837	
S1-910779264	
S1-338370224	
S1-872765410	
S1-885126876	S2-660544843,S3-820513394,S3-898803946,S3-183134363
S1-10015890	
S1-666788221	
S1-161265375	
S1-509968077	
S1-39972947	
S1-247564649	
S1-184983228	
S1-445327230	
S1-360413929	
S1-483489203	
S1-316936610	
S1-797119898	
S1-804400987	
S1-264643632	
S1-832974002	
S1-355016285	
S1-359341949	
S1-803420506	
S1-965836048	
S1-243252953	
S1-903799166	
S1-945758616	S2-17594258,S2-306931951,S2-192620417
S1-863389005	
S1-109075580	
S1-603325481	
S1-847053105	
S1-590921671	
S1-867498355	
S1-400474708	
S1-429447486	
S1-26996013	
S1-885991900	
S1-764361511	S2-277809682,S2-998135012
S1-25060054	
S1-146877405	
S1-957558958	
S1-728399320	
S1-611806417	S3-837308090,S3-813907108,S2-566225854,S3-216677158
S1-584763062	
S1-649184136	
S1-772802480	
S1-265909712	
S1-740567789	
S1-551782384	
S1-608595135	
S1-109399068	
S1-96775404	
S1-355804451	S2-562291069
S1-606092533	
S1-686659069	
S1-893952409	
S1-539639955	
S1-5930487	
S1-56269376	
S1-996021782	
S1-559459113	
S1-212504728	
S1-620536268	S2-743651234,S3-181980127
S1-97205290	S3-581596554,S3-32016789,S3-404346576,S3-557705054
S1-915671013	
S1-620835944	
S1-92362721	
S1-926188085	
S1-819149212	
S1-546114378	
S1-675482634	
S1-759778311	
S1-660104511	
S1-610700728	
S1-313303342	
S1-107658690	
S1-852466051	
S1-287019481	S3-777913689,S2-644350787
S1-535135426	
S1-869575306	
S1-488913325	
S1-743247778	S2-858522291
S1-322964615	
S1-475689625	
S1-514159052	
S1-922137559	
S1-416823725	
S1-613898273	
S1-347624389	
S1-580676278	
S1-874812723	
S1-348058230	
S1-149002166	
S1-504038075	
S1-151616396	
S1-490838554	
S1-894938153	
S1-310269716	
S1-84537075	S3-566096098,S2-85106954,S2-711309481
S1-337229964	
S1-275944682	
S1-39333388	
S1-372786244	
S1-979863048	
S1-774366220	
S1-282294673	
S1-531492505	
S1-907307976	
S1-649397125	
S1-376809402	
S1-470124196	
S1-932246856	
S1-612934188	
S1-697069788	
S1-419861921	S2-854140896,S2-121823703
S1-105606729	S2-779415417,S3-273925285,S3-149199139,S2-886699755,S2-156750674
S1-578935377	
S1-276080861	
S1-668105264	
S1-571767446	
S1-535719403	
S1-913126521	S2-69667717,S2-512210334,S3-611822193,S3-188103753
S1-90533296	
S1-623098979	
S1-869363026	
S1-817515210	
S1-291090532	
S1-440618182	S3-935414223,S3-831369132,S2-288991897
S1-842439783	
S1-600777946	
S1-277402186	
S1-24985113	
S1-361219298	
S1-29973521	
S1-364568820	
S1-274980570	
S1-624079998	
S1-102135840	
S1-780725040	
S1-117676050	
S1-331391160	
S1-164479658	
S1-274673629	
S1-797931480	
S1-731621265	
S1-541540473	
S1-725877818	
S1-251299590	
S1-195274561	
S1-331583562	
S1-340572136	
S1-349424940	
S1-511613592	
S1-447198129	S2-574754028
S1-977472586	
S1-263653744	
S1-382821426	
S1-457457135	
S1-851386320	
S1-195119684	
S1-723441746	S3-5282242
S1-450852753	
S1-189978488	
S1-709980279	
S1-783767022	
S1-616478809	
S1-963649575	
S1-287541726	
S1-136642170	
S1-417813540	
S1-573045390	
S1-531972184	
S1-838621302	
S1-268658645	
S1-829723080	
S1-103066113	
S1-110955608	
S1-224290523	
S1-204991658	
S1-173798916	
S1-416815553	
S1-177320024	
S1-512925534	S2-52626823,S2-83113243
S1-24103865	
S1-352275907	
S1-502005916	
S1-930749498	
S1-587684713	
S1-215707398	
S1-73110342	
S1-704998146	
S1-867121644	S2-660217968,S3-56844924
S1-503495308	
S1-284263206	
S1-195768343	
S1-809379376	
S1-413065114	
S1-78947900	
S1-598928378	
S1-659361867	
S1-793024649	S3-987679240,S3-381507694
S1-846376758	
S1-803216512	
S1-8363423	
S1-269694528	
S1-392356173	
S1-170773926	
S1-99995000	
S1-619014293	S3-784738267,S2-446250976,S2-294479626
S1-895845968	
S1-178012440	
S1-610115845	
S1-464059661	
S1-455847145	
S1-457056351	
S1-244538608	
S1-942181659	
S1-248897696	
S1-289932390	
S1-35052350	
S1-247118388	
S1-767315500	
S1-217879569	
S1-575179514	
S1-236808834	
S1-115590573	
S1-612744353	
S1-14762969	S2-58571958,S3-400491172,S3-186328846,S3-921765058,S3-996311321
S1-46474125	
S1-351677621	
S1-134836324	
S1-486517981	
S1-741887197	
S1-876562035	
S1-250700958	
S1-426938243	
S1-123968010	
S1-860257264	
S1-712643033	
S1-936397896	
S1-441278179	S2-958820889,S2-328452298,S3-746470063
S1-347981864	
S1-874815623	
S1-281259477	
S1-569928038	
S1-622249776	S2-631237385,S3-724431177,S3-699941282
S1-60951741	
S1-323454871	
S1-239741328	
S1-340342208	
S1-643245745	
S1-974677807	
S1-556999474	
S1-925619569	
S1-977748881	
S1-130539228	
S1-377173731	
S1-870283371	
S1-848058748	
S1-348599019	
S1-705795402	
S1-483751209	
S1-197852297	
S1-278390703	
S1-774713020	
S1-868491739	S3-639033880,S2-26123557,S2-127744869,S3-635601842
S1-944195409	
S1-288650091	
S1-632233926	
S1-727982086	
S1-693962396	
S1-443085570	
S1-149670643	
S1-567515409	
S1-570445697	
S1-814388599	
S1-969896482	
S1-500779829	
S1-708524658	
S1-305296122	
S1-325768763	
S1-488863001	
S1-41130066	
S1-449213832	
S1-81273588	
S1-16787387	
S1-112814369	
S1-584678798	
S1-279676316	
S1-184125083	
S1-53778352	
S1-644258502	
S1-491413308	
S1-351876810	
S1-588238138	
S1-398496870	
S1-916477355	
S1-780756999	
S1-745472917	
S1-83964238	
S1-568994507	
S1-969074002	
S1-66918639	
S1-307780167	
S1-28354325	
S1-105069987	
S1-453796406	S2-957252982
S1-509456167	
S1-975176013	
S1-487465669	
S1-204889973	
S1-302128944	
S1-207702331	
S1-932430588	
S1-307327482	
S1-850780177	S3-104459028,S3-621039587,S3-975119861,S2-409860644
S1-206302032	
S1-562162276	
S1-934129786	
S1-586734417	
S1-758801356	
S1-414758050	
S1-443497868	
S1-506178425	
S1-772520762	
S1-943612683	
S1-314553277	
S1-840591491	
S1-989617173	
S1-102245478	
S1-519812788	
S1-361584388	
S1-334054594	
S1-749605722	
S1-933755120	
S1-559491107	
S1-159256225	
S1-855470334	
S1-520072818	
S1-619807351	
S1-288483397	
S1-467408826	
S1-424575242	
S1-503537903	
S1-99428931	
S1-713493408	
S1-774557203	
S1-861177251	
S1-545891072	
S1-87132997	
S1-13952076	
S1-892371607	
S1-920309067	
S1-69349050	
S1-291875860	S2-61258414
S1-782007459	
S1-583829116	
S1-576461531	
S1-256040553	
S1-125828574	
S1-235739743	
S1-623630237	
S1-200936555	
S1-646658736	
S1-895791043	
S1-594485351	
S1-212451485	
S1-513968003	
S1-471039399	
S1-748583165	
S1-536879606	
S1-608190549	
S1-654281596	
S1-726098724	S3-322716835,S3-622913099,S2-827132019
S1-236073441	
S1-837598990	
S1-596355574	S2-838141762,S3-767451839,S3-485424246
S1-780580958	
S1-599817155	
S1-397640583	
S1-467380620	
S1-580854768	S2-937550610
S1-241470995	S3-450294557,S2-208919682
S1-791091150	
S1-685050237	
S1-570100576	
S1-469447959	
S1-794939859	S2-105825202
S1-22783151	S3-941293650
S1-185609520	
S1-907153833	
S1-599587404	
S1-413177550	
S1-973784258	
S1-462097482	
S1-38744696	
S1-682005217	
S1-519441672	
S1-779069891	
S1-924622688	
S1-679284388	S3-263156566,S2-766413741,S2-54196866,S3-455015547,S3-354615926
S1-668292520	
S1-100824237	
S1-48569298	
S1-216534543	
S1-240593306	
S1-211874329	
S1-703287042	
S1-484666454	
S1-692398377	
S1-145609397	
S1-102473879	
S1-786042658	S3-864705248,S3-665050970,S3-616593434
S1-78392161	
S1-36862436	
S1-671120913	
S1-673020347	
S1-52776423	
S1-704862562	
S1-900399503	
S1-664013102	S2-779059825
S1-322221132	
S1-426557957	S2-313956594,S2-34416102,S3-392604308,S2-851924052
S1-520183896	
S1-508200760	
S1-29645850	
S1-124577502	
S1-401344368	
S1-996057535	
S1-68381915	
S1-683171516	
S1-569302839	
S1-202140118	
S1-886329145	
S1-907050026	
S1-457629168	
S1-714625593	
S1-630721611	
S1-610045807	
S1-205796293	
S1-240318864	
S1-889397614	
S1-709221994	
S1-28994718	
S1-828801076	
S1-818342792	
S1-153911664	
S1-35128317	
S1-959101263	
S1-698930186	
S1-941972979	S3-912008108
S1-505361583	
S1-379264044	
S1-792783639	
S1-934149881	
S1-958763052	
S1-536094744	
S1-24116274	
S1-545060146	
S1-584162190	
S1-78257063	
S1-221425792	
S1-83398736	
S1-84008495	
S1-962586263	
S1-928015165	
S1-240897547	
S1-869633682	
S1-507560211	
S1-3432310	
S1-156373750	
S1-845981106	
S1-727774506	
S1-115098763	
S1-873495058	
S1-72787271	
S1-503624587	
S1-223124775	
S1-535916106	
S1-697448614	
S1-29600370	
S1-604955705	
S1-943596323	
S1-47306711	
S1-377438932	
S1-132328070	
S1-330543887	
S1-316205403	
S1-283127304	
S1-900639249	S2-345086776,S2-263315487,S3-120395569,S3-866230326
S1-800586306	
S1-633686797	
S1-745868890	
S1-19692437	
S1-553299556	
S1-791442210	
S1-948864472	
S1-64292213	
S1-757664845	
S1-228826226	
S1-70442231	
S1-628637553	S2-457604155,S2-537071124,S3-740180097,S2-960069445
S1-660979475	
S1-464611336	
S1-986991213	
S1-788819598	
S1-337094601	
S1-547185889	
S1-900639135	
S1-93721802	
S1-567383175	
S1-530901436	
S1-501592743	
S1-397527491	
S1-376232960	
S1-289655710	
S1-270658743	
S1-163182989	
S1-321444163	
S1-220150397	
S1-601511750	
S1-566873047	
S1-715792007	
S1-486266602	
S1-518336688	
S1-82394557	
S1-61633017	
S1-746798370	
S1-473107012	
S1-939485795	S3-144803257,S2-836252692
S1-924873800	
S1-127893152	
S1-834007263	
S1-447695568	
S1-963064219	S2-713980850,S3-573420232
S1-536979386	
S1-695029591	
S1-901848071	
S1-809936057	
S1-721295241	
S1-801069589	
S1-517691829	
S1-805566251	
S1-105135325	
S1-361854276	
S1-974507737	
S1-899812375	
S1-148381346	
S1-656396286	
S1-820811852	
S1-835214552	S2-554736091,S3-650108486,S2-384667032
S1-8550312	
S1-721561294	
S1-500844154	
S1-243789003	
S1-380276341	
S1-635611958	
S1-791974589	
S1-343469863	
S1-354264607	
S1-489378292	
S1-964795164	
S1-447653081	
S1-63492254	
S1-618195203	
S1-489003121	
S1-712310180	
S1-928150612	
S1-88609233	
S1-20759429	
S1-920936411	
S1-893600925	
S1-79441532	
S1-562474687	
S1-788988091	S2-392727631,S2-885818366,S2-255421685
S1-876035589	
S1-285761595	
S1-880475367	
S1-99605902	
S1-304427249	
S1-895530935	
S1-312478796	
S1-813945401	
S1-236006806	
S1-383125253	
S1-554699686	
S1-595047270	
S1-799055059	
S1-671233372	
S1-476705719	
S1-870666532	
S1-566295159	
S1-692497473	
S1-146494329	S3-688620155,S2-21075834,S2-132142295
S1-758721919	
S1-742866137	
S1-326983067	
S1-397076570	
S1-570976755	
S1-342302106	
S1-166743406	
S1-693305391	
S1-540165333	
S1-947470581	
S1-607423620	
S1-155756913	
S1-859581332	
S1-951791329	
S1-147243649	S3-805592238,S3-376373827,S3-157954149,S2-558810383
S1-452843580	
S1-639052024	
S1-68863089	
S1-454891627	
S1-55120945	
S1-261904368	
S1-807966432	
S1-171011360	
S1-631641125	S2-125130111,S3-140898503,S2-321401816,S2-76787341,S3-813587469
S1-661190763	
S1-42258730	
S1-290358812	
S1-433385123	
S1-372434800	
S1-189663062	
S1-330730674	
S1-542880682	
S1-737263486	
S1-659996150	
S1-73455903	
S1-249506337	
S1-754900439	
S1-713239409	S2-688345850
S1-578959103	
S1-566601074	
S1-422744817	
S1-503947577	
S1-811511260	
S1-534253989	
S1-430516027	
S1-484152369	
S1-262609205	
S1-683499449	
S1-919164462	
S1-522763081	
S1-242763164	S2-688542386
S1-775039656	
S1-228497758	
S1-898070619	
S1-574361993	
S1-821808031	
S1-736525108	
S1-474207326	
S1-248976846	
S1-712549727	S3-132292956
S1-181122993	
S1-127346776	
S1-149791512	
S1-248172298	
S1-629269644	
S1-862108692	
S1-61819739	
S1-620660106	
S1-623153195	S2-79972414
S1-705638280	
S1-159951689	
S1-426335418	
S1-654578375	
S1-627691844	
S1-608874640	
S1-272294568	
S1-340475110	
S1-285173378	
S1-703455203	
S1-53115850	
S1-534860297	
S1-486614627	
S1-736849840	
S1-850288010	
S1-735408179	
S1-750784655	
S1-990125276	
S1-748778339	
S1-732374765	
S1-303231227	
S1-850088528	
S1-318565580	
S1-183514020	
S1-525794098	S2-600373873,S2-136712340
S1-463291332	S2-515258539
S1-255692468	
S1-874419465	
S1-383357446	
S1-175182955	
S1-967511987	
S1-13321219	
S1-370360276	
S1-39842416	
S1-854876973	
S1-111915169	
S1-6775539	
S1-784169140	
S1-127853721	
S1-685875803	
S1-586047669	
S1-554536387	
S1-930183882	
S1-913540330	
S1-492434677	
S1-891682534	
S1-972976678	
S1-90279470	
S1-504350501	
S1-974614398	
S1-205599474	
S1-232391007	
S1-111449860	
S1-383115155	
S1-307153352	
S1-55010238	
S1-183442841	
S1-423134950	
S1-398868483	
S1-33351380	
S1-172784253	
S1-516407177	
S1-145716693	
S1-455097743	
S1-394788668	
S1-694127673	
S1-520289396	
S1-51896727	
S1-753075733	
S1-734223441	
S1-831029143	
S1-996686491	
S1-103126177	
S1-740773940	
S1-50985798	
S1-178787358	
S1-44430071	
S1-215182906	
S1-262845473	
S1-882476963	
S1-212657812	
S1-717849881	
S1-975952203	
S1-969010299	
S1-183032628	
S1-244580492	
S1-232309634	
S1-560192486	
S1-314776353	
S1-752742065	
S1-15747185	
S1-162762872	
S1-550996971	
S1-25627850	
S1-534853218	
S1-816685191	
S1-480485997	
S1-753007109	
S1-53211107	
S1-63327386	
S1-46321683	
S1-508160757	
S1-334777191	S2-974232369,S2-77192544
S1-442225971	
S1-667757213	
S1-358403549	
S1-357148534	
S1-938961988	
S1-911280877	
S1-773910681	
S1-505076726	
S1-460533654	
S1-784098031	
S1-864182379	
S1-497733864	
S1-861350543	
S1-501487814	
S1-123938121	
S1-331072821	
S1-883464018	
S1-799441524	
S1-647941792	
S1-291813387	
S1-928790882	
S1-895071446	
S1-527154888	
S1-697170808	S2-586100320,S2-655555575,S2-514420122,S3-739595261
S1-132069470	
S1-786464518	
S1-628746470	
S1-477361011	
S1-470094334	
S1-465642544	
S1-561887506	S3-41393524,S2-754286438
S1-199129513	
S1-505250819	
S1-749613706	
S1-511306815	S3-471027611,S2-74282617
S1-364054224	
S1-906559111	
S1-92771948	
S1-112257569	
S1-196399198	
S1-878140681	
S1-92428560	
S1-19518851	
S1-745408599	
S1-244263963	
S1-553267387	
S1-724579210	
S1-433482592	
S1-892559433	S3-537299152
S1-402087629	
S1-952646453	
S1-117698286	
S1-67297394	
S1-983309723	
S1-161263129	
S1-764244743	S2-188403694,S3-327137275,S2-512731019
S1-442708528	
S1-346261397	
S1-151502066	
S1-479579224	
S1-562052005	
S1-907448678	
S1-98637244	
S1-526038390	
S1-142070315	
S1-274780036	
S1-947829061	
S1-923987642	
S1-566683589	
S1-107651275	
S1-269007108	S3-175701706,S2-212144877,S3-921674948
S1-815873246	
S1-321093159	S2-495160331,S2-553685060
S1-511887894	
S1-205585935	
S1-607818815	S2-710043910,S2-580060483,S2-460552614
S1-910962727	S3-284224928,S3-483965696,S3-661941868
S1-64865353	
S1-365878173	
S1-691291606	
S1-524452589	
S1-282191348	
S1-799986414	
S1-773340719	
S1-721869655	
S1-158482964	
S1-682715691	
S1-846272216	S3-524091202,S3-480914240,S3-653410194,S3-295977879,S2-118314921
S1-194834949	
S1-66806246	
S1-729954343	
S1-568251507	
S1-9565807	
S1-152444289	
S1-568232914	
S1-145664388	
S1-68203118	
S1-300343861	
S1-921861835	
S1-959230752	
S1-89970441	
S1-702662686	
S1-55110105	
S1-912149263	
S1-828123488	
S1-423428832	
S1-119481449	
S1-635210684	
S1-219605130	
S1-857513135	
S1-751596174	
S1-979374282	
S1-334232187	
S1-203066110	
S1-917550904	
S1-831234424	
S1-678203711	
S1-267879578	S2-522417251,S2-563774764,S3-548530080,S2-234618478,S2-200348750
S1-596652988	S2-226630180,S2-896154899,S2-104820626,S3-356735284
S1-812007053	
S1-553296181	
S1-683086466	
S1-342311389	
S1-15041991	
S1-191316309	
S1-244013090	
S1-274211841	
S1-780975750	
S1-518789291	
S1-919412880	
S1-497978898	
S1-511848659	
S1-459057707	
S1-473459441	
S1-71518094	
S1-877468327	
S1-478061823	
S1-237742101	
S1-234799994	
S1-329683148	
S1-521816569	
S1-152684414	
S1-71853186	
S1-838775405	
S1-993961758	
S1-981408295	
S1-389919268	
S1-968010066	
S1-534078655	
S1-499457829	
S1-241387504	
S1-713046093	
S1-634629510	
S1-233306680	
S1-863766194	
S1-745677974	S2-63867760,S2-828191629
S1-483126145	
S1-66792781	
S1-264995433	
S1-715077989	
S1-598511223	
S1-718037533	
S1-768234896	S3-667218241,S3-85069011,S2-463195079
S1-118105384	
S1-389772367	S3-134113425,S2-576107765,S2-985773391
S1-555166300	
S1-189371656	
S1-524294061	
S1-367586627	
S1-191132922	
S1-441520740	
S1-381010506	
S1-482246764	
S1-584259357	
S1-441200307	
S1-170012565	
S1-765047803	
S1-991844054	
S1-738043064	
S1-356799839	
S1-220914917	
S1-486630752	
S1-634996038	S3-524270117,S3-222639496,S3-194590246,S2-751511960,S3-861861296,S2-710720952
S1-513700432	
S1-365101649	
S1-531280006	
S1-833145835	
S1-760044974	
S1-164451034	S2-744228996
S1-561952244	
S1-518045052	
S1-284218155	
S1-340426497	
S1-155935439	
S1-789640186	
S1-270207149	
S1-364806294	
S1-301191529	
S1-763699029	
S1-255791905	
S1-264286945	
S1-294027368	
S1-641893101	
S1-899518669	
S1-159555426	
S1-87899811	
S1-572256095	
S1-594235202	
S1-845623492	
S1-81464501	S2-599356599,S2-808506009,S3-485112376,S2-933460828,S2-115791278
S1-118100798	
S1-368149598	
S1-433486496	
S1-505708641	
S1-975693017	
S1-633589674	
S1-407059203	
S1-532882952	
S1-900637137	S3-446368763,S3-684123739
S1-27596253	
S1-914184157	
S1-606393596	
S1-900431558	
S1-539525049	
S1-247208828	
S1-884636999	
S1-319179581	
S1-528859927	
S1-514338042	
S1-448418211	
S1-234017027	
S1-779247548	
S1-11010571	
S1-309935059	
S1-970199179	
S1-881130549	
S1-493595708	S2-280797961,S3-967551186
S1-166762896	
S1-998038166	
S1-436595309	S2-378668714,S3-120225888
S1-127955834	
S1-620840588	
S1-372743813	
S1-82205596	
S1-409906801	
S1-254616789	
S1-509364858	
S1-177632015	
S1-124534868	
S1-797431279	
S1-754628853	S3-708785012,S3-382103352,S2-748630688
S1-105718195	
S1-107423834	
S1-597438945	
S1-128471450	
S1-179907933	
S1-803609328	
S1-305442676	
S1-433582051	
S1-569132264	
S1-288106814	
S1-299530639	S3-827020408
S1-41271442	
S1-497437901	
S1-767845223	
S1-953598645	
S1-417911820	
S1-179637561	
S1-343359611	
S1-679754637	
S1-830252254	
S1-346276936	
S1-489255633	
S1-84092538	
S1-530896683	
S1-158565674	
S1-494413089	
S1-339291933	
S1-887123492	S2-437382361
S1-873841182	
S1-737900643	
S1-811973697	
S1-356883023	
S1-580012540	
S1-916886679	
S1-361452106	
S1-617480816	
S1-136804555	
S1-390233289	
S1-732822058	
S1-639679612	
S1-701474916	
S1-868038594	
S1-255516059	
S1-45171547	
S1-822322006	
S1-368805076	S3-605937995,S2-15222268,S3-595772140
S1-67041997	
S1-191403926	
S1-163545256	
S1-496665067	
S1-579649034	
S1-960112203	
S1-867648440	
S1-349640357	
S1-448428447	
S1-637420588	
S1-911091004	
S1-134531939	
S1-954573420	S2-7696237,S2-690573080,S3-145083281,S2-485838744
S1-951151165	
S1-212664081	
S1-476002534	
S1-244399199	
S1-216309388	
S1-481769857	S3-483996824,S2-394624432,S3-695626958,S2-610932476
S1-298079568	S2-826479676,S2-640370969,S2-499421691,S3-654700035
S1-439606492	
S1-518959295	
S1-307119124	
S1-673544849	
S1-791019027	
S1-233268235	
S1-40228747	
S1-317856184	
S1-438783616	
S1-937332389	
S1-990585814	
S1-655570049	
S1-959265174	
S1-882165443	
S1-199629222	
S1-225242344	
S1-816875554	
S1-564289423	
S1-205410940	
S1-411241153	
S1-296233250	
S1-978597738	
S1-632174055	
S1-193796920	
S1-859625888	
S1-658821273	S2-895216559,S2-705486378
S1-806083980	
S1-743632266	
S1-881554780	
S1-164106816	
S1-594435254	
S1-100127528	
S1-955348412	S2-81452855,S2-367177236
S1-528170190	
S1-421848617	
S1-224441038	
S1-646230254	
S1-236543250	
S1-120540380	
S1-331293888	
S1-110888456	
S1-968321862	
S1-602543877	S3-866410097
S1-708364926	
S1-350046009	
S1-657133137	S2-252587638
S1-809891462	
S1-236233125	
S1-639250830	
S1-817580302	
S1-492573897	S3-764989918,S3-866320167
S1-850676790	
S1-419767988	
S1-572076638	
S1-456641771	
S1-271323859	
S1-887149431	S3-501818544,S2-867483827,S3-798502618
S1-954288988	
S1-829009276	
S1-985557718	
S1-815636266	
S1-944132320	
S1-57050992	
S1-557475106	S2-778637153,S2-266938519,S3-512833215,S3-309719263,S3-561468261
S1-991153020	
S1-88641792	
S1-514651372	
S1-185512689	
S1-502605488	
S1-79311902	
S1-680061997	
S1-257033709	
S1-797205618	
S1-858645203	
S1-755503891	
S1-221426548	S3-125652431,S3-483255604,S2-533316121
S1-691749743	
S1-571877933	
S1-535530251	
S1-338978056	S3-675089110,S2-591536531
S1-59777756	
S1-333874857	
S1-713807961	
S1-621033348	
S1-104177728	
S1-121362703	
S1-207103226	
S1-449842736	S3-53192217,S3-359455998,S3-93837399,S3-494542988,S3-785939246,S2-753009154
S1-983607776	
S1-751306297	S2-914153166,S2-68508230
S1-690733153	S2-726795283,S3-770385873,S3-899938127
S1-293852214	
S1-737563042	S2-799242280,S2-220483120,S3-95777375
S1-121439590	
S1-567428613	
S1-212886766	
S1-511539235	
S1-896709991	
S1-747865370	S3-395908520,S3-775548529,S3-191724231
S1-894347115	S2-54819060,S3-816107755,S2-247255729,S3-876089468
S1-278431968	
S1-86875650	
S1-807555416	
S1-850270436	
S1-989976700	
S1-779254358	
S1-171254077	
S1-436407826	
S1-519080341	
S1-639885655	
S1-995348722	S2-799319981,S2-187548650,S3-174982838,S2-834978688,S2-525498043
S1-462439861	
S1-229920134	
S1-933657588	
S1-597185356	
S1-161671316	
S1-324190138	
S1-12827853	
S1-520942863	S2-531037720,S3-905177777,S3-407586844,S3-549617671
S1-607370640	
S1-51079946	
S1-972523523	
S1-788925965	
S1-17826993	
S1-890970720	
S1-709086589	
S1-36858821	
S1-193692233	S2-502859297,S2-792859070,S3-146942223,S3-447822505
S1-118137588	
S1-969679084	
S1-291870683	
S1-85186896	
S1-229478152	
S1-559182554	
S1-420181363	
S1-349969025	
S1-243836497	
S1-664645812	
S1-289217668	
S1-971620392	
S1-853633784	
S1-446579873	
S1-544683950	
S1-827099844	
S1-729220667	
S1-598727695	
S1-139534268	
S1-744112278	
S1-444035608	
S1-277963909	
S1-74305524	S2-423530270,S3-366943361
S1-51064540	
S1-533040237	
S1-491314914	
S1-417327232	
S1-484461800	
S1-155366820	
S1-200730969	S2-357205032,S2-102234795,S2-661130709,S3-673599531
S1-618143705	
S1-713653596	
S1-189408085	
S1-775529008	
S1-788718464	
S1-575091797	
S1-32939663	
S1-551441834	
S1-158464472	
S1-853727559	S2-256691509,S2-180945261,S3-912116830
S1-755034699	
S1-546906159	
S1-742274356	
S1-436766908	
S1-371607638	
S1-757874399	
S1-385116082	
S1-451382385	
S1-648261863	
S1-50216285	
S1-776822076	
S1-430979835	
S1-107212232	
S1-421435865	
S1-289559620	
S1-480857451	
S1-448090399	
S1-417205035	
S1-24374377	
S1-813856175	
S1-847933903	
S1-760316546	
S1-994719467	
S1-25131136	
S1-608650704	
S1-931624521	
S1-600336303	
S1-864951358	
S1-158784094	
S1-996298818	
S1-338900549	
S1-147805888	
S1-240808247	
S1-596159058	
S1-294952647	
S1-348575824	
S1-244341341	
S1-630131818	S3-846382811,S2-64243814
S1-181508905	
S1-499367656	
S1-611233071	
S1-794103161	
S1-476352786	
S1-555626927	
S1-918007528	
S1-343761059	S3-160714508,S2-816929797,S3-676722164,S2-977021790,S3-702828739,S3-520606352
S1-324612202	
S1-196556776	
S1-916541511	
S1-91583802	
S1-374601217	
S1-784164044	S2-452195696,S3-228733977
S1-255578110	
S1-408231310	
S1-777366770	S2-270566759,S2-879128511,S3-588564717,S3-913460924,S3-477508507,S2-156764127
S1-714707122	
S1-129601440	
S1-693815176	
S1-252083477	
S1-392983593	
S1-753613672	
S1-60401666	
S1-872339124	
S1-717861124	
S1-219462639	
S1-621280823	
S1-553747661	
S1-164150228	
S1-245673727	S2-921416282,S2-798811174,S3-209836962
S1-214106995	
S1-101332032	
S1-213502127	
S1-135859843	
S1-623192573	
S1-721795590	
S1-20600097	
S1-862436045	
S1-167600555	
S1-936974307	
S1-708816186	S2-349092196,S3-831022238,S3-131095383,S2-578694476,S2-137022703
S1-921795813	
S1-72856494	
S1-923544348	S2-981865754
S1-796764958	
S1-778938583	
S1-124980764	
S1-103999509	
S1-813960283	
S1-717710790	
S1-140291661	S3-778628129,S3-895404852,S3-90817115,S3-129025260,S2-401772093
S1-26313420	
S1-829381729	
S1-993751104	
S1-477941718	
S1-434060913	
S1-991081875	
S1-293902534	S3-988259254,S2-364028246
S1-71765985	
S1-100080083	
S1-553363768	S2-825740256,S2-693670895,S3-273286990,S2-18330104
S1-718690483	
S1-91201084	
S1-717802989	
S1-755926812	
S1-713029969	
S1-613567635	
S1-145360357	
S1-965118060	
S1-325658665	
S1-403269675	
S1-865000766	
S1-802624087	
S1-363075755	S2-778792684,S3-211237175
S1-435770695	
S1-687660521	
S1-561047315	
S1-499574146	
S1-127258299	
S1-693480393	
S1-387210986	
S1-400211204	
S1-194230101	
S1-960230218	
S1-292231988	
S1-434713625	S3-627881837,S3-325643025
S1-268906243	
S1-381099953	
S1-415355641	
S1-168558020	
S1-644362262	
S1-451838755	
S1-887329909	
S1-963415601	
S1-704343442	
S1-309927546	
S1-346739858	
S1-918654322	
S1-993725681	
S1-716432085	S2-369211648,S3-693130912,S2-746971921
S1-192007014	
S1-933819234	
S1-962138248	
S1-849843078	
S1-231483895	
S1-761859977	
S1-364884938	
S1-234351138	
S1-933437856	
S1-603100261	
S1-430152432	
S1-730470195	
S1-603149204	
S1-723455611	
S1-579487747	
S1-248636898	
S1-208396654	
S1-232806712	
S1-627121310	
S1-364667959	
S1-738609535	S2-500657414
S1-807799802	
S1-300512367	
S1-839040172	
S1-766454559	
S1-421568158	
S1-799688967	
S1-984847936	
S1-461090922	
S1-175206449	
S1-686879761	
S1-325529323	
S1-632808676	
S1-856581569	
S1-745386429	
S1-347511982	
S1-419672869	S2-112877401,S3-362340926,S3-5778112
S1-67456270	
S1-432389132	
S1-288529530	
S1-49125193	
S1-85617707	
S1-568307010	
S1-3757724	
S1-268222617	S2-139552632
S1-645079990	
S1-27788636	
S1-663408142	
S1-899147871	
S1-233806321	
S1-783710172	
S1-171352448	
S1-979972670	
S1-796823633	S3-273994143
S1-781526612	
S1-466950896	
S1-712049302	
S1-508862996	S3-624048814,S2-576892200,S2-779176230,S3-394180939
S1-548484534	S3-9028738
S1-485448756	
S1-286305400	
S1-70734274	
S1-121337688	S3-265013041,S2-432151885,S2-512158214,S3-990106953,S3-438340625,S3-233213411
S1-882431810	S2-464869069,S2-801526787,S2-819773293,S2-416581110,S3-285039858
S1-500168184	
S1-655958632	
S1-757815451	
S1-963825276	
S1-921993262	
S1-825400525	
S1-396982218	
S1-273092145	
S1-123161140	
S1-399491689	
S1-629637881	
S1-85023473	
S1-446889645	
S1-352653672	
S1-378004676	
S1-331382921	S3-560469363,S3-551876886,S3-843976943
S1-772566207	
S1-931363727	
S1-328042905	
S1-744126231	
S1-395813573	
S1-395241139	
S1-521225744	
S1-159689282	
S1-370823329	
S1-986735574	
S1-391957338	
S1-474059611	
S1-585996326	
S1-794412714	
S1-331788230	
S1-140719387	
S1-313418150	
S1-490483269	
S1-591004091	S3-13572885
S1-788260397	
S1-494185078	
S1-218118214	
S1-918653707	
S1-902469435	
S1-134010216	
S1-153507526	
S1-113859821	
S1-385155661	
S1-541473851	
S1-258389605	
S1-210476414	
S1-276457191	
S1-256533745	
S1-371645529	
S1-448559082	
S1-511786818	S2-915656544,S2-160225869,S3-926264916
S1-450460872	
S1-561299038	
S1-150121061	
S1-474338451	
S1-183393724	S3-997871828
S1-567321438	
S1-966392695	
S1-481492015	
S1-866312951	S2-260821693,S3-791915426,S3-718451256,S3-373606612
S1-607680991	
S1-807302006	
S1-461455227	
S1-448440489	
S1-198755558	
S1-735039728	
S1-345373872	
S1-78279845	
S1-368621473	
S1-231910773	
S1-359744244	
S1-335709212	
S1-849163704	
S1-910138376	
S1-591924321	
S1-28558408	S2-165872900,S3-431074076
S1-933366125	
S1-600548479	
S1-209897504	
S1-629195271	
S1-979942713	
S1-560985215	
S1-320471372	S3-953622884,S2-287174851,S3-330826218,S2-713364360,S2-844038451
S1-702907077	
S1-846728555	
S1-527242999	
S1-445781733	
S1-998175436	
S1-516198829	
S1-870921511	
S1-728986856	
S1-473887296	
S1-800099707	
S1-520047394	
S1-905838771	
S1-400020842	
S1-274881046	
S1-339242594	
S1-308519975	
S1-709844626	
S1-568244522	
S1-589830096	
S1-722332805	
S1-821711424	
S1-106446497	
S1-387771745	
S1-953361747	
S1-606982228	
S1-470649404	
S1-633515419	
S1-737098107	
S1-942865013	
S1-759723607	
S1-875023677	
S1-380898922	
S1-344782727	
S1-891632161	S3-454580123
S1-794896296	
S1-734730501	
S1-802914432	
S1-963139360	S3-344037232,S2-940058704
S1-539289945	
S1-354262699	
S1-172214535	
S1-674464827	
S1-537492893	
S1-618782109	
S1-3309490	
S1-418400499	
S1-519264995	
S1-425080287	
S1-573234833	
S1-171933320	
S1-703166418	
S1-596797494	
S1-873504488	
S1-355025967	
S1-973271972	
S1-615856857	
S1-258924257	
S1-748769417	
S1-209499762	
S1-210973541	
S1-562678361	
S1-338606780	
S1-848068066	
S1-793774569	
S1-835882354	S3-915010624,S2-363704464
S1-355142514	
S1-897705176	
S1-236528455	
S1-326863334	
S1-160903769	
S1-366962307	
S1-460324844	
S1-680054710	
S1-505990921	
S1-930419472	
S1-749668029	S2-452439067,S3-858544450
S1-726664732	S3-962086298,S3-15075803,S3-518338119,S2-936263590
S1-908766976	
S1-592477044	
S1-639288801	
S1-441876465	
S1-491424252	
S1-894569161	
S1-296172634	
S1-562308291	
S1-430655195	
S1-165670278	
S1-540722954	
S1-386585818	
S1-894141939	
S1-114263558	
S1-143542281	
S1-315664911	
S1-280577510	
S1-803541031	
S1-999530720	
S1-415538804	
S1-893251418	
S1-190706108	
S1-958621786	
S1-113279398	
S1-87354157	
S1-728159264	
S1-703184486	
S1-919431139	
S1-421888851	
S1-432545478	
S1-212245374	
S1-270288040	
S1-851293213	
S1-423005975	
S1-553794100	
S1-249444341	
S1-762703322	
S1-378904437	
S1-314539380	
S1-862807332	
S1-104623874	
S1-439484610	
S1-289336529	
S1-7844240	
S1-364805944	
S1-988106703	
S1-72783132	
S1-393612987	
S1-584664080	
S1-536049122	
S1-976783892	S3-574906159
S1-568370781	
S1-926576320	
S1-253432851	
S1-219818684	
S1-584317053	
S1-841222855	
S1-827172283	
S1-698463608	
S1-700996451	
S1-191315054	
S1-161242415	S3-139207592,S3-465623114
S1-858507353	
S1-765837590	
S1-940644639	
S1-589180177	
S1-286867079	
S1-57603953	
S1-849287297	
S1-181798163	
S1-489205504	
S1-292044619	S3-609007860,S3-826360580,S3-897514494
S1-190914764	
S1-976514148	
S1-80945691	
S1-89023694	
S1-233766774	
S1-136187618	
S1-998104113	
S1-965712265	
S1-1259493	
S1-317601420	
S1-825331896	
S1-88258929	
S1-836246940	
S1-26029099	S2-915236755,S3-375250741,S3-512605920
S1-279077140	
S1-21600514	
S1-182939708	
S1-544296349	
S1-225188576	
S1-308283828	
S1-9847638	
S1-192457992	
S1-348546743	
S1-648739308	S2-607044424,S3-841409491,S3-710720933
S1-671230899	
S1-205466708	
S1-383555228	
S1-537158751	
S1-224884468	
S1-679491638	
S1-124323057	
S1-664965932	
S1-44251544	
S1-512306056	
S1-697277601	
S1-121804610	
S1-645513574	
S1-911902590	
S1-238896312	
S1-917347390	
S1-816810825	
S1-213111284	
S1-877197865	
S1-416455399	
S1-417998620	
S1-404266700	
S1-776196906	
S1-877491121	
S1-743693583	
S1-60281946	
S1-805330097	
S1-316682159	
S1-380059577	
S1-171377563	
S1-126632599	
S1-787184699	
S1-877780902	
S1-552356044	
S1-448689885	
S1-950915630	
S1-903796167	
S1-71852308	
S1-398450481	S3-265591138,S3-249578046
S1-145389665	
S1-145385099	
S1-379288494	
S1-104421103	
S1-709085895	
S1-85035431	
S1-858251190	
S1-21991994	
S1-124359224	
S1-895949619	
S1-79065770	
S1-724608342	
S1-230081045	
S1-453181433	
S1-377220957	
S1-999229814	
S1-427779292	
S1-377688418	S3-403034378
S1-727218830	
S1-108977077	
S1-45983691	
S1-938995927	
S1-924805963	S3-810743589,S2-286091910,S2-917181295
S1-428878260	
S1-259683223	
S1-456395605	
S1-30575990	
S1-993377540	
S1-927386659	S2-478308785
S1-536903775	
S1-479962821	
S1-274976082	
S1-881770736	
S1-861627521	
S1-98032217	
S1-880571114	
S1-986342447	
S1-637468860	
S1-537593174	
S1-46359878	S3-56866976,S2-516753322
S1-203198499	S2-320278515,S3-276962296,S2-413203130,S3-512713024
S1-16903290	
S1-527676886	
S1-881402249	
S1-41055288	S3-235066623,S2-574602815
S1-408317440	
S1-168230471	
S1-402658309	S2-242983050,S2-871203856,S3-346948906
S1-626823591	
S1-966312421	
S1-578405857	
S1-410706915	
S1-730460665	
S1-172123772	
S1-513672024	
S1-638302616	
S1-206566586	
S1-433425136	
S1-734908312	
S1-48606839	
S1-395597481	S2-671119883
S1-947564072	
S1-41507372	
S1-132928595	S3-768052980,S3-810398276,S3-887705518
S1-132509111	
S1-110367463	
S1-146136198	
S1-601277918	S2-677968565,S2-908721035,S3-956730845,S2-780960191
S1-651676026	
S1-996534562	
S1-368638539	
S1-256738759	
S1-969063083	
S1-386211591	
S1-851613061	
S1-640604135	
S1-271626135	
S1-624188031	
S1-955107815	
S1-220932133	
S1-997891509	
S1-358576678	
S1-859446545	
S1-724251180	
S1-62671578	
S1-40114910	
S1-595642877	
S1-987855990	
S1-791526760	
S1-991578592	
S1-489870025	
S1-695079773	
S1-127303976	
S1-766594564	
S1-987498835	
S1-461453249	
S1-218209109	
S1-799414757	
S1-979135974	
S1-537541025	
S1-377876083	
S1-185164162	
S1-937169436	
S1-887955208	
S1-748863514	
S1-429072169	
S1-611495159	
S1-421663308	
S1-193014579	
S1-307613003	
S1-210739395	
S1-154489306	
S1-313759461	
S1-911635768	S2-5020922,S2-280728973,S3-534422285,S3-489782236,S3-449693151
S1-719477153	
S1-879578673	
S1-767827271	S3-995085994
S1-366371846	
S1-670934903	
S1-342377145	
S1-271445139	
S1-759430857	
S1-870062662	
S1-396111679	S3-140667199,S3-602678247,S2-123364862,S2-798420685,S3-162890245,S2-640673032
S1-961196842	
S1-767993093	
S1-185784405	
S1-458423250	
S1-825993971	
S1-582392901	
S1-34791672	
S1-570570931	
S1-35033248	
S1-361467364	
S1-289520698	
S1-426675653	
S1-644388701	
S1-475269746	
S1-823535371	
S1-955828580	
S1-551280988	
S1-630846403	
S1-634862825	
S1-708459335	
S1-359120976	
S1-480130696	
S1-967756328	
S1-725044629	
S1-312466124	
S1-374740331	
S1-289341667	
S1-945342296	
S1-64720042	
S1-993958695	S2-171771697,S2-74275036,S3-942985535
S1-9660317	
S1-26969687	
S1-807191276	
S1-758519193	
S1-360343931	
S1-84588213	
S1-316079387	
S1-899333738	
S1-908772075	
S1-321048260	
S1-297762291	
S1-305533409	S2-640908403,S2-964619141,S2-567798514
S1-429908346	
S1-69909500	
S1-368140343	
S1-176148568	
S1-481532317	
S1-318001140	
S1-877028111	
S1-360604041	S3-227148925
S1-330321544	
S1-261917056	
S1-819367101	
S1-346198871	
S1-347971941	
S1-719187074	
S1-166879162	
S1-305205591	S2-468002172,S3-590697403,S2-279321007
S1-602968915	
S1-136315428	S2-465428200,S3-304147354,S3-426109428
S1-975996778	
S1-197416475	
S1-177197435	S2-991688943,S3-567956472
S1-941543243	
S1-759886927	
S1-776081840	
S1-544260913	S2-854160400,S3-529133571
S1-915016527	
S1-511206357	
S1-53276079	
S1-594682311	
S1-623301078	S3-852837074,S3-255506167
S1-711781835	
S1-278913380	
S1-5153857	
S1-548628392	
S1-202959540	
S1-283930849	
S1-640225059	
S1-866328857	
S1-422539456	
S1-708304234	
S1-271604816	
S1-348812956	
S1-581361024	
S1-653843703	
S1-523013875	
S1-382310439	
S1-530297582	
S1-268995757	
S1-312661235	
S1-545403298	
S1-814260472	
S1-922487460	
S1-979463183	
S1-511957074	
S1-997107522	
S1-264963482	
S1-1470138	S2-355505557,S3-577401564,S2-840488014,S3-977447379
S1-363852796	
S1-229268800	
S1-433020270	
S1-939396690	
S1-356584408	
S1-309739852	
S1-754220781	
S1-60869702	
S1-806324340	
S1-162725949	
S1-700616063	
S1-676710277	
S1-865688217	
S1-125222536	
S1-404279883	
S1-569549045	
S1-454257192	
S1-889896815	
S1-192668605	
S1-193805295	
S1-777224662	
S1-158093312	
S1-694462236	
S1-914142408	
S1-613897514	
S1-848465905	
S1-113140292	
S1-569021859	
S1-930305825	S2-941958366,S2-828164394
S1-613160859	
S1-758689865	S3-677537737,S3-228444699
S1-171613793	S3-304886236,S2-614155984
S1-25605729	
S1-244155522	
S1-75336520	
S1-299009111	
S1-1974145	
S1-187882560	
S1-890537805	S3-931545367,S2-357681543
S1-160419043	
S1-991597359	
S1-132475847	
S1-933710766	
S1-209918567	
S1-712901830	
S1-183908109	S3-407514807,S2-295901836
S1-710261440	
S1-863489716	
S1-670536228	
S1-802877092	
S1-498363042	S3-983334275,S3-752947265,S3-967724763,S2-525901175
S1-318013847	
S1-92498702	S3-466570236,S3-294829772,S2-614427541,S3-541930472
S1-846069275	
S1-173703164	
S1-649988614	
S1-111078655	S2-387144320,S3-774456489,S3-984231676,S2-269535638
S1-818610163	
S1-431720446	
S1-399309162	S2-377412244,S2-406618976,S3-887473096
S1-294841486	
S1-426803876	
S1-904221913	
S1-823756059	
S1-690326060	
S1-509991198	S2-911041516,S3-856934952,S3-352771105,S3-235160698,S3-103543180
S1-537225931	
S1-422562460	
S1-738881735	
S1-119095114	
S1-931015790	
S1-218598140	
S1-760835322	S2-357556886,S3-702394255
S1-350601510	
S1-432064495	
S1-734974969	
S1-780470504	
S1-517901233	
S1-542487149	
S1-520463257	S3-77709564
S1-151551443	
S1-404289697	
S1-364966354	S3-78210572,S3-407952659
S1-751978981	
S1-28699502	S3-552835863,S3-320913260,S3-160332204,S2-537485350,S3-828246465
S1-490174973	
S1-27493648	
S1-61122575	
S1-586398548	
S1-76788295	
S1-461946411	
S1-237753477	
S1-312973790	
S1-23076244	
S1-814699396	
S1-179042512	
S1-716039843	
S1-692580261	
S1-7238178	
S1-740384389	S2-472364902,S2-114569131,S2-644106272,S3-707760906
S1-560630060	
S1-865420867	
S1-918211624	
S1-367937589	
S1-294741321	
S1-175474512	
S1-534097218	
S1-468543831	S2-276237572,S3-104315901,S3-543253205,S3-783240723
S1-404754280	
S1-915073785	
S1-921708137	
S1-977633896	
S1-842694037	
S1-136697615	
S1-484339725	
S1-701181709	
S1-637536867	
S1-773631724	
S1-801826894	
S1-125807024	
S1-144508931	
S1-15072090	
S1-271028815	
S1-412563349	
S1-606268003	
S1-584629550	
S1-634055066	
S1-349775476	
S1-17348986	S2-631349961,S2-321323036,S3-361393035,S3-226792102
S1-126890378	
S1-883385380	
S1-440897522	
S1-307338829	
S1-372829635	
S1-407057156	
S1-26661092	
S1-653135292	
S1-843741750	
S1-400826288	
S1-270673616	
S1-995716592	
S1-899990336	
S1-673281807	
S1-166779949	
S1-426608509	
S1-187653618	
S1-152260116	
S1-715390804	
S1-815820812	
S1-103727170	
S1-936942971	
S1-40020535	
S1-736861637	
S1-972452314	
S1-574716895	S3-66919328,S3-222031449,S3-984420356
S1-787912552	
S1-747564638	
S1-598585858	
S1-287871728	
S1-468724505	
S1-624023620	
S1-677178591	
S1-254429320	
S1-458377938	
S1-337854985	
S1-294317666	
S1-633534685	
S1-703096172	
S1-926950898	
S1-520014937	
S1-271181070	
S1-707078257	
S1-783708643	
S1-592730837	S2-312295919,S3-57403884,S2-424114923
S1-703746555	
S1-527211919	
S1-408912715	
S1-582232114	
S1-710093875	
S1-840791282	
S1-198998414	
S1-200384903	
S1-443180638	
S1-358764844	
S1-858636025	
S1-569047358	
S1-66211820	
S1-211136456	
S1-44207798	
S1-907451686	
S1-255935039	
S1-958948095	
S1-413043135	
S1-617378155	
S1-498636208	
S1-963222858	S2-649613870,S3-843473687
S1-603705449	
S1-962564904	
S1-897914886	
S1-996794334	
S1-773523531	
S1-892536064	
S1-859358230	
S1-727000612	
S1-369051519	
S1-704638227	
S1-361284846	
S1-211734758	
S1-318299060	
S1-521821284	
S1-923206946	
S1-889607908	S2-937461132,S3-512803053,S3-517042422,S2-257449221
S1-340998517	
S1-912520500	
S1-863162214	
S1-742182618	
S1-311918849	
S1-18917823	
S1-746753721	S3-756048890,S3-442205569
S1-431448494	
S1-235543556	
S1-869588190	
S1-709177539	
S1-470441554	
S1-113347887	
S1-318857917	
S1-994683602	
S1-648140362	
S1-587305371	S3-868900095,S2-496053497,S2-839328711
S1-383594979	
S1-866555515	
S1-527399227	
S1-917607998	
S1-931592979	
S1-805564212	
S1-335260699	
S1-120455615	
S1-308783408	
S1-957070732	
S1-118441788	
S1-612277045	
S1-464738219	
S1-197673645	
S1-913503265	
S1-911538233	
S1-169725893	S3-298867233
S1-103276095	
S1-505825701	
S1-96258911	
S1-177942559	
S1-471065217	
S1-933385405	
S1-864265083	
S1-779258582	
S1-559640907	
S1-260596858	
S1-137702527	
S1-900154516	
S1-395826066	
S1-367567747	
S1-121900511	
S1-525400227	
S1-37853003	
S1-183480352	
S1-794194348	
S1-828079965	
S1-192694666	
S1-533342409	
S1-620458906	
S1-641167416	
S1-198305549	
S1-6328599	S3-338991450,S2-570423557,S3-946146789
S1-346089982	
S1-252094829	
S1-744460864	
S1-835591101	
S1-547733071	S2-187246025,S3-196956274,S2-332675719,S2-482496306
S1-586682793	
S1-92477511	
S1-882584521	
S1-632834174	
S1-481211451	
S1-239121534	
S1-753848897	
S1-326236467	
S1-815590204	
S1-240579398	
S1-223231823	
S1-117893705	
S1-238770315	
S1-286762996	
S1-148947552	S2-75517084,S3-474443862,S2-967937124,S3-90817115
S1-459348602	
S1-291287363	
S1-446314633	
S1-499225452	
S1-381711542	
S1-542491393	
S1-721421744	
S1-34252783	
S1-161812141	
S1-874594043	
S1-638142093	
S1-629347392	
S1-946579226	
S1-308768980	
S1-448560999	S3-229170525,S3-443334693
S1-754547357	
S1-319041376	
S1-904348952	S2-934112141,S3-523329486
S1-963369319	
S1-856106150	
S1-297044405	
S1-775877198	
S1-729927785	
S1-420530076	
S1-389774401	
S1-920173683	
S1-107439886	
S1-906150634	
S1-718258455	S2-266085140,S2-989868691
S1-396152391	
S1-496503727	S2-64417773,S3-871195744,S3-477721398
S1-184156566	
S1-968967432	S2-630921889,S3-56140309,S2-421357275,S3-485523800
S1-830578101	S2-160956989,S3-833902201,S3-777249408,S2-473501626
S1-236625250	
S1-181136459	S3-45255902,S3-768455788,S2-779950577
S1-591244988	
S1-424136317	
S1-79261253	
S1-387116698	
S1-915405396	
S1-916392582	
S1-848337338	
S1-437539611	
S1-11088517	
S1-478021884	
S1-463718729	
S1-208730697	
S1-704479411	S2-627588845,S3-36749928,S2-254933330
S1-34748096	
S1-747596285	
S1-270613791	S3-693786302,S2-230959772
S1-452561643	
S1-113729369	
S1-724581140	
S1-475352227	
S1-597684563	
S1-97371915	
S1-215971187	
S1-65441792	
S1-166852116	
S1-252252997	S2-352132837
S1-42637816	
S1-787633077	
S1-378556663	
S1-119747566	
S1-402603920	
S1-171100620	
S1-281902874	
S1-325045080	
S1-898989797	
S1-799783180	
S1-749428928	
S1-478562408	
S1-243951849	
S1-309272261	
S1-535167683	
S1-520400207	
S1-111518621	
S1-291854244	
S1-991953520	
S1-971671307	
S1-173160857	S3-33916405,S2-974242960,S2-720663209,S3-368744146
S1-249518591	
S1-776070298	
S1-63982160	S3-933174567,S3-541514002,S2-843567014,S3-886424108,S3-760598868
S1-635458086	
S1-337276683	
S1-539510809	
S1-417889105	
S1-534971827	
S1-852095439	
S1-395251249	
S1-868279139	
S1-554635808	
S1-140825074	
S1-787814977	
S1-88950814	
S1-849040032	S3-299765853,S3-93980205,S2-172510669
S1-183160152	S2-552107172
S1-485388290	
S1-274644386	
S1-58319273	
S1-782371192	S2-781138835,S3-57164007,S3-154179627
S1-609920835	
S1-716804375	
S1-381641239	
S1-471355989	
S1-648320837	
S1-87252645	
S1-151185096	
S1-222240005	
S1-571288297	
S1-101844778	
S1-55097782	
S1-864542229	
S1-396421733	
S1-435713198	
S1-299911920	
S1-655277015	
S1-889541306	
S1-310411485	
S1-243885418	
S1-729062702	
S1-184184192	
S1-283854291	
S1-485498357	
S1-849126543	
S1-381376390	
S1-559117220	
S1-593331888	S3-718174514,S3-53935202
S1-668708724	
S1-385874217	
S1-554800485	
S1-62114242	
S1-193561015	
S1-866128129	
S1-70083188	
S1-559002062	S2-420729869,S2-735889482
S1-371710069	
S1-680822546	
S1-189887452	
S1-119792011	
S1-809487417	
S1-483480439	
S1-788993912	
S1-4850480	
S1-495746346	
S1-96344693	
S1-341792188	
S1-687529090	
S1-347050546	
S1-636703178	
S1-936194080	S2-143165086,S3-601080759,S3-251336467,S3-311727082,S2-330698752,S3-991193178
S1-301928342	S3-953793804,S3-395035855,S2-430630824,S2-821345059
S1-946834579	
S1-939303693	
S1-321444477	
S1-629993824	
S1-304805053	
S1-969231320	
S1-882578804	
S1-656134487	
S1-654210251	
S1-271671813	
S1-466300060	
S1-27926924	S3-495376998,S3-173661501,S2-38680789,S2-338360238
S1-39982098	
S1-939220848	
S1-375269406	
S1-503608771	
S1-127254973	
S1-948451321	
S1-997918985	
S1-609298282	
S1-654574352	
S1-483066174	
S1-330836691	
S1-605855033	
S1-13395717	
S1-251913936	
S1-152748010	
S1-401493114	
S1-901371959	
S1-222354108	
S1-105608817	
S1-696462490	
S1-996566041	
S1-655324806	
S1-193768712	
S1-615131331	
S1-857639296	
S1-247249075	
S1-544746805	
S1-865144505	
S1-99584634	
S1-954316684	
S1-100852264	
S1-11492474	
S1-966693732	
S1-783744681	
S1-657197303	
S1-369764810	
S1-954086539	
S1-447434322	
S1-262971593	
S1-164738321	
S1-589553503	
S1-113396041	S2-507059086,S3-970981793,S3-550062067
S1-363664485	
S1-546796440	S2-940283562,S3-84559118
S1-634488544	
S1-540357602	
S1-16843258	
S1-583801238	
S1-102611827	
S1-603369778	
S1-998739932	
S1-975667254	
S1-498093035	
S1-618903419	
S1-950032478	
S1-209299021	
S1-42865802	S3-613745259
S1-614384729	
S1-659099281	
S1-969915624	
S1-352580012	
S1-64257398	
S1-565830613	
S1-536436989	
S1-71065496	
S1-489956164	S3-319061712,S2-117560544
S1-878050829	
S1-300367816	
S1-392323012	
S1-163217525	
S1-582244783	
S1-981794673	
S1-268253400	
S1-611344251	
S1-687919685	
S1-531308039	
S1-294993826	S3-278741161,S3-996770610,S3-775412264,S3-472361824,S2-239249177
S1-423424735	S3-952121363,S3-239779298,S2-931599264,S2-648580527,S2-741954554,S3-138711691
S1-138525797	
S1-56468334	
S1-531542744	
S1-541935182	
S1-660314345	
S1-12948796	
S1-175805396	
S1-4756130	
S1-840878744	
S1-446639145	
S1-219743169	
S1-733735409	
S1-119727661	
S1-706380510	
S1-942047335	
S1-878735417	
S1-781258000	
S1-995971048	
S1-554288076	
S1-9969942	
S1-503187953	
S1-67653009	
S1-712367311	
S1-311895338	
S1-764887499	
S1-966151069	
S1-180600595	
S1-85859560	S3-513400243,S3-4467148
S1-917957758	
S1-164836981	
S1-579355576	
S1-913661665	
S1-436359774	
S1-497112416	
S1-161819181	
S1-497779081	
S1-507314075	
S1-561508279	
S1-814822318	
S1-101019954	
S1-189225180	
S1-624663568	S3-105503001,S2-786242033
S1-391865779	
S1-320972429	
S1-679507156	
S1-679965741	
S1-296955423	
S1-171839418	
S1-938168619	
S1-52878891	
S1-350395259	
S1-72752604	
S1-302583682	
S1-326794497	S2-195172644,S3-452892434,S2-665160616
S1-605921492	
S1-242171896	S2-799354642
S1-987819263	
S1-178530251	
S1-368536585	
S1-536828356	
S1-898761340	
S1-563751494	
S1-5302736	
S1-654827590	
S1-574265201	
S1-235833716	
S1-525578893	
S1-980512711	
S1-66826536	
S1-126237157	
S1-511872352	
S1-314595162	
S1-984973250	
S1-593044835	
S1-275698628	
S1-813786615	
S1-159285543	
S1-847182337	
S1-800942656	
S1-717908154	
S1-376606165	
S1-535008637	
S1-272701478	
S1-668895250	
S1-878637515	
S1-75427114	
S1-196990686	
S1-719832306	
S1-196723730	
S1-227680973	S2-498882119,S2-217839392
S1-51762808	
S1-368549653	
S1-159246985	
S1-813916201	
S1-624603663	
S1-924040534	
S1-227107266	
S1-39449979	
S1-434415270	
S1-522880541	
S1-376595663	S2-497763742,S2-291954564,S3-105512484
S1-531224981	
S1-909485197	S2-945511736,S3-892676298
S1-910171848	
S1-352523303	S2-807130655,S3-597576637,S2-762820602,S3-736109860,S3-920525937
S1-78309278	
S1-138145607	
S1-300761029	
S1-843581890	
S1-443999287	
S1-869429846	S3-492372148,S3-892149701,S2-76707986,S2-830217877,S2-880400576
S1-736152178	
S1-391687714	
S1-409837901	
S1-391349355	
S1-881340984	
S1-37447964	
S1-465661075	
S1-611465734	
S1-255986124	
S1-973172342	
S1-89283101	
S1-971532112	
S1-107267900	
S1-45314528	
S1-572543139	
S1-442570160	S2-426565742
S1-349749779	
S1-283335346	
S1-897162670	
S1-717048415	
S1-353839693	
S1-193561473	
S1-482038661	S3-965212593,S3-523766206,S3-537216695,S2-714988097
S1-849736246	
S1-794709383	
S1-350339064	
S1-233074288	
S1-347060491	
S1-250950193	S3-137278932,S2-3020115,S3-352810875,S3-832097404
S1-116929405	
S1-933461530	
S1-593098616	
S1-254708522	
S1-201570004	
S1-787219682	
S1-579645989	
S1-577834647	
S1-272801358	S3-496112507,S2-21314473,S2-267705981,S3-646019480,S2-477001514,S2-248932147
S1-687884348	
S1-519588411	
S1-875891221	
S1-618101868	
S1-427723029	
S1-70738972	
S1-173342606	
S1-644155722	
S1-846194010	
S1-991287534	
S1-93350087	
S1-99278573	
S1-894095298	
S1-363296396	
S1-98263827	
S1-353713179	
S1-394565041	
S1-607226722	
S1-732007031	
S1-176873316	
S1-583722819	
S1-161514778	
S1-828358597	
S1-586752584	
S1-500411885	
S1-679791583	
S1-579191229	
S1-374023332	
S1-183567864	
S1-894394758	
S1-388785521	
S1-887696302	
S1-342750841	
S1-444190808	
S1-205244135	
S1-750733325	
S1-983392988	
S1-69548894	
S1-997910971	
S1-390344991	
S1-270835309	
S1-855035061	
S1-310732558	
S1-214420498	
S1-921460893	
S1-932698370	
S1-299862981	
S1-104271650	S2-583017921
S1-451536566	S3-242477680,S3-862685717
S1-111898327	
S1-782786522	
S1-832235928	
S1-848938974	
S1-221136266	
S1-350266836	
S1-345929587	
S1-47044423	
S1-409765149	S3-656791738,S2-174509366,S2-155417340
S1-696969570	
S1-522704003	
S1-860333778	
S1-190660311	
S1-981518097	
S1-267976916	
S1-896768543	
S1-414772900	
S1-77018699	
S1-123559656	
S1-624671740	
S1-479373247	
S1-815849823	
S1-377353179	
S1-267915008	
S1-990671942	
S1-329973852	
S1-173710577	
S1-959339675	
S1-560839865	
S1-577235286	
S1-533926198	
S1-218771549	
S1-401947804	S2-839423444
S1-763402416	S2-462074308
S1-953409172	
S1-136721834	S2-263594852,S2-302517202,S2-388037673,S2-282959346,S3-666700675
S1-903393518	
S1-412523074	
S1-302711064	S2-647218249,S3-324229477,S3-793441834,S2-181340668
S1-398903019	
S1-847911335	
S1-619499227	
S1-478417872	S3-621958880
S1-244093745	
S1-480783036	
S1-909553921	
S1-128074757	
S1-293592801	
S1-433957556	
S1-436460508	
S1-324527097	
S1-965525807	
S1-769436553	
S1-31167877	
S1-289437961	
S1-514150772	
S1-880552349	S3-969421754,S2-895735946
S1-977783325	
S1-72607539	
S1-895445043	
S1-678105434	
S1-484603589	
S1-106718770	
S1-483932060	
S1-4464201	
S1-522958787	
S1-786553935	S2-760293635,S3-605772851
S1-159047701	
S1-368706343	
S1-747899689	
S1-497306582	
S1-525915852	
S1-198133135	
S1-126777454	
S1-884353354	
S1-254227472	
S1-322306446	
S1-521544982	
S1-420872926	
S1-48351339	
S1-826423513	
S1-395149754	
S1-149870615	
S1-634780166	
S1-349573128	
S1-443112905	
S1-591730819	
S1-5432659	
S1-330652588	
S1-861211563	
S1-505014522	S3-228363237
S1-658658931	
S1-158960115	
S1-91628895	
S1-883293945	
S1-498126144	
S1-22684585	
S1-27945599	
S1-317323814	
S1-537730912	
S1-938001078	
S1-731117697	
S1-5205444	S2-977517147,S3-788481796
S1-471519932	
S1-832129859	
S1-204235743	
S1-507480611	
S1-188570721	
S1-131201109	
S1-116082828	S3-333030906,S2-765536663,S3-543723896,S2-155868741,S3-764989856,S2-51357225,S3-561902060
S1-182062273	
S1-696130191	
S1-800418521	
S1-921768645	
S1-470321431	S2-472949483,S2-705226431,S3-485265965
S1-414930014	
S1-888531271	
S1-73516481	
S1-339996061	
S1-672627288	
S1-481390733	
S1-101102799	
S1-569333067	S3-735582060,S3-119202072,S3-328034469,S3-631566190
S1-152157045	
S1-570629919	
S1-340171220	
S1-285371714	
S1-897832481	
S1-804186194	
S1-31695953	
S1-904247851	
S1-258309426	
S1-384713989	
S1-182239781	
S1-843851671	
S1-497637230	
S1-112040820	
S1-311950263	
S1-34287116	
S1-703613314	
S1-289948623	
S1-846501451	
S1-335670159	
S1-200425485	
S1-480705114	
S1-34757188	
S1-584631620	
S1-36108243	
S1-13374672	
S1-579052879	
S1-400723447	
S1-862237597	
S1-798331219	
S1-267776349	
S1-46579956	
S1-768525405	S2-161668676,S2-995389667,S2-779534961,S2-466870792,S3-947014654
S1-264972941	
S1-450429185	
S1-616462247	
S1-794328256	
S1-74168598	
S1-61089935	
S1-533844997	
S1-318185829	
S1-481875266	
S1-822531584	
S1-64459199	S2-150021130,S3-872818994,S3-465273743
S1-50498911	
S1-134835906	
S1-875492551	
S1-299172364	
S1-109347037	
S1-841968366	
S1-364716098	
S1-453356804	
S1-281666763	
S1-34570290	
S1-145305115	
S1-920028379	
S1-723769919	S3-200096118
S1-105546352	S2-296294337,S2-694806158,S2-172998764,S2-558126848,S3-229390732
S1-553065390	S2-222969798,S3-868923351,S3-617456391,S2-165573499
S1-361639348	S3-126167879,S3-465691049,S3-69896317
S1-637173041	S3-212444031,S3-206334360,S2-934173988
S1-286563912	
S1-157781940	
S1-730201905	
S1-592981412	
S1-494247173	
S1-908753129	
S1-330954453	
S1-905869722	
S1-601321181	
S1-532994915	
S1-110594598	
S1-837817715	
S1-568920483	
S1-319539280	
S1-86912701	
S1-863919062	
S1-834220684	
S1-831796458	
S1-626113100	
S1-39820586	
S1-948026120	
S1-488951527	
S1-649056636	
S1-944342821	
S1-64095276	
S1-841111543	
S1-611564836	
S1-658049907	
S1-848780738	
S1-139015959	
S1-851381842	
S1-428883508	
S1-389854089	
S1-202679283	
S1-763738561	
S1-100321098	
S1-807578510	
S1-981384980	
S1-99492049	
S1-235933626	S3-297978271,S2-406995106
S1-570300035	
S1-286934194	S3-470026141,S3-67197093
S1-698382864	
S1-694668424	
S1-261210429	
S1-735313047	
S1-346849087	
S1-32936700	
S1-288255067	
S1-877569222	
S1-706528019	
S1-237593990	
S1-456065251	
S1-785626997	
S1-463298636	
S1-402875777	
S1-35777946	
S1-196564747	
S1-782875098	
S1-650721912	
S1-666670032	
S1-714630311	
S1-356588900	
S1-334716627	
S1-815371396	S2-890353272,S3-979277386
S1-448531825	
S1-886091538	
S1-460718860	
S1-533869638	
S1-60789490	
S1-891533001	
S1-157701658	
S1-507575088	
S1-361252603	
S1-761328752	
S1-444565368	
S1-147502879	
S1-612184744	
S1-819212890	
S1-314001625	
S1-882523366	
S1-661882059	
S1-329177703	
S1-263192171	
S1-981839265	
S1-448099286	
S1-490796457	
S1-467548375	
S1-812118077	
S1-991259954	
S1-157494231	S2-844895484,S2-580774548,S2-662772430,S3-677078239
S1-551903674	
S1-884912318	
S1-60938659	
S1-850174199	S2-59943184,S3-394716712,S3-527460684,S2-936500765
S1-121189338	S2-706518461,S3-793211093
S1-33914518	
S1-172068335	
S1-401494141	
S1-846384031	
S1-749003820	
S1-969728583	
S1-428619971	
S1-400976148	S2-533189358,S3-502663926,S2-365324422
S1-469487392	
S1-878304804	
S1-551623685	
S1-378176892	S2-612657972
S1-631006621	
S1-859701557	
S1-984549018	
S1-423168373	
S1-975577364	
S1-95538119	
S1-267176649	
S1-470899134	
S1-901751093	
S1-50697005	
S1-126523881	
S1-565904209	
S1-413604934	
S1-953321832	
S1-39381796	
S1-573701518	
S1-288177761	
S1-282283564	
S1-994616262	
S1-582087777	
S1-622940538	
S1-550288473	
S1-664524765	
S1-963677544	
S1-812142724	S2-787435632,S3-854799438,S3-684532920,S3-855116140
S1-406277767	
S1-129036056	S2-988671586,S3-156837291,S3-366145443
S1-529710246	
S1-59321288	
S1-886139964	
S1-32700514	
S1-13701288	
S1-77277502	
S1-140770291	
S1-966293174	
S1-662463689	
S1-170260878	
S1-578122118	
S1-218679547	
S1-872801257	
S1-337137309	
S1-266258554	
S1-368026179	
S1-293009423	
S1-924808952	
S1-651768230	
S1-803083336	
S1-772006514	
S1-687785427	
S1-86116516	
S1-898678952	
S1-838164402	
S1-435304548	
S1-462028641	
S1-572106288	
S1-517660944	
S1-258525500	
S1-178491889	
S1-140904820	
S1-723369318	
S1-369916592	
S1-353804100	
S1-389683717	S2-684719954
S1-825641745	S3-592007152,S3-433390628
S1-444759822	
S1-198851078	
S1-120926205	
S1-242331341	
S1-810675449	
S1-928097890	
S1-339348128	
S1-584720600	S2-183331131,S3-732551471
S1-755454820	
S1-528461216	
S1-624190069	
S1-954944718	
S1-776911775	
S1-30862969	
S1-388281519	
S1-598132834	
S1-167244213	
S1-394094413	
S1-670003221	
S1-572182210	
S1-922216723	
S1-901791569	
S1-480330874	
S1-929108857	
S1-748771059	
S1-142661041	
S1-447723649	
S1-605436743	
S1-934899294	
S1-443748218	
S1-582657321	
S1-627094989	
S1-133990451	
S1-228264689	
S1-435799443	
S1-895384170	
S1-364392062	
S1-748999492	
S1-949471712	S2-454143841,S3-128387866,S3-609723316,S3-897007256,S2-258354694
S1-510784541	S3-766811391,S3-292453274,S2-499199788,S2-516978383
S1-37470546	S2-147798593
S1-851516747	
S1-919061339	
S1-124128685	
S1-645022576	
S1-989170532	
S1-518069737	
S1-964682287	
S1-637352614	
S1-953611678	
S1-708978	
S1-72524384	
S1-255092880	
S1-68783635	S3-747429329,S3-203991677,S3-283152561
S1-645622506	
S1-535765214	
S1-946487792	
S1-47942230	
S1-140501471	
S1-231766569	
S1-842039708	
S1-436366607	
S1-699082096	
S1-130796895	
S1-380440247	
S1-82948690	
S1-4345683	
S1-2798158	S3-214020864,S3-542642459
S1-329614377	
S1-815866430	
S1-43957466	
S1-806931520	
S1-441464910	
S1-713309685	
S1-483607760	
S1-72430115	
S1-982251173	
S1-721650597	
S1-782392245	
S1-645203548	
S1-218557226	
S1-98639504	
S1-48154617	
S1-680106850	
S1-708146128	
S1-792708867	
S1-104017626	
S1-509405193	
S1-976115936	
S1-210003805	
S1-968575040	
S1-667597554	
S1-393129606	
S1-751727077	
S1-519401848	
S1-305245003	
S1-276490740	
S1-774639994	
S1-847132186	
S1-49461717	
S1-412845725	
S1-517992440	
S1-244037293	
S1-161557187	
S1-577994945	
S1-641356679	
S1-236084312	
S1-759096489	
S1-368495293	
S1-877098088	
S1-653371256	
S1-361491582	
S1-704016888	
S1-625444436	
S1-209515028	
S1-815985204	
S1-340855915	
S1-522279415	
S1-426335180	
S1-665974720	
S1-480122257	
S1-985007348	
S1-639175635	
S1-880210123	
S1-516604459	
S1-196394507	
S1-51747683	
S1-144111420	
S1-559016863	
S1-891793243	
S1-4142784	S2-368526695
S1-421904339	
S1-200576391	
S1-411920664	
S1-60618489	
S1-409711799	
S1-531330995	
S1-252679930	
S1-172406569	
S1-418933151	
S1-730048741	
S1-83832609	
S1-603834791	
S1-206383215	
S1-506853805	S2-268381315
S1-474409793	
S1-380273014	
S1-736345516	
S1-534887182	
S1-115329318	
S1-809039259	
S1-178944693	
S1-57530204	
S1-626440154	
S1-146478341	
S1-254897703	
S1-652768169	
S1-943415923	
S1-125710162	
S1-574717548	
S1-699073584	
S1-473784473	
S1-147226788	
S1-923040423	
S1-584342524	
S1-101717263	
S1-347958282	
S1-758624114	S2-430655794,S3-206602243
S1-727625455	
S1-944804885	
S1-257896113	
S1-186825234	
S1-851202384	
S1-20087152	
S1-403703713	
S1-146755394	
S1-795146373	
S1-430687099	
S1-448892347	
S1-746774080	
S1-512889766	
S1-685910850	
S1-202873113	
S1-441323186	
S1-378049056	
S1-62179050	S3-351710535,S3-616847250
S1-127903743	
S1-461331135	
S1-407512676	
S1-540353759	
S1-249779807	
S1-653250969	
S1-315578373	
S1-385061669	
S1-243207250	
S1-257580374	
S1-702067326	
S1-732746864	
S1-163325120	
S1-767969618	
S1-106354596	
S1-139575494	
S1-890923058	
S1-968610651	
S1-529506564	
S1-52286058	
S1-291522920	
S1-286120360	
S1-705769622	S3-492887171,S2-588597342,S3-767740154,S3-892746872
S1-370895167	
S1-3113599	
S1-511252176	
S1-102935524	
S1-490399389	
S1-91400943	
S1-9339469	S3-178124619,S2-442095984
S1-336598537	
S1-909263360	
S1-703685320	
S1-660761194	
S1-935961057	S3-397961151,S3-574713237,S3-97643984,S3-859770283
S1-335873268	
S1-552559165	
S1-796483678	
S1-449830047	
S1-999252401	
S1-539955901	S2-300215923,S3-692748180,S3-294458161
S1-239499974	
S1-294884962	
S1-893746299	
S1-178830076	
S1-615558709	
S1-757500919	
S1-191909172	
S1-360666369	
S1-466191375	
S1-711802618	
S1-630814833	S3-7681927
S1-541018279	
S1-689828112	
S1-693278679	
S1-799785726	
S1-819101925	
S1-548103541	S3-126120173,S3-487987033,S2-867700891
S1-962766160	
S1-547330680	
S1-691414582	
S1-279847158	
S1-722799320	
S1-630339334	
S1-269543354	
S1-454472534	
S1-627146350	
S1-104126419	
S1-905098862	
S1-530598135	
S1-633305385	
S1-342550868	
S1-885695742	
S1-472123058	
S1-141910103	
S1-30536888	
S1-543670302	
S1-987231052	
S1-701796482	S2-981781235
S1-658053312	
S1-708121741	
S1-982084734	
S1-833290217	
S1-98584232	S2-76472559,S3-146507961,S2-311337676,S2-727129575,S2-405971597,S3-416291951,S2-674313208
S1-327140778	
S1-376005988	S2-266551454,S2-240409159,S2-519613150,S2-889702094,S3-867679207,S3-490300174,S3-364218902
S1-919990000	
S1-708258171	
S1-170427713	
S1-61979292	
S1-889392261	
S1-197800554	
S1-472585477	
S1-992803544	
S1-955496877	
S1-987343417	
S1-89542864	
S1-613776830	
S1-91687161	S2-576576995,S3-883898866,S3-386257688
S1-185357715	
S1-497729378	
S1-270208739	
S1-642684110	
S1-993348946	
S1-69324104	
S1-627498262	S3-171385915,S2-885559668
S1-290752915	
S1-799240736	
S1-330237757	
S1-567605016	
S1-394131052	S2-205036024,S3-890343816,S2-315563556
S1-927702094	
S1-622839431	
S1-193612814	
S1-944969236	
S1-683195559	
S1-409436937	
S1-313926155	
S1-900337470	
S1-18939413	
S1-178348415	
S1-97360625	
S1-448443436	
S1-121356573	S2-45600423,S3-233110733
S1-127235024	
S1-783443974	
S1-347921368	
S1-337424388	
S1-457714265	
S1-844573375	
S1-33551248	S3-182762791,S2-857044533,S2-15995399,S3-59645218
S1-698951116	S2-987352750
S1-270636203	
S1-86156231	
S1-472079482	
S1-616187994	
S1-997115725	
S1-255224346	
S1-596080635	
S1-961836407	
S1-468069406	
S1-938062175	
S1-815254588	
S1-687135964	
S1-875510579	
S1-660767005	
S1-60870520	
S1-289431662	
S1-121182499	
S1-263613730	
S1-34384076	
S1-278996229	
S1-532202980	
S1-10701988	
S1-723382636	
S1-104251507	
S1-683297145	
S1-298728307	
S1-522735844	
S1-721459797	
S1-722666144	
S1-465368228	
S1-932824003	
S1-278120222	
S1-434299994	
S1-196987586	
S1-916452241	
S1-480502027	
S1-282538998	
S1-32114437	
S1-221507512	
S1-979059333	
S1-197803750	S2-859655450,S3-354914597,S3-773948180
S1-321504502	
S1-627530481	
S1-395618281	
S1-309526256	S3-564449221,S2-812763400
S1-130322417	
S1-141158555	
S1-920736111	
S1-883876151	S3-903987745
S1-917750987	
S1-205974700	
S1-6682575	
S1-10302171	
S1-998352511	
S1-655016503	
S1-594804348	
S1-73448108	
S1-44054953	
S1-766171321	
S1-598401154	
S1-12409554	
S1-869008066	
S1-715623422	
S1-385255495	
S1-757037882	
S1-629992692	
S1-700117078	
S1-520104062	
S1-224939746	
S1-314545436	
S1-640459653	
S1-177661085	
S1-595888123	
S1-863106727	
S1-14942001	
S1-502765471	
S1-264604222	
S1-251831618	
S1-999740436	
S1-387826458	
S1-205840766	
S1-997445311	
S1-964468765	
S1-576560749	
S1-291783804	
S1-273647801	
S1-857400910	
S1-146836463	
S1-488534083	
S1-426698501	
S1-849515112	
S1-527363281	S2-966369579,S3-563917182
S1-417172376	
S1-39041809	
S1-596247060	
S1-850649918	
S1-260826200	
S1-742871232	
S1-90042858	
S1-369457215	
S1-935470494	
S1-814966861	S3-791921069,S2-83718127,S3-901978668
S1-55715487	S3-744207483,S3-256651653,S3-371871667,S2-723955128,S3-53319843
S1-2408177	
S1-399697723	
S1-969283694	
S1-773332432	
S1-200727483	
S1-580845446	
S1-889509000	
S1-908280008	
S1-899834877	
S1-176322029	
S1-764784806	
S1-673396635	
S1-873653062	
S1-760770379	
S1-984586118	
S1-476254529	
S1-10373028	
S1-399255655	
S1-141671826	
S1-768253560	
S1-667573093	
S1-27104538	
S1-55743671	
S1-564763620	
S1-288171966	
S1-808196879	
S1-444423693	
S1-239237117	
S1-7943874	
S1-376098696	
S1-711280576	
S1-130126828	
S1-810621135	
S1-716120486	
S1-583474434	
S1-667804937	
S1-568649581	
S1-54695023	S3-517604527
S1-742087910	
S1-302395585	
S1-195891787	
S1-140393345	
S1-222796142	
S1-685650609	
S1-496659495	
S1-578349383	
S1-704014524	
S1-290159574	
S1-870668818	
S1-518233691	
S1-494986295	
S1-156089851	
S1-911389390	S2-881652693,S3-600772437
S1-130859987	
S1-458535697	S3-830497315
S1-274082023	
S1-931011080	
S1-33320778	
S1-628487349	
S1-341870688	
S1-154165650	
S1-954788376	
S1-261532988	
S1-438866790	S2-477762296
S1-729931472	
S1-77359212	
S1-528014195	
S1-517994346	
S1-366852657	
S1-262916190	
S1-604613279	
S1-113583146	
S1-781488368	
S1-133775758	
S1-926670847	
S1-670198918	
S1-880894815	
S1-665964437	
S1-369185671	
S1-453384689	
S1-697988129	
S1-986434856	
S1-222402564	
S1-873357231	
S1-261106128	
S1-861422060	
S1-777914774	
S1-26580320	S2-741430752
S1-85901845	
S1-181346750	
S1-504737962	
S1-973607483	
S1-699141137	
S1-835761711	
S1-943462654	
S1-814990508	
S1-545052590	
S1-357245305	
S1-190044685	
S1-377673970	
S1-601396516	
S1-635519986	S3-299388406,S3-49890444,S2-996449853,S2-360249937
S1-956779147	
S1-179412520	
S1-209587052	
S1-847310343	
S1-224585529	
S1-926033539	
S1-879887777	
S1-65196756	
S1-793011197	
S1-864322885	
S1-370690187	
S1-30044533	
S1-527597015	
S1-861976406	S2-195977644
S1-422305412	
S1-72845410	
S1-373724667	
S1-455249965	
S1-516457604	
S1-324463217	
S1-697234317	S3-677121883,S3-154426819
S1-165909369	
S1-794285993	
S1-19669556	
S1-187907855	
S1-435002238	
S1-239203518	
S1-465817860	
S1-974648282	
S1-696355620	
S1-109316164	
S1-331792942	
S1-196925477	
S1-874109160	
S1-797080115	
S1-12660467	
S1-655625620	
S1-968767869	
S1-471358003	
S1-78033221	
S1-325469323	
S1-740310753	
S1-334265195	
S1-692360121	
S1-330435866	
S1-5533077	
S1-94704080	
S1-980035973	S2-54335003,S3-828115294
S1-511452424	
S1-850818418	
S1-994658036	S2-219618419,S3-488472773
S1-751142792	
S1-116935518	
S1-883533533	
S1-934405600	S2-747619643,S3-663491835,S2-372689630
S1-750523493	
S1-332865064	
S1-25010477	
S1-822604189	
S1-454993839	
S1-493650993	
S1-508364591	
S1-410074731	
S1-340899663	
S1-504425182	
S1-208570800	
S1-117555497	
S1-991141052	
S1-338608574	
S1-703365676	
S1-20024873	
S1-874265392	
S1-766280782	S2-220950791,S3-166580575
S1-344610611	
S1-576819339	
S1-78728982	
S1-471157050	
S1-253232075	
S1-982782879	
S1-488788061	
S1-635757187	
S1-622090285	
S1-79937724	
S1-980376678	
S1-397455146	
S1-26156137	
S1-18510325	
S1-97150335	
S1-26860728	
S1-825007596	
S1-821367948	
S1-922771503	
S1-588507793	
S1-942708685	
S1-200171518	
S1-78448293	
S1-865751144	
S1-139424780	
S1-943083588	
S1-880978365	
S1-893914029	
S1-460962280	
S1-51164765	
S1-270280428	
S1-725641032	
S1-695455421	
S1-90040543	
S1-37029295	
S1-342582900	
S1-175619141	
S1-910113423	
S1-427738799	
S1-99729244	
S1-148007852	S3-760989472,S2-211904186
S1-303918996	
S1-512584513	
S1-92426272	
S1-747114016	
S1-849915233	
S1-206528976	
S1-443171727	
S1-539105372	
S1-417468962	
S1-467200395	
S1-585700802	
S1-920680964	
S1-622542121	
S1-295940399	
S1-831357393	
S1-164164634	
S1-181869167	
S1-620473125	
S1-179497788	
S1-450534268	
S1-205666659	
S1-723999418	
S1-830685201	
S1-167266494	
S1-767878024	S3-220603763,S3-39006582
S1-854809682	
S1-434705475	
S1-504345594	
S1-355672717	
S1-895543029	
S1-104316677	
S1-69374375	
S1-833732463	
S1-176823315	
S1-280799722	S2-531708595,S3-372691028,S2-209988008
S1-229656293	
S1-819383804	
S1-514117859	
S1-18048797	
S1-526135639	
S1-675747425	
S1-54686218	
S1-186139498	
S1-819415292	
S1-517813899	S3-192119318,S2-777916011
S1-759607196	
S1-350739603	
S1-79909809	
S1-936050875	
S1-573447359	
S1-219133722	
S1-192843943	S3-533165569,S2-251934109,S2-221701319
S1-566475306	
S1-486010752	
S1-655913289	
S1-751447145	
S1-578925918	
S1-172724262	
S1-405286777	
S1-433149252	
S1-386677606	
S1-273573355	
S1-479529762	
S1-609146695	
S1-884670784	
S1-531431343	
S1-64890522	S2-412612382,S3-360783705
S1-668526765	
S1-686902124	
S1-278412690	
S1-435402959	
S1-237002928	
S1-633001638	
S1-606609750	
S1-203327283	
S1-272583757	
S1-648376288	
S1-407123415	
S1-596936802	
S1-221126990	
S1-249650641	
S1-380518385	
S1-855733478	S3-872310829,S2-58932054,S2-705186054,S3-181991021,S3-9996219
S1-282468999	
S1-947886889	
S1-596378904	
S1-301229107	
S1-314213853	
S1-777960778	
S1-344161617	S2-513771943,S2-660359080
S1-921000124	
S1-846293360	
S1-356272422	
S1-176069035	
S1-601169539	
S1-476643539	
S1-351655347	S2-828669624,S3-750733708
S1-564877927	
S1-438914246	
S1-231519650	
S1-397117369	
S1-90647849	
S1-983768168	
S1-350900475	
S1-763834653	
S1-459293474	
S1-214963771	
S1-390506927	
S1-545816793	
S1-722978915	
S1-653670412	
S1-611865795	
S1-337104062	
S1-131111965	
S1-485080642	
S1-80501206	
S1-881678113	
S1-867415803	
S1-150265065	
S1-378540377	
S1-142399290	
S1-830391719	
S1-666085085	
S1-711664751	
S1-284120052	
S1-540455109	
S1-968077941	
S1-775813721	
S1-487987475	
S1-535952100	
S1-464926751	
S1-460401319	
S1-93028212	
S1-560301484	
S1-638733163	
S1-603232952	
S1-950607961	
S1-317966991	
S1-610683375	
S1-502903146	
S1-776860745	
S1-33876385	
S1-757905072	
S1-588058677	
S1-135752513	
S1-566006038	
S1-413020905	
S1-310909276	
S1-513939052	
S1-318880303	
S1-675682755	
S1-775325168	S3-264257646,S3-656210749,S2-720472883
S1-987698006	
S1-303729979	S2-304438039
S1-303372099	
S1-303148688	
S1-761563785	S2-69391632,S3-334969806,S3-955144382
S1-583565573	
S1-879745686	
S1-811893970	
S1-377933568	
S1-399263875	
S1-155304739	
S1-846820554	
S1-625510720	
S1-756011678	
S1-77473032	
S1-908290575	
S1-139843202	
S1-775839949	
S1-332423874	
S1-817074273	
S1-34580049	
S1-119720775	
S1-165011313	S3-118023239,S3-832280117,S2-261543952
S1-479875676	
S1-876757202	
S1-661361868	
S1-86743473	
S1-321519110	
S1-545572670	
S1-463400479	S2-817077304,S2-440981397,S3-391306820
S1-60319022	S2-240887418,S3-201728673,S3-669492620,S3-241272905
S1-469605437	
S1-517210964	
S1-174456750	
S1-408248805	
S1-252293250	S3-111464479,S2-52322856,S2-937334975,S2-765561302,S3-793046825
S1-828733634	
S1-901280508	
S1-250916372	
S1-861529093	
S1-878060118	
S1-603408141	
S1-409766440	S3-82882860,S3-219371741,S2-29051569
S1-652559438	
S1-678306241	
S1-769629757	
S1-228388952	
S1-746083667	
S1-259732247	
S1-450898317	
S1-387941974	
S1-921579519	
S1-777130131	
S1-296146825	
S1-967638917	S3-44769713,S3-679727328
S1-637912793	
S1-633981612	
S1-592038595	
S1-795821192	
S1-568289545	
S1-83285252	
S1-946634569	
S1-134340520	
S1-499707162	
S1-904300651	
S1-848465653	
S1-738757864	
S1-283389266	
S1-263594470	
S1-262357836	
S1-341994721	
S1-806470281	
S1-277072137	
S1-270912800	
S1-245656774	
S1-123741037	
S1-455950648	
S1-956896156	
S1-130682442	S2-514148340,S2-903638895,S2-852542308,S3-715294552,S3-171839015
S1-43268074	
S1-345110596	
S1-448636690	
S1-962977166	
S1-847517776	
S1-902628630	
S1-282331872	
S1-614075267	
S1-228842622	
S1-571955622	
S1-933063398	
S1-452988209	
S1-69523949	
S1-395634313	
S1-617674748	
S1-585695434	
S1-843897135	
S1-356387855	
S1-850377308	
S1-780453540	
S1-274534375	
S1-6689487	
S1-241414950	
S1-38442698	S3-877469331,S2-851659324
S1-656627398	
S1-591425296	
S1-910313931	
S1-670393054	
S1-58787006	
S1-571145326	S3-322076970,S3-991616221,S3-453058510,S2-689030929
S1-760193451	
S1-90832107	
S1-872659870	S3-329210644
S1-835940966	
S1-125827166	S3-602560699,S2-101014123,S3-104850198,S3-600556035
S1-674914881	
S1-562914290	
S1-108968175	S2-727415098,S3-982013423,S3-398573623
S1-330796952	
S1-882700138	
S1-441360753	
S1-296346392	
S1-268740768	
S1-955810017	
S1-81860377	
S1-552995155	S2-923318404,S3-439005118,S3-272466318,S3-157589612,S3-66073709,S2-82674000
S1-125609669	
S1-717115537	
S1-189308035	
S1-807079897	
S1-513442474	
S1-517297	
S1-949230883	
S1-504838876	
S1-657151890	S3-507801765
S1-831640726	
S1-180015099	
S1-234476622	
S1-749360166	
S1-5785384	
S1-996163329	
S1-471990200	S2-634707338,S3-556110458
S1-615956539	
S1-157821863	
S1-371346937	
S1-433484910	
S1-400395318	
S1-458047196	
S1-146984543	
S1-701953510	
S1-28606867	
S1-978553567	
S1-402324923	
S1-336599246	
S1-627016598	
S1-57134558	
S1-415281213	
S1-695921965	
S1-718367196	
S1-901294524	
S1-169983231	
S1-579294831	
S1-463958652	
S1-772558617	S3-517907921
S1-78042034	
S1-912746197	
S1-754916083	
S1-723215529	
S1-460878560	
S1-352270151	
S1-599736673	
S1-739758873	
S1-576204037	
S1-196226598	
S1-470346469	
S1-514080599	
S1-805626307	
S1-414605803	
S1-861192805	
S1-681292189	
S1-49200466	
S1-311861165	
S1-357979621	
S1-915807229	
S1-275217535	
S1-687285752	
S1-224432748	
S1-460393961	
S1-624861300	
S1-145428845	
S1-448567152	
S1-255965455	
S1-257846716	
S1-756839647	
S1-458461449	
S1-713540217	
S1-189942729	
S1-139280360	
S1-155669818	
S1-179260190	
S1-945514156	
S1-770053355	
S1-250542952	
S1-825212522	
S1-172871734	
S1-486774745	S3-556549199,S3-605134705
S1-537663159	
S1-765739293	
S1-961966488	
S1-204043203	
S1-692324231	
S1-422604178	
S1-245769206	
S1-464925595	
S1-537601622	
S1-502599400	
S1-248345974	
S1-662960777	
S1-791183804	
S1-829161307	
S1-185952267	
S1-718534425	
S1-506975533	
S1-186239559	
S1-573540210	
S1-366746566	
S1-560875610	
S1-316238383	
S1-986600882	
S1-341638685	
S1-812111021	
S1-33824149	
S1-965980725	
S1-739570887	S2-506907490
S1-474391530	
S1-838368419	
S1-543234767	
S1-305261728	
S1-884989078	
S1-51668768	
S1-342437228	
S1-802366909	
S1-542091074	S2-89467540,S3-117571374,S3-59795226,S3-948185209
S1-303689259	
S1-472997776	
S1-582203407	
S1-975603758	
S1-308773030	
S1-69032593	
S1-993288577	
S1-952267289	
S1-291170280	
S1-612162253	
S1-180345556	
S1-826983967	
S1-166454785	S3-120443478,S2-687528770,S2-434035908,S3-632553484,S3-700690864
S1-269912777	S2-579378342,S2-96574923
S1-333853569	
S1-791323958	
S1-949646105	
S1-37817891	
S1-942527702	
S1-249356317	
S1-897563229	
S1-804012906	
S1-698297516	
S1-736794418	
S1-519183447	
S1-370946306	S2-577580875,S3-452392946,S3-879031370
S1-392339714	
S1-113882444	
S1-365218204	
S1-817463336	
S1-714146178	
S1-435903117	
S1-67887054	S3-512846745
S1-440978601	
S1-29688329	
S1-230754511	S2-96514927,S3-482730568,S2-594564176,S2-853003291
S1-741502664	
S1-721911045	
S1-683877407	
S1-205526598	
S1-203665829	
S1-82083431	
S1-792972723	
S1-821129594	
S1-703058200	
S1-323194797	
S1-255514688	
S1-772469838	
S1-592415490	
S1-618624103	
S1-616428337	
S1-561013552	
S1-916363890	
S1-729021280	S3-505811744,S2-227850494,S2-507836490
S1-558568576	
S1-113148604	
S1-208254075	
S1-669082525	
S1-928671633	
S1-755161414	
S1-792980551	
S1-833741319	
S1-757617464	
S1-227055227	
S1-565209278	
S1-248010989	
S1-5568799	
S1-501627799	
S1-491504892	
S1-63458194	
S1-463200207	
S1-142467550	
S1-955020024	
S1-768420567	
S1-218077197	S2-711315024,S3-357154879,S3-588839438,S3-301202670,S3-706252294
S1-771738592	
S1-782915707	
S1-985260699	
S1-248110851	
S1-58362731	
S1-129088147	
S1-461085009	
S1-246320131	
S1-607413217	
S1-721507125	
S1-158319367	
S1-695084161	
S1-406810269	
S1-84914191	
S1-226143068	
S1-462698778	
S1-929340977	
S1-192795206	
S1-522125558	
S1-804980055	
S1-356402899	
S1-69360678	
S1-281503195	
S1-619879432	
S1-123473189	
S1-603845616	
S1-297059482	
S1-650568563	
S1-925770087	
S1-751922923	
S1-160588816	
S1-995283995	
S1-771339864	
S1-229855246	
S1-912707822	
S1-703515942	
S1-172201725	
S1-468649797	
S1-240261566	
S1-449656459	
S1-799180024	
S1-982974630	S2-340007299,S2-25800330,S2-948330503,S3-473605096,S3-178575658,S3-604394213
S1-721543054	
S1-275852254	
S1-769689393	
S1-539389572	
S1-892308754	S2-203398796,S2-311236982,S3-43422975,S3-229796430
S1-690627949	
S1-339788851	
S1-406612553	
S1-424059358	
S1-353670905	
S1-407377523	
S1-596142948	
S1-82083633	
S1-732319486	
S1-6019445	
S1-819074360	
S1-201115132	
S1-666187757	
S1-611260485	
S1-600769093	
S1-706624765	
S1-341819779	
S1-691673132	
S1-376768590	
S1-782404454	
S1-211443976	
S1-582634060	
S1-352224943	
S1-845426538	
S1-963357090	
S1-937714994	
S1-212731532	
S1-239904777	
S1-34962648	S3-562096850,S3-159598857
S1-236228890	
S1-366932145	
S1-591566887	
S1-578947084	S2-753633543,S2-551448979,S2-319635431,S3-122730368
S1-279781874	
S1-240772095	
S1-236260664	
S1-548758972	
S1-518616586	
S1-62396939	
S1-156557617	S2-376284869,S2-302227228
S1-380599639	
S1-888011866	S2-810690813,S2-376252224
S1-587931378	
S1-433857109	
S1-731454504	
S1-852450600	
S1-346662545	
S1-699148522	
S1-706171686	
S1-124476462	
S1-899940813	
S1-871984634	S3-246186474
S1-609718334	
S1-147219975	
S1-90252719	
S1-621947135	
S1-940105761	
S1-873493946	
S1-45097379	
S1-733161116	
S1-251780533	
S1-644953064	
S1-130033629	
S1-105845047	
S1-581016465	
S1-947866618	
S1-396873975	
S1-48670082	
S1-742843399	
S1-620606122	
S1-169507207	
S1-917500369	
S1-120998949	
S1-48671756	
S1-161331571	
S1-391026058	
S1-144065603	
S1-600240	
S1-280255545	
S1-933960651	
S1-822946134	
S1-48141862	
S1-913018008	
S1-347464189	
S1-334383438	
S1-894972570	
S1-271625793	
S1-143639772	
S1-798240468	
S1-973835299	
S1-687506654	
S1-336117503	
S1-549947383	
S1-609520452	
S1-740599681	S3-826546355,S2-604124239
S1-477052343	
S1-753051797	S3-370622920,S3-390326925,S2-642037586
S1-454527748	
S1-915280028	
S1-774374725	
S1-431358474	
S1-835942141	
S1-612477136	
S1-548119185	
S1-292838410	
S1-175044227	
S1-314294909	
S1-47881738	
S1-105897334	
S1-805365701	
S1-382670129	S3-952593876,S2-524146718
S1-894370235	S2-332842932,S3-297736855
S1-415607084	S2-1607255,S3-83434757
S1-18153908	
S1-208015260	
S1-268514712	
S1-604923793	
S1-925094055	
S1-871329875	
S1-11480320	
S1-280477366	
S1-176835469	
S1-661219663	
S1-407017658	
S1-343731538	
S1-777814012	
S1-6568049	S3-931152377,S2-872961572
S1-148937392	
S1-676659937	
S1-507838363	
S1-424369176	
S1-880808334	
S1-569610007	
S1-818610581	
S1-846399783	
S1-602382548	
S1-619504924	
S1-100809805	
S1-321406796	
S1-573775797	S3-480432714
S1-717603781	
S1-116266888	
S1-697622803	
S1-130339946	
S1-105227547	
S1-916136510	
S1-566348274	
S1-240550367	
S1-740729326	
S1-818870992	
S1-581241390	
S1-365320227	
S1-811029609	
S1-597769288	
S1-298798443	
S1-185281285	
S1-348163146	
S1-219839250	
S1-815773786	S2-159517312,S2-191554899,S2-109985954,S2-859479998,S2-33811665
S1-380691150	S3-20322822,S2-405188277
S1-543025021	
S1-72634939	
S1-305963465	
S1-480298282	
S1-504411485	
S1-137834425	S2-396313380,S2-709067469,S3-350982901
S1-703830506	
S1-641806921	
S1-326792615	S3-443527351,S3-279220971,S3-435248732,S2-362052156,S3-515633169
S1-185691589	
S1-86435758	
S1-551349830	
S1-219476045	
S1-575816887	
S1-111580145	
S1-65246221	
S1-530955762	
S1-934057455	S3-764163119,S3-10431301,S2-119412764
S1-681152842	
S1-517350208	
S1-525699972	
S1-201341520	
S1-382668624	
S1-907075389	S2-958847891,S2-797336576,S3-133420415,S3-707413817
S1-572405443	
S1-597883271	
S1-414970774	
S1-958061607	
S1-238050773	
S1-264077092	
S1-772434205	
S1-255889382	
S1-972742626	
S1-116265104	
S1-582109907	S2-596067860,S3-758756317,S2-229491871
S1-18811125	
S1-603829521	
S1-735018763	
S1-997007543	
S1-814669087	
S1-240892831	
S1-737616185	
S1-638420830	
S1-841832021	
S1-57521797	
S1-865531395	
S1-888539321	
S1-290721819	
S1-570816338	
S1-102457318	
S1-663206079	
S1-30803536	S2-138787921,S2-258766569,S2-782872184
S1-223895854	
S1-627699603	
S1-958126797	
S1-172860266	
S1-870643264	S2-455192796,S2-598331578,S3-104092293,S3-986200652
S1-931665969	
S1-451703889	
S1-968113838	
S1-133149796	
S1-44260163	
S1-271416326	
S1-559469198	
S1-622274770	
S1-197589791	
S1-859550263	
S1-587328810	
S1-542932344	
S1-694759620	
S1-80011046	
S1-488100073	
S1-75556362	
S1-274716999	
S1-262294512	
S1-142775063	
S1-407523485	S2-184406549,S3-307558511,S2-355942835,S3-700750098
S1-856654289	
S1-445117256	
S1-91187808	
S1-803997391	
S1-546759621	
S1-641886986	
S1-365714398	
S1-923816633	
S1-815339181	S2-172545137,S2-542135493,S3-692025850
S1-228854059	
S1-474799787	
S1-540628130	
S1-818118086	
S1-18441821	
S1-956552589	
S1-472596642	
S1-617580396	S3-772652669
S1-131113947	
S1-5856483	
S1-439886730	
S1-368534020	
S1-800603156	
S1-883116821	
S1-613814141	
S1-211009373	
S1-522715602	
S1-312053439	
S1-989424210	
S1-677924380	
S1-275521873	
S1-743849077	
S1-533038319	
S1-387447193	S2-426429150,S3-114084189,S3-722846727
S1-162162192	S2-571923192,S2-976871297,S2-8274120,S3-231471242
S1-452725466	
S1-305094239	
S1-321474731	
S1-322248246	
S1-386692254	
S1-539464963	
S1-211423657	
S1-949696487	
S1-597396636	
S1-841849475	S3-689249868
S1-805824791	
S1-929052478	
S1-148952322	
S1-774933744	
S1-7137280	
S1-257565069	
S1-719824069	
S1-686182416	
S1-904192841	
S1-671329706	S3-150741746,S3-645912243,S2-345265211,S2-958886827,S3-677243571
S1-850201259	
S1-704195393	
S1-467463537	
S1-565866108	
S1-527745494	
S1-710247196	
S1-826524016	
S1-48368203	
S1-975050956	
S1-847114391	
S1-648883627	
S1-702509257	
S1-616143393	
S1-44166425	
S1-28664043	
S1-637908938	
S1-84581186	
S1-479599314	
S1-548005175	S2-256248418
S1-456627670	
S1-1797670	
S1-933227591	S3-374948658,S2-1691471
S1-428144266	
S1-981061820	
S1-93660170	
S1-108349438	
S1-877272842	
S1-101196780	
S1-377923393	
S1-951678369	
S1-596009647	
S1-592818160	
S1-936770861	
S1-924989815	
S1-190971469	
S1-659627096	
S1-499357588	
S1-276688552	
S1-365508104	
S1-694520496	
S1-219334131	
S1-304523761	
S1-269259785	
S1-130907079	
S1-643836901	
S1-265614142	
S1-116617361	S2-606862968,S2-487456421,S2-157930183
S1-940478572	
S1-45257053	
S1-825861272	
S1-99299702	
S1-747955425	
S1-488200645	S3-266549454,S2-342101031,S3-402975692
S1-823306203	
S1-686140049	
S1-277659977	
S1-920222748	
S1-360591982	
S1-997677067	S3-814671154,S3-797147420
S1-90806170	
S1-764814425	
S1-705645075	
S1-243418150	S3-839620943,S2-908094974
S1-13934814	
S1-73157343	
S1-218373352	
S1-385359277	
S1-961348694	
S1-900298919	
S1-274646127	S2-868271871,S3-99975369,S3-899506782,S3-81652851
S1-61940457	
S1-246691874	
S1-636346800	
S1-79119700	
S1-140973645	
S1-706703130	
S1-317874176	
S1-594448192	S2-137440792,S3-485882240,S3-94842440,S2-113012473
S1-588451347	
S1-799007341	
S1-541907722	
S1-809601124	
S1-517409423	
S1-630300408	
S1-283105167	
S1-817248112	
S1-729992467	
S1-820627587	
S1-634093217	
S1-385319288	
S1-576191777	
S1-362209892	
S1-793023712	
S1-555157915	S3-722386543,S3-611599577
S1-1134650	
S1-805586283	
S1-862043618	
S1-581321698	
S1-307316978	
S1-340296285	
S1-606097561	
S1-536288116	
S1-34980796	
S1-606157565	
S1-485549980	
S1-378168232	
S1-375442955	S2-53711753,S2-768265331,S3-454338590,S2-520585904
S1-67235499	
S1-885693586	S2-775529425
S1-955731827	
S1-257597956	
S1-422102069	
S1-330363038	
S1-928497483	
S1-677595602	
S1-982145308	
S1-267412587	
S1-461489484	
S1-700941649	
S1-543502138	
S1-394135527	
S1-457677896	
S1-551647432	
S1-914754506	S3-685561484,S3-445922867,S2-422539419
S1-127519074	
S1-953813236	
S1-634382396	
S1-25546376	
S1-191797420	
S1-428337279	
S1-832832902	
S1-283232056	
S1-304967180	
S1-290498567	
S1-245781079	
S1-423439475	
S1-135341017	
S1-411887708	S2-295798270,S2-209695407,S3-232560032
S1-510844601	
S1-74679435	
S1-814080864	
S1-604888890	
S1-25797002	
S1-381331448	
S1-519928368	
S1-692238119	
S1-185761875	S3-21772788,S2-622728718
S1-191166851	
S1-77541292	
S1-761907207	
S1-978846085	
S1-447033437	
S1-221047562	
S1-483535394	
S1-753632027	
S1-573128828	
S1-505261227	
S1-952302143	
S1-49244472	
S1-119378257	
S1-878238753	
S1-853053503	
S1-983237944	
S1-786798253	
S1-427636825	
S1-445241777	
S1-457936715	
S1-869264376	
S1-395458203	
S1-35253606	
S1-877197189	
S1-217107951	
S1-787534401	
S1-188459474	
S1-777620065	
S1-489230376	
S1-848254	
S1-463587803	
S1-879768892	
S1-146949209	
S1-295872924	S2-416932311,S3-827572580
S1-477843822	
S1-273740606	
S1-567236599	
S1-931592190	
S1-463869817	
S1-138854050	
S1-588825597	
S1-620731418	
S1-103005325	
S1-132579801	
S1-138248815	
S1-60865071	
S1-277250926	
S1-826187905	
S1-971746426	
S1-295131958	
S1-782981066	
S1-886407099	
S1-957098485	
S1-99749328	
S1-884951634	
S1-40199777	
S1-510919858	
S1-66081838	
S1-15957920	
S1-151051546	
S1-465480666	
S1-763604731	
S1-210111105	S2-506176122,S2-91051243,S3-535734126,S2-274916570,S2-715486125
S1-646199288	
S1-152274035	
S1-845230380	
S1-216245437	
S1-812376809	
S1-782703829	
S1-506531664	
S1-138872009	
S1-891240000	
S1-307671132	
S1-903174569	
S1-933945111	S2-297408568
S1-30721551	
S1-914315783	
S1-927011588	S2-394580779
S1-532951802	
S1-174325765	
S1-235031596	
S1-990488137	
S1-785215583	
S1-825531359	
S1-864378680	
S1-747677146	
S1-391591400	
S1-804789888	
S1-257632353	
S1-527078836	
S1-956157030	
S1-58240641	S2-871917814,S2-72147696,S2-757506054,S3-141412231
S1-395674573	
S1-233192998	
S1-92992455	
S1-679805440	
S1-485246912	
S1-856807432	
S1-577733876	
S1-816481109	
S1-276566121	
S1-346651565	
S1-686241407	
S1-552454986	
S1-105846993	
S1-758174425	
S1-687477167	
S1-738604308	
S1-531931729	
S1-30328191	
S1-181238976	
S1-605389604	
S1-95720742	
S1-373664971	
S1-865768342	
S1-567168415	
S1-354726755	
S1-697991215	
S1-690406013	
S1-566793399	
S1-147825222	
S1-313617385	
S1-832141860	
S1-610553264	S3-370318694
S1-952107809	
S1-528606956	S2-567279163,S2-68587625,S3-771323610,S3-739929946
S1-722710795	
S1-463840193	
S1-787624069	
S1-442991589	
S1-873848523	
S1-60141406	
S1-325334548	
S1-225650163	
S1-314926106	
S1-11402880	
S1-291889642	
S1-696049126	
S1-871553269	
S1-752542618	
S1-759140867	S2-800890973
S1-206747075	
S1-336216363	
S1-916941363	
S1-506155758	
S1-772197671	
S1-436031460	
S1-478059279	
S1-760163783	
S1-290116297	
S1-432091271	
S1-342480958	
S1-557185659	S2-687884289,S2-238421007
S1-580523098	
S1-575044394	
S1-949549754	
S1-151895599	
S1-255697918	
S1-992856278	
S1-557794946	
S1-54929176	S3-360689940
S1-193874458	
S1-414469135	
S1-265848037	S2-659964630,S3-584474816,S2-910681817,S3-253900818
S1-72169039	
S1-238220593	
S1-335292073	
S1-762128281	
S1-972997228	
S1-376998837	
S1-833001006	
S1-968608051	
S1-212413572	
S1-352250728	
S1-405842866	
S1-226983009	
S1-93505283	
S1-28519709	
S1-619310257	
S1-321944339	
S1-869647436	
S1-648314656	
S1-192764993	
S1-688884634	
S1-376185555	
S1-644980350	
S1-981112652	
S1-467851567	
S1-818146945	
S1-531348974	
S1-570353532	
S1-866510422	
S1-668075910	
S1-817662312	
S1-552569550	S2-213247990
S1-752255505	S3-754422235,S2-150245180
S1-289101318	
S1-841483054	
S1-741114706	
S1-71481005	S2-88975659,S2-448220549,S2-144256272,S3-88656480,S2-382609224,S2-939725565,S3-710234176
S1-451429882	
S1-398193893	
S1-408553040	
S1-531859409	
S1-293932339	
S1-745173682	
S1-65356113	
S1-835463766	
S1-506712557	
S1-818467187	
S1-921746113	
S1-409093201	S2-446784430
S1-698560216	
S1-540221901	
S1-132619617	
S1-431582519	
S1-196880840	
S1-816720987	
S1-401483259	
S1-644297471	
S1-828762171	
S1-284497999	
S1-305377372	
S1-138108645	
S1-524118008	
S1-487794460	S3-829602630,S3-580357202
S1-454696301	
S1-58397914	
S1-57813824	
S1-829780577	
S1-267126755	
S1-172600619	
S1-465383537	
S1-409799520	
S1-786852098	
S1-320991994	
S1-650225298	
S1-905601489	
S1-834541819	
S1-335841335	
S1-75391519	S3-282170417,S2-250300826
S1-739669392	
S1-391032962	
S1-873223403	
S1-304727062	
S1-263340083	S2-437533417,S2-896639050,S2-969909461,S2-45023082,S2-731055685,S3-386584717,S3-225648780
S1-99925012	S3-262792947
S1-704981432	
S1-200211642	
S1-359868893	
S1-121969495	
S1-291129743	
S1-312661196	
S1-884608234	
S1-747720057	
S1-131582580	
S1-426724071	
S1-114960502	
S1-800616702	
S1-7070307	
S1-756509116	
S1-99403665	
S1-171391041	
S1-810145382	
S1-792538388	
S1-871154940	
S1-414486664	
S1-968147576	
S1-97682722	
S1-602562074	S2-307093786,S3-328870155
S1-540703457	S3-976251239,S2-928278175,S3-328702615,S3-222436736
S1-208856788	
S1-499650630	
S1-942267182	
S1-763117029	
S1-39699097	
S1-454616573	
S1-127168622	
S1-934004343	
S1-941261991	
S1-872048377	
S1-591330475	
S1-140604821	
S1-144205397	
S1-367039671	
S1-970787467	
S1-579075908	
S1-968355298	S3-685427283
S1-139943701	
S1-835024105	
S1-627304476	
S1-551535257	
S1-137129456	
S1-530202473	
S1-428642460	
S1-198629613	
S1-621500264	S2-614493114,S2-388409406,S3-294717282,S3-671638636,S3-20051512,S2-130893155
S1-191687313	
S1-163656530	
S1-520930345	
S1-317168605	
S1-404527106	
S1-384385369	
S1-606096049	
S1-616661008	
S1-758780636	
S1-349828269	
S1-48661755	
S1-247218207	
S1-224238162	
S1-866547440	
S1-579904966	
S1-820336382	
S1-585144549	
S1-220640639	
S1-734229954	
S1-261700926	
S1-636595723	
S1-728007529	
S1-595966213	S2-787973646,S2-732945943,S2-479492647
S1-585649854	
S1-114678992	
S1-399734028	
S1-419257966	
S1-425099661	
S1-459453355	
S1-154571045	S3-84992531,S2-909926659,S3-444109400
S1-311531443	
S1-241542861	
S1-683134349	
S1-958251333	
S1-525057506	
S1-360124137	
S1-996345408	
S1-955303647	
S1-411085106	
S1-552855305	
S1-924221060	
S1-987754061	
S1-968050370	
S1-608750004	S2-820559203,S2-955662996
S1-968468471	
S1-529659970	
S1-132283330	
S1-178103731	
S1-937003634	
S1-484978700	
S1-547041120	
S1-466355753	
S1-664110927	
S1-374417119	
S1-532490428	
S1-986486835	
S1-480618742	S2-260716562,S2-791882740,S2-952185096,S3-768464845
S1-34213664	
S1-340707427	
S1-933009370	
S1-979952029	
S1-472891343	
S1-582206835	
S1-942134114	
S1-388244741	
S1-461018977	
S1-70450061	
S1-312822525	
S1-329809705	S3-935625678,S3-531864986,S3-543704747
S1-570131799	
S1-90500381	
S1-380085926	
S1-975788880	
S1-396315958	
S1-988479112	S3-213374105,S3-432719144,S3-246249737
S1-230076452	
S1-678679282	
S1-918060633	
S1-501539770	S2-192387773
S1-102827678	
S1-584051146	
S1-826332828	
S1-895694690	
S1-935096830	
S1-580343154	
S1-70480411	
S1-194344231	
S1-851008189	
S1-508765461	
S1-717390695	
S1-634741417	
S1-915309374	S3-788440155
S1-351141507	
S1-465649862	S3-152585843,S3-896056779
S1-209920342	
S1-118118843	S2-618840147,S2-132085413,S2-534049344
S1-993694226	
S1-134847694	
S1-140486572	
S1-519725415	
S1-858104618	
S1-917957161	
S1-386873729	
S1-356162394	S2-654349174,S3-53887314,S3-141484200,S3-636847353,S2-421976297
S1-570943134	
S1-5829101	
S1-250849715	
S1-439830269	
S1-739873153	
S1-762764310	
S1-720156356	
S1-447567742	
S1-238092136	
S1-68669417	
S1-584767749	
S1-383580229	S2-663233932,S2-947190696,S3-432770325
S1-728894372	S3-775417928,S3-119536558,S3-530356174,S3-430836720
S1-569329569	
S1-156986701	
S1-533266226	
S1-5820188	
S1-156140278	
S1-254392400	
S1-584382859	
S1-201312469	
S1-119281529	
S1-1655833	
S1-291598200	
S1-728259148	
S1-313589402	
S1-853287023	
S1-630901673	
S1-106043826	
S1-602710018	
S1-259608588	
S1-839530303	
S1-283907797	
S1-891975095	S3-718935045,S3-36301364,S3-60536852,S2-171929831
S1-804638031	
S1-891391654	
S1-874532600	
S1-284714732	
S1-966300422	
S1-5489507	S3-499529454,S2-492765432,S2-776642729
S1-896955871	S3-140799894
S1-678067659	
S1-331913415	
S1-749312773	
S1-389280534	
S1-695467298	
S1-746684756	
S1-524312348	
S1-228295849	
S1-132371255	
S1-105167806	
S1-323034933	
S1-199123618	
S1-315925691	S3-835861295,S2-370400980,S3-139612247
S1-372611662	
S1-799653668	
S1-230894303	
S1-834551481	
S1-485132236	S2-157987876
S1-7021783	
S1-975956331	
S1-535571236	
S1-275307989	
S1-114404257	
S1-548903861	
S1-922152916	
S1-713507059	
S1-839276644	S3-364839066,S3-713686377,S3-944679113,S2-443475523,S3-964179940,S3-976625574,S3-135497841
S1-464846412	
S1-828618006	
S1-187085770	
S1-191695640	
S1-731991294	
S1-226859257	S2-463775636,S3-892958959
S1-637377199	
S1-705008606	
S1-419506690	
S1-932862810	
S1-858655184	S3-425347008,S2-476297524,S3-960619255
S1-64846901	
S1-354101614	
S1-757853678	
S1-990399664	
S1-361352172	
S1-517520076	
S1-99101556	S2-861651629
S1-836494061	S2-960272183,S3-822415641,S3-800746509
S1-930932438	
S1-974325594	
S1-540167652	S2-703482216
S1-352442385	
S1-289824159	
S1-119562256	
S1-440406089	
S1-17477824	
S1-366914923	
S1-171923214	
S1-209874979	
S1-562000719	
S1-978756872	
S1-991924255	
S1-848747941	
S1-25786987	
S1-8791928	
S1-442778351	S3-595880931
S1-385204022	
S1-623292816	
S1-652793821	
S1-118952277	
S1-201188342	
S1-768144139	
S1-827069149	
S1-261329938	
S1-883267589	
S1-950541375	
S1-51909944	
S1-502911590	
S1-723564	
S1-260808533	
S1-163487041	
S1-512317135	
S1-198958488	
S1-861979826	
S1-556808842	
S1-224658807	
S1-438096993	
S1-372570786	
S1-341585680	S3-671309808,S2-565368944
S1-99438818	
S1-438085935	
S1-763429775	
S1-318714516	
S1-135018793	
S1-412830120	
S1-721389760	
S1-918447473	
S1-174969673	
S1-545735045	
S1-26567993	
S1-747027678	
S1-371300397	
S1-523419929	
S1-940407353	
S1-361533293	
S1-38441112	
S1-713335247	
S1-524661091	
S1-320247503	
S1-932331578	S3-25435346
S1-311910017	
S1-594350724	
S1-897032402	
S1-516843253	
S1-382999250	
S1-182918922	
S1-692110125	S2-656878082,S3-74263499
S1-244378545	
S1-21752649	
S1-360035662	
S1-297104347	
S1-9159760	S2-769399518,S3-224274788
S1-568326558	
S1-740446149	
S1-347757601	
S1-845032555	
S1-465096753	
S1-561822047	
S1-401764856	
S1-346225695	S2-617443917,S2-544937614,S3-772163386
S1-167737352	
S1-328425761	
S1-579957747	
S1-673773606	S2-349437957,S3-762631532,S3-83421966
S1-650016853	
S1-260526831	
S1-839112911	
S1-515764303	
S1-398475632	S3-361600237,S3-485872469,S3-261059356,S3-127466029,S2-809579271,S2-9864875,S2-90188138,S2-708235359
S1-532320290	
S1-981385829	
S1-738312242	
S1-922170211	
S1-339771600	
S1-594631366	
S1-868594876	
S1-637728023	
S1-905723806	
S1-867945156	
S1-871138751	
S1-562325781	
S1-372737899	
S1-488830401	
S1-807501075	
S1-803722206	S2-88142505
S1-888983514	
S1-737176618	
S1-985599463	
S1-702994327	
S1-22657394	
S1-661184655	
S1-231732549	
S1-542747918	
S1-130804408	
S1-70268931	
S1-488710264	
S1-452285752	S3-346905699,S2-168939194,S3-863894670
S1-523655541	
S1-726881874	
S1-567581169	
S1-32629897	
S1-442759887	
S1-936753046	
S1-661625807	
S1-887885398	
S1-206421930	S3-202082496,S2-480905162,S2-169315817
S1-762004476	S2-199770969,S2-900070430
S1-849834399	
S1-786121005	
S1-977575356	S3-763078343,S3-906823936,S3-251527900,S2-750715890
S1-447838173	
S1-345344463	
S1-630733612	
S1-275446119	
S1-455534890	
S1-443197296	
S1-984367032	
S1-907277522	
S1-713088746	
S1-201986945	
S1-458605029	
S1-556099417	
S1-673023412	S2-900592177,S2-541048065,S3-873502577
S1-711101297	
S1-206238794	
S1-912636835	
S1-518715454	
S1-811895504	
S1-989178753	
S1-235035205	
S1-769813413	
S1-310017077	
S1-417655202	
S1-54898379	S2-352630147,S2-143100416,S3-123971056,S2-79587692
S1-289495470	
S1-740704447	
S1-553471989	
S1-703630130	
S1-236959623	
S1-941831130	
S1-134730336	
S1-356894802	
S1-941192089	
S1-797593879	
S1-638120035	
S1-220370575	
S1-452414413	
S1-942998990	
S1-785612064	
S1-617817029	
S1-409770620	
S1-145973837	
S1-327836282	
S1-993606942	
S1-336222444	
S1-388533109	
S1-175586370	
S1-745527034	
S1-29011191	
S1-534896803	
S1-493324163	
S1-388236757	
S1-315104048	
S1-971557858	
S1-624639323	
S1-942526555	
S1-438734010	
S1-20119124	
S1-856748041	
S1-552095771	
S1-962911633	
S1-773588481	
S1-437907045	
S1-231767990	
S1-950480474	
S1-64202419	
S1-433415492	
S1-381160670	
S1-608671486	
S1-575024098	
S1-122624972	
S1-477776195	S3-109807026,S2-871236056
S1-866492192	
S1-796487096	
S1-216554030	
S1-605745951	
S1-387140770	
S1-445689443	
S1-454253121	
S1-183734701	
S1-36774875	
S1-258531529	S2-212177470,S2-352116283,S2-721614335
S1-649686340	
S1-765054622	
S1-760474649	
S1-394443112	
S1-203798172	
S1-542631775	
S1-172955988	
S1-665089355	S3-702694541
S1-465575122	
S1-780999493	
S1-196928079	
S1-794426321	
S1-556994153	
S1-103069293	
S1-273897276	
S1-796043742	
S1-716231102	
S1-6076476	
S1-741660028	
S1-75999009	
S1-742452575	
S1-954974578	
S1-534014513	
S1-178713737	
S1-503179653	
S1-811831254	
S1-464544032	
S1-292086069	
S1-679603811	
S1-147296014	
S1-486463861	
S1-403590878	
S1-541175523	S3-15989712,S3-548849720
S1-99514335	
S1-932681860	
S1-310701507	
S1-669746397	
S1-585661769	
S1-832684923	S2-713836549,S2-464677033,S3-513826602,S3-314068651
S1-399100576	
S1-470300156	
S1-12903731	
S1-151288193	
S1-470502459	
S1-858856995	
S1-1135838	
S1-465466648	
S1-58121701	
S1-504881856	
S1-534834769	
S1-135018486	
S1-34887776	
S1-540270114	
S1-87996357	
S1-573530762	S3-674322026,S3-166639478,S2-907101341,S3-539080796
S1-942496694	
S1-391531616	S3-537691667,S3-850624400,S2-979073398
S1-68670999	
S1-121662589	
S1-714094316	
S1-461709237	S3-326761390,S2-821469927,S3-433302860,S3-866845868
S1-599263443	
S1-480379731	
S1-381763913	
S1-963796262	S2-898979399,S2-655069209
S1-694861989	
S1-609382808	
S1-584913553	
S1-833258867	
S1-81209309	
S1-205836584	
S1-943280427	
S1-61379215	
S1-672399419	
S1-918944821	
S1-153306487	
S1-535046070	
S1-993369459	
S1-631129624	
S1-618775028	
S1-362138178	
S1-387664919	
S1-491705506	
S1-83733800	
S1-10639811	
S1-386164655	
S1-571842612	
S1-410358156	
S1-518867020	
S1-792076327	
S1-287849196	
S1-147914864	
S1-801439543	S3-105681090
S1-969875708	
S1-896658868	S2-149006449,S2-272738849,S2-888115585,S3-878173708
S1-559791279	
S1-307652214	
S1-486549581	S3-783760225,S2-497684640,S3-313393353
S1-640973241	
S1-126278305	
S1-222461922	S3-399875055,S2-603919333
S1-484031740	
S1-363243033	
S1-917504183	
S1-347393031	
S1-333346088	
S1-426444393	
S1-228465690	
S1-717757691	
S1-350434766	
S1-569460743	
S1-483192178	
S1-549211863	
S1-296285965	S3-684331963,S3-834657861
S1-969562018	
S1-965708374	
S1-374771912	
S1-794932587	
S1-244091085	
S1-691650569	S3-914964884
S1-866535168	
S1-502018311	
S1-551008863	
S1-637313153	
S1-483925052	
S1-100415635	
S1-647938345	
S1-38477494	
S1-181915664	
S1-430964330	
S1-627473916	
S1-396129521	
S1-578337225	S2-151460277,S3-495963633
S1-118452039	
S1-850193344	
S1-994187273	
S1-817923817	
S1-52392513	
S1-126718340	
S1-894743159	
S1-379751296	
S1-740240886	
S1-613277081	
S1-847565012	S3-415455086,S2-882128922
S1-666763174	
S1-340743027	
S1-437172892	
S1-263188958	
S1-526223722	
S1-580123869	
S1-489092088	
S1-816010953	
S1-831298972	
S1-702644452	
S1-253899938	
S1-909496210	
S1-394032222	
S1-538052087	
S1-422220527	
S1-810411889	
S1-677193560	
S1-219817599	
S1-364510682	
S1-867640962	
S1-568435218	
S1-366222766	
S1-576211307	
S1-164267477	
S1-527769861	S3-784323336,S3-150053298,S2-687189615
S1-542938496	
S1-57080303	
S1-928262291	
S1-962000996	
S1-618191134	S2-675293003,S3-457931305,S2-507950407
S1-780081944	
S1-875467571	
S1-734769250	
S1-394931247	
S1-414404738	
S1-574597802	
S1-662324173	
S1-348059257	
S1-15673403	
S1-55999105	S2-222072367
S1-681482072	
S1-563836107	
S1-515825092	
S1-110949908	
S1-130635319	S2-361343187,S2-687015211,S2-770975297
S1-89454750	
S1-293078494	
S1-852228072	
S1-943768697	
S1-232667650	
S1-255661441	S3-143392583,S3-714614662,S2-216691143,S3-768341353,S3-930944817
S1-407887425	
S1-177897842	
S1-7028862	
S1-518004093	
S1-542859608	
S1-466057270	
S1-618167099	
S1-315113692	S2-161983481,S2-1612630,S3-470578268
S1-383474684	
S1-966428565	
S1-117738728	
S1-860124055	
S1-512633238	
S1-814855841	
S1-501959563	
S1-635890630	
S1-845768271	S2-560564161,S2-39986963,S3-1421043,S2-329766257,S2-412859643,S2-899318100
S1-756543405	
S1-26814519	
S1-450716522	
S1-194409830	
S1-94537683	
S1-275475102	
S1-500526446	S2-532295242,S2-887631232,S2-816316137
S1-919312053	
S1-464084336	
S1-4485225	
S1-641650137	
S1-493564877	
S1-495360314	
S1-658836258	
S1-510102807	
S1-370955610	
S1-968662323	
S1-8296514	S3-256662268,S3-438648891,S3-378517488,S3-610801797
S1-543101242	
S1-569076163	
S1-55006197	S2-694270784
S1-911649566	S3-445334035,S2-371363708,S3-48402056
S1-293973519	
S1-713398366	
S1-978305695	
S1-769115892	
S1-195389704	
S1-476831488	
S1-23356393	S2-175521100,S2-995054020
S1-557827437	S3-89006088,S3-499509010
S1-988406831	
S1-74376483	
S1-800016823	
S1-956951984	
S1-9361857	
S1-158412299	
S1-312189660	
S1-703347806	
S1-158890792	
S1-550822549	
S1-76125503	
S1-567319598	
S1-596617863	
S1-427534628	
S1-322097275	
S1-360989798	S2-546152050,S3-486965444,S3-735693363,S3-948237400
S1-895709344	
S1-743052086	
S1-900787715	
S1-569430193	
S1-90603329	
S1-907673049	
S1-343997895	
S1-868550294	
S1-863281339	
S1-127572630	
S1-699143969	
S1-925364185	
S1-216752884	
S1-895837495	
S1-595848020	
S1-51466866	
S1-578164339	
S1-518003705	S2-943724908,S3-699488449
S1-36734067	
S1-742658847	
S1-449910610	
S1-384188283	
S1-730546527	S3-87574796,S3-895513120
S1-604576310	
S1-842315034	
S1-292606350	
S1-883220344	S3-940810228,S3-572299689,S3-11908657,S2-743913118,S2-286395482
S1-77691278	
S1-545950846	
S1-690893459	S2-354257097,S3-852568197,S3-689272320
S1-233668077	
S1-482377939	
S1-804899681	
S1-256989278	
S1-492532655	
S1-529553087	
S1-977689699	
S1-7723729	
S1-354460318	S2-643219389
S1-683148514	
S1-405260797	
S1-832332105	
S1-340952426	
S1-686719741	
S1-504635416	
S1-517743590	
S1-813286373	S2-342266233,S3-370911029,S3-545992227,S3-999904122,S3-479110004
S1-920241185	
S1-187701150	
S1-356098086	
S1-344996654	
S1-350252725	
S1-861733450	
S1-659955609	
S1-927044457	
S1-369143896	
S1-42588076	
S1-288271011	
S1-362576081	
S1-702795377	
S1-604475617	
S1-1079620	
S1-214589380	
S1-436222395	
S1-512983542	
S1-102995183	
S1-924376812	
S1-888009859	
S1-908930245	S3-649895764,S3-755848242,S3-988383364
S1-493548912	S3-435036490,S3-822317271
S1-263384952	
S1-879650742	
S1-715901744	
S1-511385555	
S1-62411357	
S1-510825990	S2-226391349,S2-832322345
S1-482257406	
S1-266931078	
S1-943775151	
S1-372999912	
S1-893912031	
S1-961310135	
S1-346859885	
S1-297142122	
S1-606974139	
S1-24806647	
S1-366997481	
S1-408474211	
S1-220806649	
S1-106552865	S2-837147512,S2-796609991,S3-905092624,S2-787836798
S1-763424926	
S1-406211345	
S1-895527670	
S1-292209723	
S1-864648894	
S1-643620373	
S1-189783445	
S1-668140547	
S1-638088691	
S1-168811353	
S1-138101314	
S1-28028051	
S1-847558145	S2-684443068,S3-582446047,S3-83444342,S2-446843293
S1-697120416	
S1-292100391	
S1-659242342	
S1-590997006	
S1-648798135	
S1-730079912	
S1-213234346	
S1-30387504	
S1-731991246	
S1-541088292	
S1-938830120	
S1-668810323	
S1-511575877	
S1-812746091	
S1-463578536	
S1-837821735	S2-80620896,S2-742250227,S3-328239139,S3-377325497,S2-742845752
S1-121813435	
S1-3374632	
S1-124987634	
S1-284068655	
S1-560549610	
S1-419830447	
S1-789960809	
S1-25883768	
S1-625752669	
S1-402698971	
S1-192028643	
S1-36622155	
S1-263562940	S3-160020138
S1-821089622	
S1-261971202	
S1-655160046	
S1-584045828	
S1-183410407	
S1-324102025	
S1-959289452	
S1-776360943	
S1-44048353	
S1-515372387	
S1-632030087	
S1-887451850	
S1-380843508	
S1-15823491	
S1-11125033	
S1-417516385	
S1-862750659	
S1-944853041	
S1-556971345	
S1-620287853	
S1-71351029	
S1-617932582	S2-117172114,S3-711930433,S2-673820645,S2-65033499,S2-540816685
S1-978943063	
S1-450024758	
S1-30490198	
S1-783724875	
S1-54130572	
S1-446456019	
S1-102324451	
S1-996560990	
S1-199167809	
S1-712925310	
S1-975567345	
S1-75094094	
S1-648556135	
S1-412897230	
S1-950088153	
S1-583686303	
S1-247790835	
S1-483002269	
S1-966644876	S3-502093109
S1-949194459	
S1-872816991	
S1-939295897	
S1-954927774	
S1-590604983	
S1-182922915	
S1-89545333	
S1-265082788	
S1-487184295	
S1-342868100	
S1-639815562	
S1-32801745	
S1-371805415	
S1-362855525	
S1-283895346	
S1-832203146	
S1-988499116	
S1-231078760	
S1-795689819	S2-393842938,S2-261552449
S1-416104990	
S1-69761	
S1-925125975	
S1-569398852	S2-146352090,S2-807268691
S1-900194805	
S1-42149988	
S1-911927405	
S1-554003743	
S1-77392201	
S1-658793547	S2-103904381,S2-28090518,S3-234615973
S1-348897552	
S1-536988657	S3-203211622,S2-882694039
S1-189078776	
S1-565822796	
S1-858704104	S2-477695106,S3-972592615
S1-93863512	
S1-318522620	
S1-899257714	
S1-639048500	
S1-897113613	
S1-285073344	
S1-126134493	
S1-307006298	S3-728852977
S1-303268753	
S1-85216431	
S1-9070267	
S1-824016813	
S1-727151805	
S1-73269251	
S1-204779220	
S1-647184753	
S1-232616271	S2-302656183,S2-911018384,S2-935300304,S3-524397675,S2-984605817,S3-648156247
S1-267926944	
S1-902002553	S2-848151427,S3-600502038
S1-736917372	
S1-773306660	S2-873764043,S3-936805488
S1-364572281	
S1-737032577	S3-317691291,S2-388848583,S2-357170032,S3-623100912
S1-415197315	
S1-39513044	
S1-868688961	
S1-475000566	
S1-219362921	
S1-520488757	
S1-875578999	
S1-154434033	
S1-964287872	
S1-922294662	
S1-754137560	
S1-7856677	
S1-616178278	
S1-874982912	
S1-81010546	S2-11828820,S3-636367301
S1-128474714	
S1-405377403	
S1-641112733	
S1-182788341	
S1-813874514	S3-359931291,S3-282418917
S1-556759730	
S1-913844279	
S1-858864997	
S1-415659043	
S1-291778653	S2-378970102
S1-163375044	
S1-340302737	
S1-645484221	
S1-525904096	
S1-329049933	
S1-993075631	
S1-742314572	
S1-519410265	
S1-326991616	
S1-421313990	
S1-13478361	S3-325508537,S3-359048414,S2-8660308,S3-190863585,S3-731321370
S1-22887660	S2-981690000,S3-652991944,S3-923822653,S3-72478812
S1-738256340	
S1-855209082	
S1-499398386	
S1-777405621	
S1-484680405	
S1-360057456	
S1-676865018	
S1-637741281	
S1-784309314	
S1-105401964	
S1-655879595	
S1-792008565	
S1-323620522	
S1-161253791	
S1-382851876	
S1-760206249	
S1-729317779	
S1-317009411	
S1-817253927	
S1-867603451	
S1-121668737	
S1-522049009	
S1-909861042	
S1-406885113	
S1-643812771	
S1-871113402	
S1-857946307	
S1-837814930	
S1-954608481	
S1-982592565	
S1-200501374	
S1-448926773	
S1-824491293	
S1-22564542	
S1-957362422	
S1-791781082	
S1-126427225	
S1-33670372	
S1-605117287	
S1-322646249	
S1-808638128	
S1-766229076	
S1-433698295	S3-565671075
S1-824892561	
S1-928058252	
S1-709710536	
S1-138665366	
S1-165857793	
S1-481013083	
S1-536583797	
S1-740210917	
S1-128279849	
S1-914774037	
S1-197128812	
S1-920569723	
S1-644772702	
S1-307113724	
S1-895620274	
S1-887750093	
S1-537551902	
S1-414718421	
S1-870334409	
S1-141161552	S3-198289009,S2-581233397
S1-74555150	
S1-738327175	
S1-697661095	S3-442614230,S2-799130458,S2-430183807
S1-107371372	
S1-800575861	
S1-66599404	
S1-336243319	
S1-572858032	
S1-682941945	
S1-577279188	
S1-348918460	
S1-890076865	
S1-25314341	
S1-375568366	
S1-956712915	
S1-834425917	
S1-759043417	
S1-605112480	
S1-764489960	
S1-382858670	
S1-18367213	
S1-983518459	
S1-679511306	
S1-309148735	
S1-823623914	
S1-629959406	
S1-593242072	
S1-528424485	
S1-143597809	
S1-422837328	
S1-97805450	
S1-243926773	
S1-246959862	
S1-57274289	
S1-858463335	
S1-178850206	
S1-954530352	
S1-149929467	
S1-141400793	
S1-533895769	
S1-745959504	
S1-633888891	
S1-531169138	
S1-866595179	
S1-344990116	
S1-576842636	
S1-408686387	
S1-219291535	
S1-234747646	
S1-200848537	
S1-792412276	
S1-953343663	
S1-712816585	
S1-684504586	
S1-675682850	
S1-246044421	
S1-209434699	
S1-402623931	
S1-527380975	
S1-499013213	
S1-177588141	
S1-371161704	
S1-267912859	
S1-505733023	
S1-8140203	
S1-493097568	
S1-331834392	
S1-905955908	
S1-824812280	
S1-556240093	
S1-724888248	
S1-960938668	S3-951187495,S2-708583609,S3-425299807
S1-390127928	
S1-673109690	S2-708867602,S3-999338098,S3-735500269
S1-589821733	S3-748102929
S1-109487913	
S1-307166095	
S1-64830361	
S1-585330939	
S1-575063410	
S1-282880720	
S1-622469338	S2-187888024,S3-1597206
S1-672783891	
S1-702743617	
S1-586234869	
S1-274804615	
S1-835236860	
S1-287480925	
S1-958868436	
S1-197415614	
S1-218478834	
S1-494490276	
S1-529691121	
S1-698287203	
S1-41402707	S3-938054787,S3-88526708,S3-393604134,S2-285287126
S1-402301945	
S1-922562133	
S1-909831529	
S1-434508407	
S1-415560955	
S1-886551332	
S1-146535006	
S1-743090616	
S1-65384048	
S1-440094175	
S1-570871555	
S1-162665143	
S1-422454661	
S1-583415508	
S1-440045649	
S1-930218238	
S1-284027564	S3-400670465,S3-824200300,S2-910729048
S1-850652337	
S1-854408650	
S1-633718014	
S1-118229019	
S1-617701313	
S1-407027597	S3-42195248,S2-504637383,S3-367146531,S3-939676802,S2-907743216
S1-856252926	
S1-80502446	
S1-845410730	
S1-165362102	
S1-684080449	
S1-391153009	
S1-561801672	
S1-268447107	
S1-647804962	
S1-973102856	
S1-583616498	
S1-440441714	
S1-987475113	
S1-686895880	S3-620009983,S2-988900646
S1-904513740	
S1-113382774	
S1-287579845	
S1-88709745	
S1-953563788	S3-833843066,S2-495738695,S2-230429217
S1-74984238	
S1-177846056	
S1-798024767	S3-147306258,S3-836651134,S3-407384692
S1-33087342	
S1-452962601	
S1-821962976	
S1-349198865	
S1-370682729	
S1-865459338	S3-160133845
S1-687813850	
S1-831124825	S2-401410088,S2-36324794,S3-68086976,S2-383512137,S3-455952072
S1-437390449	
S1-249236534	
S1-962824648	
S1-977234846	
S1-65864153	
S1-863821601	S3-521899255
S1-299277283	
S1-86387436	
S1-921929535	
S1-920485832	
S1-65319538	
S1-696247430	
S1-909066189	
S1-127709613	
S1-332778305	
S1-845711022	
S1-651519974	
S1-842828769	
S1-241653671	
S1-4681579	
S1-279846607	
S1-680889170	
S1-258366977	
S1-686454712	
S1-793167780	
S1-443579712	
S1-739502861	
S1-576808294	
S1-110701344	S3-860429292
S1-776111612	S3-494752558,S2-37868042
S1-62417353	
S1-987305835	
S1-352715089	S3-678226789,S3-121384598,S2-110001299,S2-532092878
S1-788755942	
S1-124755709	
S1-69095541	
S1-715086813	
S1-16236092	
S1-356685736	S2-153683846,S3-295400304,S2-57605899
S1-217655913	
S1-777169940	
S1-972951626	
S1-345611354	
S1-724528308	
S1-254263570	
S1-146973111	
S1-519204987	
S1-299226969	
S1-891358231	S3-893062057,S3-829433751,S3-429012290
S1-922154509	
S1-279257388	
S1-491130805	
S1-422024687	
S1-950218457	S3-162047688
S1-574725202	S3-658246392,S2-648177590
S1-530049943	
S1-327805965	
S1-388682992	
S1-685883622	
S1-65293410	
S1-540487612	
S1-906000860	
S1-942193106	S3-261138434,S3-339457993,S2-550433161,S2-918481443
S1-41794207	
S1-914557817	
S1-791941778	
S1-740742082	
S1-434604095	
S1-794534865	
S1-463329292	
S1-468181586	
S1-96850832	
S1-953406610	
S1-170410060	S3-844971287,S3-564909864,S2-656956490,S3-510195008
S1-195446304	
S1-739951712	
S1-604849403	
S1-290701029	
S1-907267987	
S1-181717025	
S1-855378553	
S1-778171616	
S1-523865291	S2-47484212,S2-383470682
S1-162473819	
S1-106506184	
S1-621594884	
S1-251805552	
S1-612615847	
S1-541822048	
S1-388289354	
S1-910879730	
S1-461588194	
S1-958253571	
S1-828713083	
S1-354536599	
S1-664538748	
S1-835055346	
S1-727910224	
S1-716144346	
S1-46232935	
S1-442508695	
S1-251846482	
S1-457564467	
S1-782062820	
S1-256650303	
S1-154322030	
S1-649658152	S2-977014087,S3-131496728,S3-229442153,S2-141628286,S3-553314493
S1-848773687	
S1-412995795	
S1-130980668	
S1-354091683	
S1-655389741	
S1-383262108	
S1-428370693	
S1-107475697	
S1-472025442	
S1-76173223	
S1-954249459	
S1-587171898	
S1-254479642	
S1-87573216	
S1-709547115	S2-835229417,S3-398461269
S1-278231669	
S1-769375439	
S1-931840136	
S1-645258061	
S1-721347762	
S1-394535940	
S1-687244273	
S1-434619095	
S1-142164846	
S1-653438997	
S1-743504348	
S1-851129143	
S1-69662765	
S1-655810692	
S1-181279499	
S1-989797400	
S1-650422532	
S1-455448615	
S1-804890898	
S1-6897231	
S1-312380087	
S1-299879465	
S1-697162418	
S1-970836227	
S1-643823962	
S1-338016626	
S1-273894151	S2-285830230,S2-207141010,S2-170496715
S1-781328161	S3-541204436,S2-911706787,S2-615144882
S1-266442076	
S1-752505786	
S1-385803156	
S1-753874975	
S1-326555736	
S1-273532213	
S1-565625179	
S1-205395723	
S1-197784481	
S1-47856834	
S1-432697664	
S1-17344504	
S1-754362577	
S1-877603223	
S1-39358604	
S1-485460440	
S1-378217131	
S1-66443509	
S1-238026848	
S1-612047495	
S1-5025374	
S1-554522945	
S1-629163767	
S1-529843685	
S1-176335361	
S1-587088153	
S1-221253779	
S1-631961800	
S1-285320042	
S1-503593242	
S1-193299531	
S1-382304713	
S1-144958985	
S1-68739598	
S1-380099852	S2-912421704,S3-838120521
S1-771994241	
S1-218663788	S3-274585063,S3-581152524,S2-331863013,S2-524678135,S2-510339483
S1-214619671	
S1-824900504	
S1-75693236	
S1-572707818	
S1-830105122	
S1-593896223	
S1-85612284	
S1-26030755	
S1-392018782	
S1-410806321	
S1-327180974	
S1-425697581	
S1-580119622	
S1-244015125	
S1-618211054	
S1-590139178	
S1-571350194	
S1-287519604	
S1-365211191	
S1-845889641	
S1-19712517	
S1-966887556	
S1-896042926	
S1-469408257	
S1-496706528	
S1-891407413	S2-394601990,S2-417008797
S1-562029151	
S1-404292240	
S1-339764851	
S1-213642056	
S1-833501927	
S1-157891536	
S1-49358153	
S1-83746989	
S1-791487269	
S1-741268227	
S1-260660115	
S1-953338580	
S1-932222611	
S1-228281854	
S1-37062439	
S1-212526892	
S1-485702924	
S1-836753545	
S1-449016893	
S1-368474065	S3-728272974,S2-543073928
S1-796252074	
S1-942159944	
S1-654875210	
S1-290843794	S3-802773410,S3-330618449,S2-124207458,S2-952524158,S3-605577971
S1-345922138	
S1-394131794	
S1-918593930	
S1-12342453	
S1-462708219	
S1-912070224	
S1-937316939	
S1-879252017	
S1-739265216	
S1-346758810	
S1-983998273	
S1-189843850	S2-15120880,S2-769560881
S1-667349636	S2-230279729
S1-196043108	
S1-670543219	
S1-215575294	
S1-961310127	
S1-497628845	
S1-643796964	
S1-573592299	S3-421666219,S2-51224230,S3-833438574,S2-766539081,S3-190752546,S2-44487166
S1-721310038	
S1-221158258	
S1-293403344	
S1-218897463	
S1-618497368	
S1-346520844	
S1-997980471	
S1-749826278	
S1-923685547	
S1-29353976	
S1-950234644	
S1-818765792	
S1-661854906	
S1-514005462	
S1-529258995	
S1-108466818	
S1-580671755	
S1-845296559	
S1-80172774	
S1-140740900	
S1-392053769	
S1-215315658	
S1-825076163	S3-436104823,S3-189887367
S1-173806507	
S1-153263975	
S1-99125273	
S1-351804193	
S1-442328598	
S1-569658659	
S1-108811566	
S1-582959416	
S1-988472214	
S1-494782313	
S1-815851929	
S1-384114038	
S1-477566181	
S1-572348561	
S1-302018995	
S1-861871891	
S1-191217263	
S1-820650095	
S1-55927935	
S1-89794096	
S1-305420066	S3-119133173,S2-244871069,S3-588141065
S1-173789008	
S1-620891022	
S1-404905294	
S1-105781146	
S1-417023211	
S1-673526618	
S1-863216568	
S1-209702492	
S1-746911111	
S1-451239602	
S1-860051341	
S1-383668456	
S1-448547798	
S1-318184032	
S1-873388602	
S1-792746627	
S1-436990127	
S1-382033334	
S1-630945992	
S1-176428148	
S1-156282363	
S1-307262913	
S1-922203912	
S1-854112354	
S1-289519805	
S1-37307024	
S1-12357961	
S1-97678974	
S1-822248008	S3-328530877
S1-386351838	
S1-343177335	S3-707791822,S3-507805889
S1-946417197	
S1-814076813	S2-619854678
S1-494538000	
S1-747446142	
S1-405873589	
S1-680251557	
S1-956451423	
S1-591968780	
S1-851989946	
S1-431893519	
S1-169367814	S2-754656443,S3-675582775,S3-977128701,S2-161367492
S1-520172099	
S1-965932258	
S1-478153067	
S1-981102596	
S1-906554274	
S1-910897260	
S1-702584308	
S1-586569536	
S1-965958595	
S1-241947291	
S1-982856050	
S1-312875059	
S1-316288487	
S1-666512325	
S1-669702675	
S1-528257163	
S1-605929591	
S1-321456581	
S1-987234963	
S1-505559760	
S1-276399959	
S1-146914418	
S1-435043808	S3-380327081,S2-660509759,S3-717349091,S3-303955155
S1-699822100	
S1-764530145	
S1-897168388	
S1-678854491	
S1-975917621	
S1-668052528	
S1-607128753	
S1-689790191	
S1-204051353	
S1-806114808	
S1-29880047	
S1-698514375	
S1-859938411	
S1-441441117	
S1-281601693	
S1-699406450	
S1-232394519	
S1-513605368	
S1-924957749	S2-32749712,S3-349866177,S2-210163575
S1-21612600	
S1-88638224	
S1-394018679	
S1-58227987	
S1-865968474	
S1-833895060	
S1-572755055	
S1-550514212	
S1-571110311	S2-339514565,S3-724565957
S1-752472325	
S1-902555336	
S1-605283837	
S1-629418540	
S1-710757752	
S1-740002545	S3-597248824,S3-661531181,S2-433616541,S2-642416289
S1-543653371	
S1-289521645	S3-63404633,S2-630259795,S3-610721614
S1-183383090	
S1-355415790	
S1-769478709	
S1-904700591	
S1-986439703	
S1-664015317	
S1-670516226	
S1-935404727	
S1-261825611	
S1-658025911	
S1-324527148	
S1-352862962	
S1-606896593	
S1-954322369	
S1-581075200	
S1-263998804	
S1-473154423	
S1-276742020	
S1-74104108	
S1-103228270	
S1-8090046	S3-930652568
S1-21556369	
S1-11164393	S3-230040047
S1-15554340	
S1-491037494	
S1-365366757	
S1-766224167	
S1-82116945	
S1-620279480	
S1-293202672	
S1-858917398	
S1-547709944	
S1-797495343	
S1-50190719	
S1-678448191	
S1-560232805	
S1-708927587	S3-920476145,S3-891625239,S2-598400956,S2-196047245,S2-144981532
S1-875288400	
S1-128054006	
S1-953225949	
S1-712474053	
S1-936668264	
S1-795055193	
S1-137557777	
S1-200716505	
S1-255653032	
S1-375033454	
S1-349547160	
S1-201461103	
S1-476444099	
S1-343801698	
S1-568833490	
S1-616669583	
S1-382135752	
S1-678984538	
S1-125386204	
S1-720247925	
S1-324102511	
S1-971038971	
S1-389409782	
S1-227113824	
S1-483919311	
S1-587742992	
S1-304132927	
S1-183878283	
S1-732877253	
S1-454162798	
S1-53369606	
S1-440348732	
S1-68136431	
S1-22593579	S3-466083209,S2-558787746
S1-957954692	
S1-989998628	
S1-950400732	
S1-377560297	
S1-807754277	
S1-492969445	
S1-652542279	
S1-19964004	
S1-685229785	
S1-264367952	
S1-18248397	
S1-32065426	
S1-987350552	
S1-605403802	
S1-691958837	S3-997107925,S3-1802920,S2-355148426,S2-619128354,S3-173793560
S1-42360073	S2-822387226
S1-746029448	
S1-656929442	
S1-381698737	
S1-497628575	
S1-345783336	
S1-564116250	
S1-48214582	
S1-151440864	
S1-832997628	
S1-880131715	
S1-386673042	
S1-572430081	
S1-283077284	
S1-337449565	S3-596980023,S2-223030296,S2-745257855,S3-717427620,S3-533401807
S1-399627292	
S1-867747094	
S1-621744523	
S1-303213089	
S1-25374773	
S1-536525067	
S1-428676814	
S1-247670066	
S1-450720517	
S1-871713883	
S1-321015653	
S1-343800708	
S1-721628913	
S1-423655007	
S1-311538228	
S1-753631170	S2-727467865,S2-340975944,S2-778788221,S3-117710717
S1-950745052	
S1-20455707	
S1-25045634	
S1-558969988	S2-474237905,S2-103959047
S1-942882529	
S1-64797986	
S1-651088254	
S1-991375747	
S1-233348469	
S1-302994793	
S1-497484790	
S1-918282349	
S1-146830532	
S1-726926375	
S1-23969435	
S1-253204273	
S1-997269526	S2-312032615,S2-310922910
S1-414613491	
S1-863159494	
S1-568727299	
S1-443247610	
S1-312881517	
S1-416334920	
S1-37243008	
S1-66912448	
S1-327079983	
S1-871631560	S2-261086559,S2-757137307,S3-242285422
S1-815400588	
S1-527099598	
S1-282533592	S2-952949311,S3-47667604
S1-789270444	
S1-194779294	
S1-270099616	S2-687819940,S3-821596126,S3-940072800,S2-324613732
S1-519057933	S3-442491777
S1-163116860	
S1-742507229	
S1-685432813	
S1-435701596	
S1-503107608	
S1-553828096	
S1-377091261	
S1-551945349	
S1-170398173	
S1-189754767	S2-683396535
S1-500613332	
S1-303622938	
S1-826828966	
S1-873051947	
S1-492456803	
S1-71833208	
S1-830551295	
S1-681794230	
S1-436087274	
S1-427423856	
S1-971767951	
S1-126534009	
S1-936551636	
S1-46711576	
S1-735069461	
S1-973442733	
S1-85271601	
S1-519650337	
S1-683333512	
S1-225747574	
S1-481381982	
S1-760917870	
S1-950847941	
S1-624209356	
S1-858112592	
S1-950207142	
S1-950677801	S2-299825377,S3-136999027,S2-316968638
S1-433327547	
S1-245521963	
S1-630063106	
S1-917524299	
S1-34736076	
S1-512387250	
S1-951439814	
S1-542026290	
S1-368137801	
S1-433044958	
S1-614888819	S3-702548311,S3-176056353,S3-544639910,S2-929653493,S2-920200152,S3-637007288
S1-77212722	
S1-811501283	
S1-269382325	
S1-228666585	
S1-865424849	
S1-20525542	
S1-787613683	
S1-421090825	
S1-475502930	
S1-925657070	
S1-865291066	
S1-812912413	
S1-663284748	
S1-562686108	
S1-464732334	
S1-364341346	S3-888279630
S1-365439500	
S1-239931172	
S1-56849533	
S1-801837403	
S1-819841736	
S1-107083754	S3-32954066,S2-369147782,S3-955162789
S1-677026913	
S1-80041039	
S1-341028097	
S1-300714164	
S1-622570364	
S1-745304248	
S1-322431043	
S1-852423793	
S1-920572009	
S1-455512282	S3-714861603,S3-829069677
S1-966983442	
S1-498372929	
S1-964156979	
S1-465036058	
S1-663300527	
S1-550762638	
S1-633002743	
S1-919254078	
S1-58056377	
S1-877352865	
S1-177083235	
S1-511704015	
S1-960788592	
S1-451230111	
S1-51368891	
S1-226045856	
S1-877350587	
S1-689150096	
S1-72721991	
S1-128814312	
S1-983897185	
S1-703017850	
S1-731066474	
S1-139440351	
S1-656855125	
S1-274623695	S2-337048305,S3-791381868
S1-152613628	
S1-602882504	
S1-666356802	S3-427618279,S3-459661173,S3-968024349
S1-829296699	
S1-302119398	
S1-776552941	
S1-413062810	
S1-162624994	
S1-416707092	
S1-764438810	S2-442566877,S3-44395900
S1-4413091	
S1-766390050	
S1-876637293	S3-499509010
S1-260667683	
S1-486745633	
S1-54459738	
S1-223253081	
S1-581602357	
S1-368238400	S3-259360881,S3-678645878,S2-960820237
S1-72637684	
S1-222828569	
S1-306044214	
S1-268466258	
S1-157908048	S3-545338629,S3-655306312,S3-241009366,S3-449990855,S2-234073204,S3-933892738
S1-752603253	
S1-463800316	
S1-36428499	
S1-75614863	S2-99806313,S2-96761130,S3-444211026
S1-277519552	
S1-45769646	
S1-306655199	
S1-494430764	
S1-493650547	
S1-589223339	
S1-945074594	
S1-128728739	
S1-381242403	
S1-280177015	
S1-335249419	
S1-543360658	
S1-455771709	
S1-830116571	
S1-883835049	
S1-424427112	
S1-365978078	
S1-951899655	
S1-666704319	S3-747716302,S2-521412105,S2-396059623
S1-87620343	
S1-496826058	
S1-920029234	
S1-72078205	
S1-560163490	
S1-291178886	
S1-905612996	
S1-496349378	
S1-932871587	S2-834128276,S2-941400089,S3-901986130
S1-665621281	
S1-486649527	
S1-401690062	
S1-551901270	
S1-606970720	
S1-700198404	
S1-17509473	
S1-274438034	
S1-645090467	
S1-406659505	
S1-326048618	
S1-713853341	
S1-943767375	
S1-358980115	
S1-171487446	
S1-784188727	
S1-823070840	
S1-391090958	
S1-57436915	
S1-931782758	
S1-280544758	
S1-100358402	
S1-902119574	
S1-694689797	
S1-77214061	
S1-730452089	
S1-632255661	S2-963335748
S1-230321236	S2-86236291,S3-933887230
S1-588636616	
S1-365048126	
S1-616555905	
S1-502570165	S2-703829945,S2-900017611
S1-858613657	
S1-907501667	
S1-58614043	
S1-190519149	
S1-344691328	
S1-977619640	S2-801445382,S3-754887118,S3-146910953
S1-780334164	
S1-327541089	
S1-65075080	
S1-207706069	
S1-536724119	
S1-535440561	
S1-650943876	
S1-259585806	
S1-131618064	
S1-195582783	
S1-121197254	
S1-883242088	
S1-256321203	
S1-295614867	
S1-89827823	S2-671278963,S2-322023481
S1-525276065	S3-166350429,S3-881471697,S2-319912504,S2-240641120
S1-7057247	
S1-56070164	
S1-942701241	
S1-687589889	
S1-699805614	
S1-994340502	
S1-660872386	
S1-985578286	
S1-125606783	
S1-299464052	S2-893286333,S3-567841705,S3-972449872,S3-768806242,S3-428849602
S1-277323178	
S1-344725844	
S1-287916758	
S1-539624059	
S1-564685398	
S1-950928533	
S1-690153073	
S1-763806588	
S1-243498569	
S1-162502640	S2-28172736
S1-970677809	
S1-827685028	
S1-370887134	
S1-859631732	
S1-596673822	
S1-879232543	
S1-593301245	
S1-702417448	
S1-566354203	
S1-248660580	
S1-390061494	
S1-537013032	
S1-590265653	
S1-451309001	
S1-765505277	
S1-911734570	
S1-687706816	
S1-901498102	
S1-657519641	
S1-422553535	
S1-269050893	S2-585636511,S3-241509822,S3-386452693,S2-336133377
S1-713235757	
S1-594722761	
S1-96646400	S2-569421835,S3-800369086,S3-507317971
S1-522630717	
S1-812096578	
S1-468107372	
S1-250975054	
S1-174116073	
S1-751705675	
S1-716119007	S2-791709211
S1-273578840	
S1-564538017	
S1-360637082	
S1-838470446	
S1-473074441	S3-862154183,S2-834830934,S3-24117797
S1-746977257	
S1-533363897	
S1-760908922	
S1-149542736	
S1-480045933	
S1-424791870	
S1-418783782	
S1-778210826	
S1-178691377	
S1-14285959	
S1-776749911	S3-582452542,S2-4529490,S2-589448545
S1-143966580	
S1-475123813	
S1-93967203	
S1-672078135	
S1-93236586	
S1-943583369	
S1-345492917	S2-81575628,S2-727999184,S2-519893263,S3-524582070
S1-197277642	S3-895021344,S2-581125499,S2-460589879,S2-892354647
S1-257743187	
S1-976611554	
S1-634971972	
S1-104051766	
S1-684437451	S2-600219524,S3-313651966,S2-378395184
S1-507735372	
S1-382848319	
S1-884091462	
S1-762612309	
S1-748187261	
S1-846576302	
S1-709857546	
S1-804662080	
S1-368178684	
S1-482363592	
S1-492700516	
S1-765888353	
S1-110358114	
S1-963762896	
S1-687246986	
S1-759561458	
S1-610817815	
S1-799492538	
S1-108646915	S2-552148661
S1-852096991	
S1-20916998	
S1-753312540	
S1-295621898	
S1-420313630	
S1-927675735	
S1-219517747	
S1-650460306	
S1-112360999	
S1-516731654	
S1-155498540	
S1-854395350	
S1-88999803	
S1-483977253	
S1-496486688	
S1-83929837	
S1-203450533	
S1-779824844	
S1-281964962	
S1-679735772	
S1-811859225	
S1-566102218	
S1-88744377	
S1-129205581	
S1-123796521	
S1-676726404	
S1-882014578	
S1-818498535	
S1-158541281	S2-143045046,S3-430361870,S2-589405681,S2-378401849
S1-149993119	
S1-683742559	
S1-675246039	
S1-847813834	
S1-951388872	
S1-674184910	
S1-50313657	
S1-68272094	
S1-733319658	
S1-915759472	
S1-128068394	
S1-248680370	
S1-142647069	
S1-769238430	S3-671194704,S2-654366287
S1-689498521	
S1-425248500	
S1-310107131	
S1-337834440	
S1-21577767	
S1-453755876	
S1-767814695	
S1-227678174	
S1-548962887	
S1-946346597	
S1-63436299	
S1-943969846	
S1-198252419	
S1-790225634	
S1-766500746	
S1-903124926	
S1-210295474	
S1-979476818	
S1-382484900	
S1-813674314	
S1-187714996	
S1-925915754	S3-808741214,S2-822605179,S2-751744392,S3-456004019
S1-745780069	
S1-202205045	
S1-921335596	
S1-79963478	
S1-958574184	
S1-442249451	
S1-797327443	
S1-196023618	
S1-38831094	
S1-868076652	
S1-465306368	
S1-143242747	
S1-606617950	
S1-855382465	
S1-720924206	
S1-57407295	
S1-435163680	
S1-76943351	
S1-711467009	
S1-552036255	
S1-426923505	
S1-953211255	
S1-122527938	
S1-336213574	
S1-534841614	
S1-997497216	
S1-574375263	
S1-304364732	
S1-38625889	
S1-967557189	
S1-597416485	
S1-556390144	
S1-40682673	
S1-135375738	
S1-117888331	
S1-665255132	
S1-95796628	
S1-504629986	
S1-187742749	
S1-195476342	
S1-389357630	S3-867067804,S3-957631495,S3-680914861
S1-985536923	
S1-907783343	
S1-351765087	
S1-181834911	
S1-972326289	
S1-278504272	
S1-30208480	
S1-25444554	
S1-91953616	
S1-994647429	
S1-860988126	S3-950303019,S3-442925242,S3-940386186
S1-569273167	
S1-887034300	
S1-34170446	
S1-135833569	
S1-408629582	
S1-122346306	
S1-7386313	
S1-25861856	
S1-767569515	
S1-949531652	
S1-856784378	
S1-436447007	
S1-928108566	
S1-357767020	
S1-777104675	S2-280794120,S3-483990431
S1-268942731	
S1-526629905	
S1-481137405	
S1-701342255	
S1-399756144	
S1-540840422	
S1-44863239	
S1-958533582	
S1-739086506	
S1-913972974	
S1-595873896	
S1-11033545	
S1-71889785	
S1-717252582	S3-561924176,S2-565829913
S1-95317459	
S1-320351831	S3-65475,S2-627561477,S2-622117926
S1-41569333	
S1-999064135	
S1-166604456	
S1-657157119	
S1-986317647	
S1-857395965	
S1-187204277	
S1-187048742	
S1-333312225	
S1-963672191	S3-915575458
S1-137349830	
S1-680278355	
S1-292498570	
S1-418513116	
S1-85130558	
S1-663709682	
S1-418573602	
S1-527692330	
S1-76494133	S2-79447951,S3-372850697
S1-712773792	
S1-149619444	
S1-440647588	
S1-81215363	
S1-100502835	
S1-88103433	
S1-504446736	
S1-462043848	
S1-987381915	
S1-212295891	
S1-885955976	
S1-583555624	
S1-663233028	
S1-693591441	
S1-978339973	
S1-747338093	
S1-360013119	
S1-221090829	
S1-108738652	
S1-334453391	S3-988471790,S3-710758499,S2-214658955
S1-667436389	
S1-849242331	
S1-920776444	
S1-600390910	S3-649957053,S2-260483
S1-7833491	
S1-917060692	S3-790674473,S2-248036418
S1-149477559	
S1-34382774	
S1-224695958	S2-702125252,S2-323438768
S1-166867515	
S1-224919464	S3-326706015,S3-237712891
S1-83309763	
S1-849390194	
S1-867415005	S3-972953213
S1-311442921	
S1-889537185	S2-909144491,S3-69564058
S1-662793715	
S1-48888744	
S1-411161103	
S1-146562233	
S1-231158168	
S1-193464158	
S1-892602453	
S1-891447848	
S1-811396150	S3-723700980,S2-156741547
S1-126737450	
S1-319059583	
S1-108295356	
S1-398363211	
S1-703981636	
S1-558112597	
S1-141924856	
S1-923738493	
S1-858819461	
S1-819363310	
S1-480884142	
S1-22363387	
S1-572540265	
S1-638195300	
S1-38334319	
S1-123386087	
S1-38962208	
S1-274559032	
S1-535893397	
S1-599134115	
S1-213607660	
S1-873088570	
S1-394348455	S3-985446931,S3-41359381,S2-901181099
S1-719037104	
S1-473047558	
S1-924393547	
S1-805286455	
S1-596311129	
S1-179421355	S2-771585575,S2-598247314,S2-29562792,S2-385650081
S1-704686324	S2-176973871,S3-429132134,S3-786294797,S2-211601124
S1-929185741	
S1-815323753	
S1-550107368	
S1-977610461	
S1-614265811	
S1-209786179	
S1-30095767	
S1-533377277	
S1-58032141	
S1-960332694	
S1-742991263	
S1-631649152	
S1-266892845	
S1-759586181	
S1-718915015	
S1-985643157	
S1-99270597	
S1-415900627	
S1-615626279	
S1-643507037	
S1-981670904	
S1-354197424	
S1-460714098	
S1-933806170	
S1-775809843	
S1-545720778	
S1-268522480	
S1-439526544	
S1-899080240	
S1-828119655	S2-433564383,S3-769162903
S1-152343261	S3-774046714,S3-340102728,S3-70761769
S1-402228812	
S1-796085808	
S1-343451051	
S1-150401882	
S1-854443901	
S1-47670974	
S1-141044063	
S1-944197218	
S1-692412671	
S1-39480180	
S1-315321774	
S1-710512649	
S1-311517974	
S1-566019970	
S1-725457343	S2-107633777,S2-499323969,S2-414844596,S3-152851398
S1-109802400	
S1-894586539	
S1-566195995	
S1-307828304	
S1-154618762	
S1-472087785	
S1-720689377	
S1-246233187	
S1-203442335	
S1-559709536	S2-571930378,S3-226160617,S2-510987823
S1-603111964	
S1-443112319	
S1-53391117	
S1-648552386	
S1-513536912	
S1-758270346	
S1-426239380	
S1-36587468	
S1-399751164	
S1-463564636	S2-433965669
S1-177911136	
S1-342684655	
S1-504649266	
S1-484380294	
S1-454591584	
S1-812413834	
S1-331923645	
S1-85541431	
S1-79492280	
S1-741935448	
S1-323348549	
S1-932557208	
S1-198912493	S3-87953634,S2-944921061,S2-512493339,S2-843860182
S1-765732096	
S1-453839478	
S1-639122930	S2-313005567,S2-541604574,S2-844139904
S1-303042951	
S1-74043510	
S1-4901786	
S1-269459244	
S1-597235741	S2-23301370,S2-254818330,S3-507866845
S1-974182626	
S1-456049490	
S1-155048977	
S1-286386528	
S1-481644032	
S1-359232004	
S1-35162123	
S1-864978348	
S1-130816034	S2-697220216
S1-526256223	
S1-321272664	
S1-985154952	
S1-20150270	
S1-284984320	
S1-674825701	
S1-322161096	
S1-534716747	
S1-609057710	S2-122082808,S2-90567644,S3-211452037,S2-466341973,S3-597895443,S3-476366413
S1-619233768	
S1-591650307	
S1-66521698	
S1-952577700	
S1-562491693	
S1-709433863	
S1-465803838	
S1-394398018	S2-948721377,S2-926370138,S3-295336546,S2-256994455,S3-69970459
S1-108776	
S1-344016170	S3-894250185
S1-560471546	
S1-918234987	
S1-668579155	
S1-365844058	
S1-103454940	
S1-573871081	
S1-6105362	
S1-555457372	
S1-615340061	
S1-244933092	
S1-118155118	
S1-805963861	
S1-511317968	
S1-778955612	
S1-846509652	
S1-52725711	
S1-752708515	
S1-513434205	
S1-234811766	S2-428439503,S3-591313376,S3-84540688
S1-651903673	
S1-79348905	
S1-830285238	
S1-516180137	
S1-392469483	
S1-591791813	
S1-393146787	
S1-746011027	
S1-299879819	
S1-892856	
S1-218254324	
S1-437773929	S2-617362893,S2-289628853,S2-383414600,S2-743963884
S1-345686424	
S1-725125012	
S1-119229080	
S1-854861850	
S1-801632316	S2-510485429,S2-808544611,S3-580067420
S1-115361402	
S1-270622171	
S1-593470547	
S1-941030855	
S1-115188124	S2-719328637,S2-495944750
S1-102434024	
S1-120996602	
S1-656090996	
S1-955869818	
S1-329104334	
S1-385605629	
S1-555068093	
S1-712140584	
S1-225970444	
S1-797472388	
S1-814377	
S1-149632132	
S1-60302450	
S1-602636473	
S1-795443528	
S1-904508353	
S1-532168239	S3-268061443,S3-109738598,S3-376226099,S2-605667441
S1-205407460	
S1-979007980	
S1-803001354	
S1-706774066	
S1-886117524	
S1-164995291	
S1-488145344	
S1-538262772	
S1-731761100	S2-181337131,S2-772097061
S1-823960647	S3-358014612,S3-375921733,S3-349136885
S1-781308279	
S1-538563491	
S1-625138528	
S1-159726193	
S1-284190387	
S1-40608305	
S1-984845386	
S1-491128017	
S1-645125978	
S1-244225517	S3-180868747,S2-72183385
S1-964789352	
S1-899237800	
S1-693085374	
S1-896642956	
S1-914370646	
S1-182045107	
S1-337377783	
S1-869356609	
S1-551653691	
S1-241796452	
S1-430976860	
S1-513861002	
S1-492038236	
S1-737509289	
S1-620449580	
S1-924033976	
S1-552293556	
S1-516655941	
S1-185976583	
S1-53252485	
S1-870164729	
S1-110239973	
S1-444756147	
S1-155642403	
S1-311896107	
S1-252632663	
S1-837408262	
S1-993780483	
S1-473152836	
S1-518750549	
S1-335906499	
S1-911633719	
S1-253207433	
S1-105377006	S3-255537173,S3-67615006
S1-677144801	
S1-203583628	S2-535735189,S3-318439463
S1-853567180	
S1-715400316	
S1-730930747	
S1-981478599	S3-603063660,S2-131081347,S3-886087325
S1-404265222	S2-312391162,S3-232252374,S3-346088418,S3-943475851,S2-972637846
S1-916505826	
S1-993514261	
S1-924374114	S3-68247985,S2-118760803
S1-574574484	
S1-439445129	
S1-159347422	
S1-787430406	
S1-609799954	
S1-560079348	
S1-678328848	
S1-736431503	
S1-42723981	
S1-711219950	
S1-605028537	
S1-661340009	
S1-60101023	
S1-138523338	
S1-512724606	
S1-616377643	
S1-230566051	
S1-401760173	
S1-97531712	S2-956355692,S2-52815678
S1-880270517	S2-509749228,S2-455652264,S2-878452876,S2-107286604
S1-725546857	S2-666709801,S2-425434063,S3-622332346,S2-892177080
S1-709931100	
S1-84341588	
S1-880686259	
S1-510594894	
S1-443575686	
S1-921302914	
S1-161336173	
S1-996437549	S3-548922475,S3-827103025,S3-167582535,S2-724924003
S1-121061430	
S1-883916902	
S1-517389425	
S1-769029341	
S1-582540239	S2-598367360
S1-928840796	S3-251327572,S2-72072423
S1-959721572	
S1-434768309	
S1-328209105	
S1-509849880	
S1-347766815	
S1-235512193	
S1-564346908	
S1-894142004	
S1-179590600	
S1-666265844	
S1-296968454	
S1-794533070	S2-50090113,S2-896414153,S3-54012016,S3-983634250,S3-216327931,S2-197345206
S1-875662968	
S1-25084594	
S1-160382809	
S1-883375565	
S1-672623623	
S1-48342249	
S1-387430644	
S1-355959412	
S1-513196641	
S1-501324896	
S1-537258022	
S1-15317499	
S1-830108966	
S1-668639302	
S1-837167014	
S1-611723301	
S1-153052378	
S1-100132084	
S1-452579956	
S1-398686664	
S1-13957151	
S1-325632419	
S1-956388244	
S1-190310358	
S1-816771350	S2-91918790,S3-686222309,S2-798766529
S1-979186790	S3-849556324,S3-310352142,S2-423497792
S1-187883706	
S1-96338336	
S1-624953041	
S1-32341884	
S1-554739978	
S1-541331390	
S1-648016203	
S1-316714523	
S1-532085230	
S1-373311328	
S1-740866886	
S1-623469777	
S1-670285216	S2-658069827,S2-693698402,S3-687327566
S1-976991222	
S1-763182433	
S1-185063709	
S1-457900237	
S1-350169018	
S1-777870389	
S1-996812992	S3-349119810,S3-305681088,S2-516202722
S1-455820844	
S1-862364901	S3-900973416,S2-972014600,S2-336014569,S2-844587000,S3-366822812
S1-439957999	
S1-908151795	
S1-338467690	S3-92762652,S3-290364687
S1-615177983	
S1-918374289	
S1-404876892	
S1-266286513	
S1-617668116	
S1-324720722	
S1-26130909	
S1-759398817	
S1-785659615	
S1-289897088	
S1-987673552	
S1-368436890	
S1-130198395	
S1-985469003	
S1-164159598	S3-740288890,S3-60831528
S1-447377648	
S1-124645245	
S1-824581529	
S1-89998985	S3-50422340
S1-474946860	
S1-595152157	
S1-13076783	
S1-663282727	
S1-411951484	
S1-713770546	
S1-725637016	
S1-818042450	
S1-399960307	
S1-251820847	
S1-6164889	
S1-917285409	
S1-108932776	S2-480305885,S3-103963647
S1-560071667	
S1-927372893	
S1-86822370	
S1-266947533	
S1-87141748	
S1-609471501	
S1-920547781	S3-918267967,S2-125909398,S3-403108710,S2-834530018
S1-710551809	
S1-383357572	S2-386211792,S2-219514847,S3-721183461
S1-248923544	
S1-876713460	
S1-23762803	
S1-434042258	
S1-280665520	
S1-744362525	
S1-205631026	S3-764151625
S1-966982027	
S1-191403122	S2-899134320,S2-193834224,S3-49738040,S3-983047522
S1-728683790	
S1-624768730	
S1-892398958	
S1-469239120	
S1-447502464	
S1-557235535	
S1-968052689	
S1-897563034	S2-310343094
S1-283762412	
S1-199646189	
S1-326496585	
S1-317039878	
S1-585928092	
S1-80440125	
S1-966435136	S3-432290756,S3-209063849,S3-183085675,S2-210978406
S1-525223497	
S1-280965535	
S1-949564466	
S1-859146669	
S1-618675158	
S1-465184116	
S1-456098668	
S1-662741581	
S1-515704809	
S1-418923266	
S1-680043915	
S1-701301640	
S1-203813093	
S1-64660840	
S1-404401809	
S1-904922583	S2-787780086,S3-520744504,S3-498210556
S1-574970016	
S1-32093362	
S1-724958841	
S1-212645488	S3-913080007,S2-438106187
S1-441104799	
S1-967228164	
S1-888602712	
S1-67040927	S3-668532127,S3-874535223
S1-667083740	
S1-579952771	
S1-697500193	
S1-315662742	
S1-926526888	
S1-300146870	
S1-373759224	
S1-296151269	
S1-617078719	
S1-753347254	
S1-622411357	
S1-221082826	
S1-996522722	
S1-956114524	
S1-972300594	
S1-667028503	
S1-500646638	
S1-178047974	
S1-655271399	
S1-436087128	
S1-366766536	
S1-30890283	S2-157607106,S2-327742342,S3-573957778,S3-626322653
S1-420537925	
S1-524822545	
S1-85540381	
S1-552480587	
S1-449663387	
S1-258573774	
S1-466066615	
S1-10233958	
S1-722830781	
S1-876193145	S2-676295058,S3-639062320
S1-572018162	
S1-361618023	
S1-580391844	
S1-807845458	
S1-76105480	
S1-475754487	
S1-386016527	
S1-300989830	
S1-15097589	
S1-57200390	
S1-69750455	
S1-7036532	
S1-51869731	
S1-54654872	S2-200277449,S3-374605227,S2-544736662,S3-143650146
S1-753899515	
S1-548096296	
S1-387822405	
S1-579144622	
S1-605664051	
S1-505098977	
S1-839960557	
S1-929713257	
S1-792484940	
S1-235660456	
S1-599867640	
S1-428731241	
S1-5502630	
S1-741660724	
S1-727987433	S3-293626884,S3-522523392,S2-139092253,S2-565755265
S1-391727737	
S1-439476010	
S1-612069167	
S1-649212567	S2-579234036,S2-954782958,S3-221097933
S1-114923345	
S1-410499235	
S1-517673778	
S1-565762332	
S1-499473467	
S1-498748302	
S1-535485652	
S1-802239086	
S1-143415869	
S1-509836378	
S1-934848438	
S1-807590781	
S1-373227584	
S1-910952234	
S1-665181748	
S1-210710424	
S1-510353076	S3-511905291,S2-189621648,S2-746062311,S3-390808788
S1-984832434	S2-714890238,S3-320351339,S3-696976438,S2-955408356
S1-977275821	
S1-41100774	
S1-56495446	
S1-189591152	
S1-618170000	
S1-465137051	
S1-197599229	
S1-697947081	
S1-837208022	
S1-540793968	
S1-808093906	
S1-845233887	
S1-128991076	
S1-122344288	
S1-16351022	
S1-368987865	S3-621533057,S2-487836401
S1-68886775	
S1-317005783	
S1-408451950	S3-541094881,S2-911614533
S1-301860128	S3-11705128,S3-647047082
S1-391160291	
S1-178325300	
S1-832270528	S3-879206382,S3-330830660,S2-638741288
S1-764472460	
S1-358170374	
S1-268764584	
S1-630132522	
S1-848008286	
S1-59009167	
S1-400123834	
S1-425966327	
S1-16354845	
S1-762727992	
S1-281164087	
S1-294393746	
S1-424639725	
S1-387953156	
S1-616301295	
S1-211420328	
S1-850017480	
S1-712118499	
S1-311124674	
S1-951084315	
S1-147684167	
S1-529518199	
S1-916310078	
S1-253249645	
S1-49402951	
S1-35981778	S2-685588306,S3-394392824,S3-185125530,S3-304679382
S1-617327494	
S1-922445393	
S1-220865984	
S1-393652609	
S1-875135582	
S1-214786373	
S1-946100578	
S1-645229531	
S1-849763563	
S1-454224722	
S1-729787346	
S1-393270945	
S1-507411193	
S1-880695484	
S1-333760819	
S1-395343919	
S1-690531768	
S1-693640877	
S1-129204446	
S1-874943739	
S1-621654804	
S1-588602365	S2-163548361,S2-84397049,S2-331961186
S1-215501386	
S1-915594173	
S1-131295746	
S1-623301285	
S1-732880315	
S1-437594916	
S1-45442098	
S1-9474373	
S1-813316363	
S1-660417269	
S1-359248286	
S1-422366507	
S1-171736325	
S1-920514878	
S1-599547629	
S1-525967961	S3-409491702,S3-754893908
S1-776622857	
S1-437204204	
S1-703020159	
S1-457976022	
S1-51335401	
S1-128099324	
S1-79290219	
S1-766578962	
S1-192703663	
S1-908039364	
S1-652964953	
S1-485757032	
S1-360605565	
S1-291847117	
S1-682982072	
S1-825585353	
S1-8678621	
S1-732990906	
S1-945449856	
S1-393272832	
S1-536106332	
S1-695437962	
S1-46188979	
S1-687440775	
S1-491339371	
S1-198517504	
S1-151808927	
S1-879361560	
S1-933370499	
S1-620270978	
S1-155257244	
S1-523817257	
S1-334632522	
S1-438869622	
S1-587499017	
S1-548173739	
S1-794743032	
S1-561797609	
S1-203558491	
S1-985756183	
S1-795017739	S3-744601351,S3-973460902,S2-922882356,S2-652045627,S3-242633856,S3-509114684,S2-357982846
S1-298843064	
S1-434805494	
S1-985681995	
S1-555890284	
S1-907416952	
S1-854147565	
S1-69946120	
S1-570483063	
S1-964152881	
S1-651979138	
S1-635357499	
S1-422051908	
S1-634778135	
S1-233351489	
S1-917153323	
S1-468297282	
S1-565411185	
S1-602317305	
S1-268724123	
S1-944629747	
S1-207704292	
S1-477648277	
S1-811266556	
S1-263479722	
S1-55218298	
S1-330279512	
S1-111782308	
S1-622999481	
S1-505127039	
S1-142412054	
S1-820484005	
S1-789283537	
S1-286707088	
S1-56389871	
S1-990424200	
S1-247845152	
S1-676012840	
S1-982034746	
S1-261600764	
S1-111754416	
S1-598167461	
S1-413413405	
S1-500487204	
S1-137512879	
S1-981200580	
S1-11308967	
S1-927912980	
S1-765006607	
S1-360271892	
S1-236603027	
S1-454994129	
S1-850715884	
S1-299068367	
S1-776663224	
S1-399539097	S3-725365626,S2-277118451,S2-237261446
S1-449283980	
S1-98288032	
S1-537309716	
S1-989882629	
S1-235982114	
S1-673684266	
S1-170710920	
S1-325724031	
S1-422754857	
S1-89615535	
S1-333349209	
S1-29839750	
S1-257958321	
S1-240012361	
S1-747272218	S2-603128565,S3-816943955,S3-268369317
S1-717375217	
S1-770711588	S3-976011978,S3-178831787,S2-590346923
S1-941698931	
S1-376103276	
S1-303236282	
S1-253880378	
S1-310218148	
S1-394077960	
S1-164533791	
S1-738791062	
S1-219138064	
S1-413229375	
S1-951422442	
S1-645749480	
S1-959491204	
S1-134016182	S3-231145303,S3-720849488
S1-634240861	
S1-231871434	
S1-749267113	
S1-758953655	
S1-363110929	
S1-394244051	
S1-129935762	
S1-215470427	
S1-983489870	
S1-906691254	
S1-834382463	
S1-428363931	
S1-91273096	
S1-528071132	S3-828963537,S2-840984525,S2-994809681,S3-593194703
S1-303729864	
S1-501929953	
S1-482311086	
S1-363784076	
S1-982074739	
S1-345735139	
S1-925527854	
S1-499492218	
S1-11538678	
S1-564847722	
S1-522452555	
S1-62216161	
S1-413889398	
S1-612549679	
S1-965958262	
S1-294384658	
S1-326240977	
S1-801875026	
S1-840617249	
S1-341453777	
S1-431823066	
S1-893399741	
S1-823183180	
S1-980323211	S2-305661375,S2-378493437,S3-364577474,S2-695379399
S1-657725882	
S1-865433291	
S1-467229700	
S1-114462992	
S1-349260053	
S1-354308269	
S1-583793240	
S1-169104800	
S1-847570106	
S1-458297903	
S1-446390175	
S1-153304463	
S1-491429485	
S1-496823241	
S1-985192013	
S1-939209012	
S1-804141083	
S1-540981750	
S1-247956608	
S1-866229819	
S1-860548737	S3-805169906,S3-926181367,S2-303201038
S1-899325012	
S1-965192810	
S1-964012933	
S1-705117125	
S1-834607056	
S1-602188527	
S1-43538263	
S1-627003410	
S1-735025456	
S1-665721081	S3-595253623,S3-578994962
S1-133326040	
S1-463404907	
S1-218934541	
S1-794569681	
S1-630823015	
S1-793857835	
S1-890089186	
S1-65574077	
S1-744843669	
S1-291912840	S3-107191752,S2-172347435,S2-276647541,S3-444985705,S3-271460715,S2-341892783
S1-22367105	
S1-960186196	
S1-981300463	
S1-702437421	
S1-367014327	
S1-328443623	
S1-532770907	
S1-416462596	
S1-203844840	
S1-829601330	
S1-440800917	S3-157163729,S2-528274074
S1-102581039	
S1-943388461	
S1-119964630	S3-229999082
S1-210197359	
S1-634576794	
S1-636029017	
S1-507907901	
S1-549064380	
S1-20298895	S2-842245274,S3-366117297
S1-279209747	
S1-772683536	
S1-631879608	
S1-435974800	
S1-8090630	
S1-344052662	
S1-243351475	
S1-278363914	
S1-502452010	
S1-617439390	
S1-6129820	
S1-420460457	S3-382780326,S3-336513041
S1-570080001	
S1-54439833	
S1-496466656	
S1-554512491	
S1-747323607	
S1-603683927	
S1-358024374	S2-733201610,S3-25925080,S2-162145152
S1-63051023	
S1-480340222	S3-686631656,S3-854988669,S3-962226689,S3-700946694
S1-718441020	
S1-960921896	
S1-753229492	
S1-520536118	
S1-813930271	
S1-467196467	
S1-23378033	
S1-708864695	
S1-356699069	
S1-32508074	
S1-97662886	
S1-445722373	
S1-962244625	
S1-995664879	
S1-14170049	
S1-481710219	
S1-247938801	
S1-535694173	
S1-265271134	
S1-122937461	
S1-651174924	
S1-257531656	
S1-551501594	
S1-311647749	
S1-279839353	
S1-347362947	
S1-666714232	
S1-80706559	S2-973105298,S3-587317135,S3-93702271
S1-332307152	S3-354004993
S1-770588121	S2-415324615,S2-348444954,S3-598109810
S1-783675512	
S1-339612057	
S1-234337448	
S1-157603332	
S1-245728625	
S1-508378899	
S1-492435343	
S1-203040890	
S1-180495126	S3-359904465,S3-696091781
S1-275740436	
S1-561887691	
S1-130031676	
S1-496224946	
S1-999445960	S3-987804242
S1-977566907	
S1-894501402	
S1-831910608	
S1-14920566	
S1-674118564	
S1-192167747	
S1-508637125	
S1-886744250	
S1-424294490	
S1-626872546	
S1-460166804	
S1-314911084	
S1-571011919	
S1-105748596	
S1-126823224	
S1-16659200	
S1-321022055	
S1-807472942	S2-253025726,S2-908737517,S2-182984126
S1-409536521	
S1-68384968	
S1-366913478	
S1-353043825	
S1-447993985	
S1-604732291	
S1-986575568	
S1-539058913	
S1-242413451	
S1-344630691	
S1-826199622	
S1-938952113	
S1-48813921	
S1-991740057	
S1-988632747	
S1-271001308	
S1-780751170	
S1-861474088	
S1-516773278	
S1-128642530	
S1-709414696	
S1-434097103	
S1-707761421	
S1-382062443	
S1-839578339	
S1-882041146	
S1-942884610	
S1-513648952	
S1-630964437	
S1-222401345	
S1-977571832	S2-266242858,S3-289985088
S1-735142849	
S1-450462831	
S1-430009519	
S1-201747204	S3-113946079
S1-54261614	
S1-659358639	
S1-747646140	
S1-300117628	
S1-597269850	
S1-587971315	
S1-599702613	
S1-222120276	
S1-866830936	
S1-755979027	
S1-766435490	
S1-785152143	
S1-592214839	
S1-279064420	
S1-274451088	
S1-666663224	
S1-694948898	
S1-172810269	
S1-976694428	
S1-517396244	
S1-227623200	
S1-191358089	
S1-708582663	
S1-512710093	
S1-216824960	
S1-404023327	
S1-991270070	
S1-301492374	
S1-77440295	
S1-818073894	
S1-44919214	
S1-53730699	
S1-173729765	
S1-259990998	
S1-815505064	
S1-29053252	
S1-593628990	
S1-956735237	
S1-959968464	
S1-940520833	
S1-189107486	
S1-304640515	
S1-435652631	S2-634565288,S3-435465675,S3-968628435
S1-902018292	
S1-386798140	
S1-802627782	
S1-184032570	
S1-75768231	
S1-410082965	
S1-129461467	
S1-714135249	
S1-492916382	
S1-866028735	
S1-867372187	
S1-723044173	
S1-233080084	
S1-878433027	
S1-36974500	
S1-41659451	
S1-589130325	
S1-100463592	
S1-320524972	S3-454359319
S1-620006084	
S1-585689159	
S1-179080764	
S1-619343849	
S1-39063923	
S1-820313476	
S1-672158279	
S1-77098219	
S1-542802452	
S1-441073718	
S1-772968593	
S1-642531729	
S1-281569919	S2-503412992,S2-655068628
S1-17957096	
S1-756217427	
S1-68942159	
S1-777314178	
S1-8633424	S2-550180432,S2-69059707
S1-190080798	S3-611598739,S2-89745694,S2-978444288,S3-849039325
S1-30951428	
S1-350120551	
S1-731433868	
S1-207472257	
S1-116472221	
S1-91575896	
S1-990085678	S3-156480080,S2-809179547
S1-206733265	
S1-858978846	
S1-947729861	
S1-883889468	
S1-713010447	
S1-682779878	
S1-840908882	
S1-341655776	
S1-264370176	
S1-473032862	
S1-479154732	S3-544361651,S2-107570426,S3-415689289
S1-663621620	
S1-111655175	
S1-537416599	
S1-245944144	
S1-9942321	
S1-904061827	
S1-533079685	
S1-25031440	
S1-550440561	S3-237547876,S2-314716516,S2-254748896,S3-506638010,S2-747279880
S1-287005740	
S1-911760796	
S1-338710014	
S1-472627968	
S1-494939055	
S1-3460721	
S1-852498471	
S1-599143415	
S1-531599093	
S1-925932817	
S1-409632505	
S1-593138702	
S1-135455605	
S1-913845297	
S1-816270585	
S1-452915409	
S1-673835365	
S1-550396438	
S1-928544229	
S1-842936216	
S1-5172636	
S1-938540602	
S1-395198768	
S1-167523106	
S1-31412911	
S1-442853915	
S1-560663048	
S1-452955641	
S1-418851711	
S1-580054867	
S1-610379089	
S1-909618947	
S1-171068806	
S1-910744860	
S1-800854497	
S1-413709989	
S1-588791978	S2-761438681,S3-295286161,S3-440253194
S1-79661010	
S1-100311975	
S1-486893131	
S1-31068571	
S1-381988040	
S1-947788849	S2-628567944,S2-643938613,S2-360834479,S3-283542444
S1-38248243	
S1-519088206	
S1-134160826	
S1-656626904	
S1-394648194	
S1-469120920	
S1-659602074	
S1-912032671	
S1-620161074	
S1-942643980	
S1-278243504	
S1-218957867	
S1-875973578	S3-802020317,S3-784575405,S2-151905054,S3-162422841,S2-822085774
S1-412285649	
S1-957383861	
S1-744788889	
S1-12647464	
S1-473961747	
S1-971877019	
S1-640294292	
S1-625810213	
S1-153187342	
S1-755512819	S3-691949377,S2-21532414,S2-499275934,S2-380359047,S3-233681577
S1-702688827	S2-156087341,S3-488060000,S3-2248030
S1-166862223	
S1-49030341	
S1-952628874	
S1-153244532	
S1-330841563	
S1-763403739	
S1-827405404	
S1-962973690	
S1-775053623	
S1-60671670	
S1-460632094	
S1-487691872	
S1-100839121	
S1-392710668	
S1-412695997	
S1-225805127	
S1-922143335	
S1-747001105	
S1-338650474	
S1-825096954	S2-145148857,S3-682090819
S1-218210178	
S1-882593897	
S1-584912780	
S1-824854577	
S1-303223146	S3-856723385,S2-814498400,S2-202502377,S2-695278756,S3-235471068,S3-489565828
S1-504942798	
S1-805495609	
S1-868414199	
S1-980862503	S2-310612369
S1-132982204	S2-337204406,S3-919997293
S1-779462204	
S1-773042458	
S1-143663492	
S1-890117737	
S1-374272013	
S1-14351559	
S1-158471480	
S1-449568876	S2-377044238,S2-894608165
S1-706470848	
S1-985886675	
S1-429260312	
S1-42789461	
S1-643391415	
S1-585583045	
S1-206195420	
S1-184415109	
S1-121542260	S2-188195711,S2-204863333,S3-86701346,S2-27910712
S1-48818723	
S1-861458987	
S1-3401337	
S1-604334570	
S1-759298226	
S1-316704855	
S1-535065451	
S1-989473557	
S1-982784016	
S1-640699965	
S1-841033361	
S1-38990761	
S1-456053922	
S1-673947813	
S1-310037776	
S1-403648357	
S1-706171288	
S1-200839335	S2-698949533,S2-887995424,S2-44599534
S1-165066641	
S1-720390904	
S1-477483775	
S1-950906401	
S1-698609815	
S1-531986884	
S1-992633907	
S1-177372122	S2-465113355,S2-614293284,S3-97365499
S1-552561992	
S1-647389239	
S1-952312001	S3-432222455,S2-4891184
S1-505508390	
S1-14400196	
S1-857112071	
S1-137961379	
S1-479953946	
S1-465052630	
S1-939934782	
S1-735318731	
S1-618415044	
S1-591646128	
S1-561648424	
S1-820936677	
S1-877778794	
S1-611040998	
S1-361316975	S3-767043481,S3-527449344,S2-242945
S1-738691408	
S1-849133519	
S1-8020148	
S1-956911455	
S1-557816313	S3-106025533,S2-488685538,S3-15926280,S3-661205046,S2-642453405
S1-752612392	
S1-334991497	
S1-580202566	
S1-113102805	
S1-150280397	
S1-634827450	
S1-334237662	
S1-28569131	
S1-479097284	
S1-605720374	
S1-977834729	
S1-610152608	
S1-268497308	
S1-230022133	
S1-276356758	S2-736771249,S3-530517934
S1-144569187	
S1-745174476	
S1-332944954	
S1-499078823	S2-675837662,S2-855663945,S2-501352676,S3-600614474
S1-233609482	
S1-765036341	S3-619189583
S1-508191249	
S1-895362372	
S1-318181053	
S1-49848136	
S1-436518100	
S1-167768942	
S1-802089450	
S1-797761584	
S1-714770689	
S1-40425456	
S1-17270122	
S1-60445646	
S1-972633053	
S1-553844394	
S1-975504686	
S1-554810343	
S1-535364839	
S1-759709250	
S1-417342345	
S1-802933099	
S1-872455454	
S1-743404454	
S1-971423836	
S1-396339741	
S1-864790709	
S1-653499549	
S1-29979613	
S1-510821867	
S1-907159116	
S1-704702344	S2-100950409,S3-700632428
S1-200237172	
S1-886105188	
S1-433978216	
S1-284731421	
S1-832814640	S3-328533647,S2-792486757,S3-321222293,S3-711892069
S1-104674023	
S1-676731953	
S1-63929851	
S1-683983674	
S1-367497566	
S1-627821431	
S1-86266827	
S1-383189260	
S1-68319251	
S1-272430158	
S1-885144308	
S1-237314238	
S1-705863849	
S1-945772486	
S1-269626983	
S1-596878398	
S1-817647979	
S1-585642072	
S1-65904920	
S1-55331729	
S1-293345235	
S1-948541235	
S1-687976887	
S1-923962675	
S1-983292003	
S1-333064562	S3-582781153
S1-798972800	
S1-200315517	
S1-543659425	
S1-192356036	
S1-955124148	
S1-240343688	
S1-894588173	
S1-124084411	
S1-625781176	
S1-123878158	
S1-903146519	
S1-519779800	
S1-331523349	
S1-487139669	S3-830348449,S2-880479783,S2-865675512,S2-612612675
S1-325732831	
S1-3256898	
S1-386488066	
S1-968419338	
S1-428291635	
S1-631002814	
S1-456388923	
S1-345478404	
S1-719207178	
S1-596622666	
S1-911238314	
S1-522243541	
S1-681747617	
S1-539822521	
S1-271325324	S3-768425926,S2-42514798,S3-309233191,S3-662516687,S3-515713679
S1-450864915	
S1-479936609	
S1-685960534	
S1-389914986	
S1-783027679	
S1-185065926	
S1-109345635	
S1-717880706	
S1-653334228	S3-587718900,S3-338418001,S3-157883031,S2-214233294,S2-439013138,S3-34158668
S1-846941165	
S1-693486469	
S1-23479731	
S1-895862222	
S1-177871898	
S1-283012850	
S1-179070974	
S1-204668671	
S1-861718481	
S1-289771603	
S1-542489854	
S1-52597476	
S1-722985490	
S1-221538113	S2-34119446,S3-664694414
S1-674360934	
S1-8093191	
S1-229303697	
S1-218829788	
S1-713627499	S2-973881373,S2-352538261,S2-444403493,S3-190061616
S1-854253350	
S1-922853126	
S1-457222936	
S1-160006380	
S1-29191934	
S1-125154545	
S1-184873881	
S1-42838737	
S1-941029406	
S1-459966992	
S1-450925662	
S1-521951950	
S1-829554462	
S1-965008684	
S1-973337124	
S1-535561735	
S1-182741577	
S1-910766074	
S1-604801237	S3-796731751
S1-621604494	
S1-752737810	
S1-152115694	
S1-333508043	
S1-593510472	
S1-345931528	
S1-528516692	
S1-748895370	
S1-284740469	
S1-262429626	
S1-513601762	
S1-221345779	
S1-379278968	
S1-135092861	
S1-905560585	
S1-653835671	
S1-434762353	S2-850011327,S3-862791902
S1-127894003	
S1-52949192	
S1-448969611	
S1-512304782	
S1-565275461	S2-27408437,S3-418098499,S3-984345301
S1-713044775	
S1-762548751	
S1-220059099	
S1-932311933	
S1-308171326	
S1-663777588	
S1-726166940	
S1-564576612	
S1-364999488	
S1-606029175	
S1-424719165	
S1-96605547	
S1-684150949	
S1-484055520	
S1-731467905	
S1-290765851	
S1-850312471	
S1-960966062	
S1-624670213	S2-441784945
S1-803130766	
S1-166425561	
S1-989024332	
S1-962229518	
S1-150544856	
S1-487921873	
S1-699550165	
S1-884313858	
S1-419705175	
S1-720433520	
S1-503150400	S3-531227147,S3-289522303
S1-7368723	
S1-423294635	
S1-345076520	
S1-615516494	
S1-30569345	
S1-417289329	
S1-565700181	
S1-228870333	
S1-659827079	
S1-433040239	
S1-716358716	S2-84998793,S3-648674534
S1-581726444	S2-876203574,S3-198535860,S3-55567073,S3-276874644
S1-353052522	
S1-68958053	
S1-468927801	
S1-468865792	
S1-556562187	S2-155728529,S3-169173027,S3-57887779,S3-753286423,S3-718749089,S3-337927379
S1-143477863	
S1-605078252	
S1-377406746	
S1-714959249	
S1-371041359	
S1-608278803	
S1-865635742	S3-252216344,S3-601158977,S3-117158836
S1-533684719	
S1-343499218	S3-224890448,S2-841058779
S1-333445356	S2-915999539,S3-187113547
S1-871662020	
S1-624517636	
S1-393660372	
S1-757810531	
S1-301937473	
S1-746325779	
S1-741319691	
S1-759057102	
S1-313820824	
S1-64213616	
S1-378046274	
S1-880361830	
S1-272273169	
S1-272939417	
S1-635552146	
S1-861500549	
S1-724091599	
S1-506580965	
S1-509567018	
S1-320392967	
S1-214370864	
S1-428152871	
S1-58156070	
S1-694154642	
S1-201029523	S2-771266377,S3-334024140
S1-639099730	
S1-953847891	
S1-462887947	
S1-835896858	
S1-56072635	
S1-696547774	
S1-710163863	
S1-928038910	
S1-622761138	
S1-676154087	
S1-379900078	
S1-735641642	S3-284120488
S1-953213928	
S1-546375941	
S1-658603660	
S1-26456991	
S1-24721468	
S1-519269403	
S1-42522792	S2-89485102
S1-264423160	
S1-397347079	
S1-244508139	
S1-584794957	
S1-217391337	
S1-897276899	
S1-827974420	
S1-204393907	
S1-49545992	
S1-168094539	S2-500886482,S3-237598393,S3-426586706
S1-996496912	
S1-202547293	
S1-880099001	
S1-128632074	
S1-417302526	
S1-662270506	
S1-925050579	S2-609553705,S2-348191527
S1-213148088	
S1-321837609	
S1-285871750	
S1-811082863	
S1-653945909	S2-472235915,S2-461458529,S3-150436518
S1-217583086	
S1-568864209	
S1-798972606	
S1-750157169	
S1-930247336	
S1-93028164	
S1-304167648	
S1-470284774	
S1-190489824	
S1-72995320	
S1-3951546	
S1-114365686	
S1-426118714	
S1-533515504	
S1-762615784	
S1-287063917	
S1-870119298	
S1-673137453	S2-924601299,S2-118703670,S3-870563434
S1-907109064	
S1-265778936	
S1-164969524	
S1-267750508	
S1-299527271	
S1-57064806	
S1-891100238	
S1-904762498	
S1-60326211	
S1-620156134	
S1-76421708	
S1-364789200	
S1-696234540	
S1-935502055	S2-786452459,S2-386653926,S3-160088589
S1-115501667	
S1-172650113	
S1-638279652	
S1-369380053	
S1-393202335	
S1-469254908	
S1-736658738	
S1-49339516	
S1-219949416	
S1-40816335	
S1-730755827	
S1-601139225	
S1-841203122	
S1-433666052	
S1-783345180	
S1-697073846	
S1-80982124	
S1-819247922	
S1-190275655	
S1-850385837	
S1-370291247	
S1-792714065	S3-113703491,S3-324544968,S3-832780213,S2-364528277
S1-264256062	
S1-926523851	
S1-425911646	
S1-433244722	S2-742959784,S2-508556096,S3-279360092,S3-489220795
S1-296582894	
S1-901302115	
S1-906810708	
S1-934417578	
S1-994466126	S2-746963038,S3-330572776,S3-243356977
S1-484224427	
S1-274940499	
S1-804363381	
S1-469313477	
S1-662409602	
S1-675173574	
S1-270348792	
S1-619752106	S2-343796639,S2-991254095,S2-95439833,S3-231127853
S1-485025767	
S1-771341005	S2-48443747,S3-106725077
S1-109868929	
S1-631680062	
S1-697394861	
S1-719812517	
S1-7496863	
S1-780530697	
S1-750698791	
S1-417128626	
S1-160278819	
S1-957570249	
S1-320348360	
S1-917999111	
S1-329384661	
S1-133625770	
S1-525780944	
S1-605394716	S3-184576743
S1-995332586	
S1-683002122	
S1-301454319	
S1-492930984	
S1-98020052	
S1-570348396	
S1-104899012	
S1-385459625	
S1-541736668	
S1-188580931	
S1-859324739	
S1-10362770	
S1-507838213	
S1-805277801	
S1-705430643	
S1-408127422	
S1-88292828	
S1-542926417	
S1-631569320	
S1-603423606	
S1-821881212	
S1-88871744	
S1-215754638	
S1-696438928	
S1-698232982	S2-761498938,S3-156394439
S1-143943527	
S1-456984038	
S1-744657407	S3-390656889
S1-76907043	S3-413094369
S1-295343840	S3-337876647,S3-157589055
S1-963531216	
S1-46411900	
S1-253150174	
S1-763243620	
S1-148244929	
S1-373407626	
S1-934496405	
S1-885601242	
S1-714114720	
S1-261036506	
S1-897369201	
S1-843651698	
S1-430343753	
S1-474532322	
S1-614754659	
S1-729164458	
S1-254227942	
S1-986224721	
S1-934188739	
S1-730068213	S2-22813356,S2-149159623,S2-500576363,S3-159076423
S1-539632553	
S1-189620234	
S1-220233458	
S1-608248401	
S1-184875582	
S1-117105431	
S1-720423857	
S1-166664867	
S1-781500861	
S1-580074531	
S1-805306039	S3-419844400
S1-733868514	
S1-687934162	
S1-474918407	
S1-324838863	
S1-374861411	
S1-820654215	S3-753723967
S1-242632112	
S1-663238499	
S1-118496844	
S1-985019266	
S1-426982174	S3-767544079,S3-265539650,S2-531670260
S1-17812087	
S1-890346641	
S1-303733624	
S1-289672593	
S1-341713730	
S1-77254507	
S1-309321411	
S1-153938300	
S1-163270186	
S1-458202327	
S1-725046393	
S1-95548919	
S1-559851733	
S1-468048080	
S1-631210944	
S1-429727405	
S1-723407475	
S1-200003859	
S1-621363561	
S1-708524561	
S1-159064592	
S1-113294196	
S1-797351179	
S1-398138366	
S1-197167225	
S1-794835238	S2-704456439,S3-560147823
S1-556108422	
S1-587350785	
S1-140290833	
S1-691905405	
S1-978754609	
S1-662017583	
S1-273593400	
S1-498163640	
S1-205915358	S3-456886605,S2-174464562,S2-856406954
S1-979600459	
S1-874608740	
S1-604163857	
S1-274646661	S2-261248051,S3-690481875
S1-655404263	
S1-427073164	
S1-700664409	
S1-791332205	
S1-223965961	
S1-478838121	
S1-783082309	
S1-590154292	
S1-789564100	
S1-201710062	
S1-120594696	
S1-882495096	
S1-440532027	
S1-995048222	
S1-722167439	
S1-211212573	
S1-713719638	
S1-857041062	S2-385642431,S3-143785792
S1-618876973	
S1-347513131	
S1-68138841	
S1-523969446	
S1-147362702	
S1-999284562	
S1-135216208	
S1-109548960	
S1-820205079	
S1-168975141	
S1-335178485	
S1-19790962	
S1-497234433	
S1-128748045	
S1-333556600	
S1-379459066	S3-600111324
S1-983000477	
S1-370272818	
S1-187547119	
S1-349599023	S3-55349884
S1-549815090	
S1-812504935	
S1-695911640	
S1-713866641	
S1-397178317	
S1-56662107	
S1-630528902	
S1-810642781	
S1-371200335	
S1-316930535	
S1-517297612	
S1-964260850	
S1-517449538	
S1-684826103	
S1-974444839	
S1-898275374	
S1-831763446	
S1-982219160	
S1-659390392	
S1-866421102	
S1-394031513	S2-693786465,S3-459861740,S2-236747796
S1-936230998	
S1-335251216	S3-452282759
S1-417772266	S3-648152362,S3-828904361
S1-370536489	
S1-146911884	
S1-739745351	
S1-669947774	
S1-271119331	
S1-351958736	
S1-874529192	S2-227483506,S3-417867103,S2-724762351
S1-265702453	
S1-197407148	
S1-530295454	S2-491318326,S2-923923266,S3-177012478
S1-536589110	
S1-227676299	
S1-318355990	
S1-45588246	
S1-736094177	
S1-806767245	S3-95389496,S3-725932959,S2-489620349
S1-742153882	
S1-199386490	
S1-988481354	
S1-913403542	
S1-55842981	
S1-288195580	
S1-963844190	
S1-834583428	
S1-798966153	
S1-359147662	
S1-164679788	
S1-814917219	
S1-116748457	
S1-118902721	
S1-493336031	
S1-733672034	
S1-240681559	
S1-256077605	
S1-803336025	
S1-184152359	
S1-369920389	
S1-518646734	
S1-718659707	
S1-780219973	
S1-759258360	
S1-696826450	
S1-953253054	
S1-851195447	S2-315368986,S3-731578646
S1-890305357	
S1-104808482	
S1-760990171	
S1-314963053	
S1-950371026	
S1-982141699	
S1-474574818	
S1-758210095	
S1-43172510	
S1-582901854	
S1-168036883	
S1-172847049	
S1-789214881	
S1-292389070	
S1-385953428	
S1-542885056	
S1-726672060	
S1-390184477	
S1-138015974	
S1-776068338	
S1-171994567	
S1-251464274	
S1-650245848	S3-342431359
S1-820899005	
S1-928266665	
S1-355112271	
S1-9564412	
S1-855487926	
S1-580838321	
S1-836810708	S2-230752993,S2-816023181,S3-689073037
S1-916026518	
S1-650803312	
S1-274614255	S2-619211343,S3-368507009,S3-204055301
S1-780765333	
S1-64814204	S2-936075202,S2-583285012,S2-293677832
S1-478375859	
S1-602811796	S2-555761345,S3-79705544
S1-394963859	
S1-227677648	
S1-490058531	S3-168086986,S3-515704804,S2-993567190,S3-969720924
S1-435288568	
S1-305870266	
S1-168314060	
S1-344626850	
S1-145326152	
S1-609513741	
S1-887193215	
S1-364873567	
S1-840008449	
S1-62363886	
S1-560682236	
S1-271744991	
S1-603260493	
S1-308408479	
S1-36003032	
S1-210744067	
S1-658715615	
S1-901259743	
S1-641726078	
S1-342966896	
S1-693913998	
S1-34777510	
S1-928238427	
S1-284788942	S3-432563749,S2-273504237
S1-555869963	
S1-660892132	
S1-99875495	
S1-288682002	
S1-432149027	
S1-490503033	
S1-858122336	
S1-178094146	
S1-961652292	
S1-628833285	
S1-715771619	
S1-546588520	
S1-716848000	
S1-495169768	
S1-101149571	
S1-760607076	
S1-966647053	
S1-875434096	
S1-285419585	
S1-240995403	S3-480955095,S2-967838301
S1-680786292	
S1-172462297	
S1-702248626	
S1-994858151	
S1-782423926	
S1-961512900	
S1-660447960	
S1-593419529	
S1-189664738	S2-401942275,S2-806552201
S1-498692346	
S1-598159848	
S1-112923285	
S1-812634824	
S1-385311168	
S1-111328326	
S1-812608357	
S1-867188430	
S1-869494712	
S1-203602934	
S1-115473906	
S1-83110479	
S1-882063407	
S1-424258288	
S1-11232947	
S1-742380631	
S1-153022243	
S1-548813590	
S1-190096699	
S1-972204209	
S1-723078484	
S1-296266321	
S1-49904446	
S1-429398592	
S1-318797142	
S1-83512446	
S1-896932964	
S1-683804942	
S1-641663823	
S1-175120035	
S1-322141284	
S1-966882770	
S1-428141893	
S1-131622163	
S1-444516588	
S1-553127550	
S1-330627973	S2-133077314,S2-636882377,S3-829257890
S1-12116264	
S1-233875625	
S1-753863625	
S1-938697503	
S1-266436995	
S1-47033498	
S1-176164375	
S1-151966017	
S1-41500776	
S1-824851636	
S1-688581194	
S1-29416823	
S1-108564362	
S1-144555984	
S1-69303289	
S1-5014819	
S1-366179241	
S1-844154244	
S1-566469797	
S1-767556105	
S1-498840148	
S1-586681283	
S1-900288055	
S1-931317415	
S1-900953590	
S1-472598649	S2-968401267,S3-999364316,S2-148720347
S1-852458428	
S1-234304076	
S1-930473712	
S1-809375049	
S1-110988632	
S1-399316390	
S1-613688092	
S1-167745264	
S1-194576239	
S1-552889439	
S1-706673795	
S1-734710964	
S1-481505674	
S1-276060180	
S1-258810184	S3-218343819,S3-142586608
S1-107217504	
S1-367676631	
S1-741655711	S2-255860044,S2-129805306,S3-581455923,S3-191212057,S2-323607476
S1-443074022	S3-137302687,S3-472872922
S1-726926248	
S1-265035357	
S1-446338873	
S1-155683301	
S1-828992321	
S1-337232656	
S1-820303918	
S1-137762422	
S1-290320775	
S1-100529946	
S1-656018591	
S1-579977593	
S1-66420146	
S1-662980812	
S1-611120362	
S1-524111408	
S1-791124328	
S1-575743896	S3-269675180
S1-789613702	
S1-874252991	
S1-944836698	S3-493731380,S2-693306365,S3-28181112
S1-134930135	S3-967234395,S2-25067996
S1-723860098	
S1-120361964	
S1-534013396	
S1-972283763	
S1-889130007	S2-781819905,S2-701435693
S1-148645807	
S1-462401015	S2-33693128,S2-532999277
S1-230481512	
S1-93839081	S3-97219405,S2-32155411
S1-689204419	
S1-30598773	S2-10033887,S3-274908877,S3-486691232,S2-925876996,S3-117742713,S3-160164082
S1-66873675	
S1-922345908	
S1-20754277	
S1-991404705	
S1-163572784	
S1-608523572	
S1-217220973	
S1-787949191	
S1-514922183	S3-146793713,S2-464640077
S1-997662814	
S1-162575501	
S1-598701986	
S1-591214915	
S1-857453647	
S1-222513873	
S1-464201448	S3-812568298,S3-143687834,S2-180375330,S3-975224856
S1-432605742	
S1-392981670	
S1-405901891	
S1-6861256	
S1-710539335	
S1-560339809	
S1-2134588	
S1-466852466	
S1-73121497	S2-994164965,S3-924839518
S1-516350989	
S1-322321105	
S1-215619665	
S1-419552252	
S1-481687751	
S1-49357806	
S1-638763161	
S1-174738186	S2-609574484,S2-653673664
S1-43373069	
S1-635938928	
S1-105731618	
S1-289348701	
S1-17153284	
S1-543726568	
S1-257831566	
S1-410704958	
S1-176181117	
S1-21580794	
S1-922202213	
S1-398938676	
S1-11418860	
S1-125387633	
S1-35124137	
S1-448395883	S2-894853924,S3-136238068,S3-738502195
S1-183492407	
S1-653477647	
S1-353010515	S2-331884071,S3-582736414
S1-349325146	
S1-869224413	
S1-395786929	
S1-942331160	
S1-175826709	S2-361864272,S3-856557141,S3-606173972
S1-707463288	
S1-452242084	
S1-617432461	
S1-592230504	
S1-605553390	
S1-624490536	S3-341651562,S2-930104409,S2-285974978
S1-664158086	
S1-49544903	
S1-946958925	
S1-757496652	S3-425513950,S3-63095633,S2-255682272,S2-485723108,S3-388664633,S3-672085161,S3-167538476,S2-150140882
S1-483116145	
S1-571269601	
S1-399100339	
S1-250728217	
S1-619845474	
S1-17280187	
S1-889866951	
S1-596992366	
S1-246299456	
S1-503957501	
S1-306903814	
S1-989806174	
S1-381891678	
S1-223854011	
S1-751191730	
S1-403983122	
S1-224878646	
S1-37605649	
S1-310454546	
S1-414641421	
S1-581241928	
S1-565865937	
S1-232073030	S3-509500368
S1-19639793	
S1-317510369	
S1-912124886	
S1-444666	
S1-788041031	
S1-324710834	
S1-330573372	
S1-316397101	
S1-194075505	
S1-114023154	
S1-388996211	
S1-364243053	
S1-141547569	
S1-326230315	
S1-433922342	
S1-485052778	
S1-29576029	
S1-113974256	
S1-73360005	
S1-567185397	
S1-936256731	
S1-630854534	
S1-810731056	
S1-951610005	
S1-240977734	
S1-5596452	
S1-953299471	S3-431064565
S1-88991155	
S1-812301828	
S1-144308016	
S1-431473663	
S1-427117337	
S1-322143906	
S1-840825243	
S1-898005911	S2-179096024,S3-519541908
S1-599394045	
S1-745166622	
S1-31279865	
S1-682811460	
S1-926818904	
S1-737120956	S2-317765574
S1-117267870	
S1-815366071	
S1-204152408	
S1-736625465	
S1-420145635	
S1-602817866	
S1-342072441	
S1-521572329	
S1-351872259	
S1-994520374	
S1-935453426	
S1-747139707	
S1-317314923	
S1-596048745	
S1-942109580	
S1-272554638	S3-631585811,S2-665572283,S3-719128656,S3-427235184
S1-681920287	
S1-433165846	
S1-651140986	
S1-614945556	
S1-550940733	
S1-131603886	
S1-212059418	
S1-148843481	
S1-470577368	
S1-550065293	
S1-102908230	
S1-708645101	
S1-325926616	S2-315568220,S3-109815702,S2-216531376,S2-821400137,S2-635296323
S1-937911454	
S1-546052655	
S1-587039293	
S1-8921974	
S1-624659321	
S1-311537206	
S1-371752773	
S1-416972636	
S1-280201465	
S1-628361906	
S1-309395337	
S1-786414506	
S1-950349140	
S1-986536103	
S1-272936041	
S1-113766896	
S1-764512091	
S1-422050155	
S1-2215984	
S1-383444699	
S1-851010929	S2-460792587,S3-55361610,S3-739798821,S3-990757064,S3-397372648,S3-606173972
S1-643679196	
S1-881644561	
S1-931113258	
S1-191599790	
S1-888865384	
S1-728585626	
S1-814815704	
S1-783722694	
S1-178587416	
S1-679017085	
S1-657107926	
S1-576934024	
S1-241079884	
S1-203186866	
S1-556572335	
S1-932074561	
S1-12504871	S2-46319343
S1-204553476	
S1-472139159	S2-125295924
S1-305188593	
S1-53302010	
S1-883139843	
S1-325915570	
S1-722927464	
S1-876796495	
S1-156730835	
S1-764751941	
S1-3582991	
S1-17469197	
S1-974109825	
S1-434375107	
S1-66431256	
S1-956370368	
S1-84164853	
S1-73604444	
S1-43211670	
S1-303568156	
S1-63283581	S2-65851039,S3-813475156,S2-680235114
S1-823685314	
S1-123823845	
S1-113647848	
S1-729486358	
S1-991046594	
S1-92151619	
S1-756831511	S3-214184765,S3-383843352
S1-872632176	
S1-852840116	
S1-328304041	
S1-597241232	
S1-99536327	
S1-532371489	
S1-291312308	
S1-7837145	S2-131775614,S3-669946001
S1-408662034	
S1-48422409	
S1-548182201	
S1-139898330	
S1-22396678	S2-270841252,S3-442346056,S3-612559385,S3-72816804,S2-242905548,S2-699962593
S1-95980037	
S1-539953770	
S1-628046202	
S1-491459563	
S1-623914429	
S1-695613104	
S1-85467971	
S1-60729807	
S1-396676877	
S1-297845780	
S1-676789114	
S1-743571482	
S1-134371589	
S1-439457341	
S1-980771447	
S1-869934321	
S1-476950996	S2-867493294
S1-157525327	
S1-644368755	
S1-534595183	
S1-850199420	
S1-659582942	
S1-921523950	
S1-442873418	
S1-573544116	
S1-323065704	
S1-10614617	
S1-491260897	
S1-291947101	
S1-513583401	
S1-965972760	
S1-710405158	
S1-940525884	S2-169020977,S2-625461267,S3-294042758
S1-976379082	
S1-313211383	
S1-972823763	
S1-336985406	
S1-1194016	
S1-61084300	
S1-825591673	
S1-733820262	
S1-206179754	S3-404834725,S2-355536766
S1-364136160	
S1-919916881	
S1-766437964	
S1-966137611	
S1-56610377	
S1-672667758	
S1-800560192	S2-89013909,S3-150669565,S2-57031886
S1-151073508	
S1-487585091	
S1-372279058	
S1-347643913	
S1-102379267	
S1-631189166	
S1-494655948	S2-879006620,S2-40101594,S3-366880549
S1-758129894	
S1-432981478	S2-456730190,S3-633146101
S1-2025939	
S1-504694550	
S1-426931100	S3-852284672
S1-413841055	
S1-82248637	
S1-898940869	
S1-866409963	
S1-947246397	
S1-653479339	
S1-907750323	
S1-686662485	S3-121591120,S3-367086140,S2-448811346
S1-801438820	
S1-354959176	
S1-975800566	
S1-40882338	
S1-730423575	
S1-6689477	
S1-333833047	
S1-482758192	
S1-224750069	
S1-649749932	
S1-397689417	
S1-899847809	
S1-181206853	
S1-641746317	
S1-470476768	
S1-811723068	
S1-533760309	
S1-96157157	
S1-284109380	
S1-891073546	
S1-114536039	
S1-541830247	
S1-183838969	
S1-646984539	
S1-700919560	
S1-279192581	
S1-349249389	
S1-666502557	
S1-445776740	
S1-943500536	
S1-211260944	
S1-398695269	
S1-749171104	
S1-320932236	
S1-92429920	
S1-373986804	
S1-784601683	
S1-665450693	
S1-291044286	
S1-782362946	
S1-334684512	
S1-284432984	S3-595688869,S2-862499519
S1-839519562	
S1-585046213	
S1-455284399	
S1-572582906	
S1-39701094	
S1-413977468	
S1-226025668	
S1-568419830	
S1-256977481	S3-854874065,S3-801899733
S1-111631303	
S1-403314726	
S1-769471928	
S1-544026538	
S1-719080391	
S1-792693228	
S1-346688402	
S1-357207242	
S1-551028603	
S1-628297157	
S1-936011725	
S1-367493895	S2-565323589,S2-723036218
S1-492887049	
S1-478985006	
S1-3856865	
S1-639265486	
S1-851006453	
S1-497063735	S3-457119955
S1-412953351	
S1-792713699	
S1-891516268	
S1-799908473	
S1-582371903	
S1-342538512	
S1-663851426	
S1-688842407	
S1-705399148	
S1-526462807	
S1-879001209	
S1-158716148	
S1-920304873	
S1-602570703	S3-15480970,S2-227569602
S1-72495386	S2-126730172,S3-796300177
S1-636370318	
S1-617613484	
S1-645498443	
S1-192769059	
S1-228079586	
S1-133949489	
S1-64544829	
S1-862259127	S2-678955475,S2-444864822,S2-678301951,S2-471967474
S1-395204748	
S1-111567337	
S1-60329729	
S1-274967905	
S1-433909036	
S1-673770364	
S1-974067931	
S1-683621527	
S1-837542041	
S1-95657630	
S1-475383678	
S1-284272523	
S1-749841784	
S1-512558116	
S1-76560335	
S1-967548080	S2-103844502,S3-511026489,S3-9113497,S3-659746750,S2-694517476
S1-918581728	
S1-328071336	
S1-84889306	
S1-842933473	
S1-337256434	
S1-374258534	
S1-605095385	
S1-617321970	
S1-298888229	
S1-619076552	
S1-915491018	
S1-10181997	
S1-923594000	
S1-311171908	
S1-827842017	
S1-818800842	
S1-229935982	
S1-943198963	
S1-378426141	
S1-425258545	
S1-956796994	
S1-243266450	
S1-599134714	
S1-627280681	
S1-291006550	
S1-381102472	
S1-342950992	S2-377326402,S3-732274767
S1-444059631	
S1-828137903	S2-655013268
S1-9153588	
S1-794231070	
S1-771717314	
S1-346782252	
S1-483375211	
S1-978851149	
S1-935470562	
S1-939320488	
S1-36472802	S2-588066743,S3-22147217
S1-476578298	
S1-925332841	
S1-702667153	
S1-226700227	
S1-447820827	S3-341700845,S2-463666438,S2-573476367,S3-110040838
S1-860664110	
S1-400276324	
S1-357573886	
S1-603466360	
S1-338806344	
S1-998420085	
S1-462795874	
S1-777292199	
S1-715273955	S2-199099330,S3-41331239
S1-243421177	
S1-335619739	
S1-23530309	
S1-424916490	
S1-620687335	
S1-846713341	
S1-813500718	S3-393993227,S2-954526844,S2-369742877,S2-146247858
S1-869803823	
S1-281641569	S3-319316174,S2-783806207,S3-215467668
S1-63453972	
S1-857076679	S2-710531958,S3-313118647,S3-737465682
S1-498499475	
S1-97181481	
S1-12237739	
S1-737500730	
S1-575292468	
S1-834196687	
S1-852694737	
S1-752723427	
S1-704312173	
S1-135917029	
S1-822485413	
S1-651430391	
S1-61136984	
S1-781466250	
S1-940737597	
S1-110743515	
S1-142893063	
S1-855125906	
S1-51753713	
S1-802053031	
S1-928458890	
S1-383038053	
S1-208209094	
S1-717879810	
S1-178594264	
S1-444637680	
S1-425263518	
S1-802507164	
S1-289183954	
S1-775995809	
S1-439528414	
S1-851586602	
S1-823340418	
S1-787674201	
S1-638735785	
S1-569734085	
S1-109395622	
S1-594687375	
S1-744115753	S2-262665087,S3-570847929,S2-9930282
S1-722146027	
S1-758660982	
S1-539923283	
S1-798857186	
S1-576605605	
S1-976558245	S3-702715593,S3-147890309,S3-184636849,S2-598545422
S1-256778008	
S1-304936868	
S1-294840519	
S1-706846475	
S1-419525969	
S1-591295178	
S1-117072590	
S1-512000671	
S1-976382862	
S1-214587476	
S1-160794881	
S1-813841690	
S1-84874128	
S1-181035669	
S1-306525921	
S1-145030778	
S1-814632411	
S1-793191074	
S1-206991008	
S1-839353441	
S1-967625750	
S1-50776376	
S1-188800555	
S1-472338023	
S1-141673167	
S1-345646105	
S1-460347970	
S1-860963106	
S1-44265043	
S1-833722388	
S1-809412315	
S1-488443462	
S1-964301639	
S1-501997678	
S1-514013827	
S1-941845998	
S1-58965935	
S1-843499306	
S1-521789808	
S1-511763884	
S1-946691105	
S1-616876855	S3-551602183,S3-638687004,S3-594467435,S2-473797232,S2-200467608,S2-586984990,S2-995895622,S2-76759852
S1-839687980	
S1-5005981	
S1-411173361	
S1-905847839	
S1-205354446	
S1-325796328	
S1-400921711	
S1-603227242	
S1-511877050	
S1-43729167	
S1-398974586	
S1-863020825	
S1-518647668	
S1-138591980	
S1-816721946	
S1-216229128	
S1-345283821	
S1-29633766	
S1-716302709	
S1-577281892	
S1-813361285	
S1-442704172	
S1-844036015	
S1-18260746	S3-112812297,S3-330772002,S2-786206960,S3-429689656
S1-782735292	
S1-997003238	
S1-662330950	
S1-439499829	
S1-644900895	
S1-497574611	
S1-556604347	
S1-301651351	
S1-277922227	
S1-570149522	
S1-999600460	
S1-728504962	
S1-878271296	
S1-870972756	
S1-265884188	
S1-999364306	
S1-421269303	
S1-833922365	
S1-996931439	
S1-843658355	
S1-3842255	
S1-806280325	S2-254997656,S3-919389895,S3-557022686,S3-67758370,S2-78041540
S1-311866466	
S1-276764109	
S1-198503764	
S1-955231259	S3-455897916,S3-848628657
S1-6576640	
S1-23864141	
S1-542116723	
S1-538647173	S2-692120399,S3-659677975,S3-554509863
S1-818923279	
S1-528795567	
S1-757199563	
S1-357787718	
S1-124758551	
S1-479426780	
S1-237836444	
S1-723386387	
S1-22308018	
S1-462717177	
S1-269283475	
S1-795592915	
S1-621099769	
S1-917231850	
S1-137272785	
S1-11922896	
S1-526061352	S3-217491145,S3-43679615,S2-309776963
S1-79390691	S3-487470705,S2-323649460
S1-217265022	
S1-500545518	
S1-24644941	
S1-619284851	S2-163838759,S3-457295999,S3-203848456
S1-575317766	
S1-590222985	S3-651695234,S3-463492214
S1-313120523	
S1-73836886	
S1-177703626	
S1-384536175	
S1-273222508	
S1-391247133	
S1-318676451	
S1-802066128	
S1-448938419	
S1-554410912	
S1-695973476	S3-260908243,S3-358613229,S2-456372671,S3-467759955,S3-195210978,S3-791029312
S1-148144526	
S1-866400720	
S1-976634255	
S1-375601188	
S1-600985551	S2-750056480,S3-438439996,S2-306106414,S2-177327967
S1-636118675	
S1-412568812	
S1-199464527	
S1-191006271	
S1-303531284	
S1-895737510	
S1-963186399	
S1-109944498	
S1-763179636	
S1-808196180	
S1-112741629	
S1-458590225	
S1-32398502	
S1-539693880	
S1-257532932	
S1-640244142	
S1-885394351	
S1-968004395	
S1-204496077	
S1-752013010	
S1-558844121	
S1-766105338	
S1-317038971	
S1-613847469	S2-258585733,S2-597436451
S1-351694977	
S1-952615436	
S1-315761968	
S1-794664408	S2-829183591,S2-754287876,S3-741082462,S3-416709091
S1-943805809	
S1-665902611	
S1-214525415	
S1-3999644	
S1-609698493	
S1-420229200	
S1-76137853	
S1-162567171	
S1-422783997	
S1-424987333	S3-578814169,S3-952854457,S2-334843685,S3-375716407
S1-777382001	
S1-290906735	
S1-134746441	
S1-383547915	
S1-538285033	
S1-731030420	
S1-509798276	
S1-230903431	
S1-147318713	
S1-727102351	
S1-215688267	
S1-528499106	
S1-501421073	
S1-479917405	
S1-854050066	S2-770677818,S3-950768038
S1-514005252	S2-266056290,S3-647343186,S2-356293193
S1-74076911	
S1-847023148	
S1-960681558	
S1-901747620	S2-998444519,S3-659362488,S3-798728,S2-64073094,S3-334549710
S1-624692149	
S1-960500709	
S1-413983958	
S1-317539737	
S1-665498718	S3-401859743
S1-71112458	
S1-632251712	
S1-63108787	
S1-581143376	S2-171860706,S3-418175591
S1-661649028	
S1-199764597	S2-862439120,S3-554025438,S2-420048568,S3-455878635
S1-418565741	
S1-860220452	
S1-160016006	
S1-562322923	
S1-874883526	S3-574263866
S1-761918065	
S1-892659756	
S1-299696801	
S1-917462252	
S1-706329970	S2-559487553,S2-411858707
S1-110625045	
S1-38370556	
S1-551630804	
S1-867596345	
S1-270174378	
S1-811746672	S3-649817301,S2-959313022,S3-505905284
S1-650462331	
S1-453777099	
S1-416113064	
S1-634363786	S3-230423021,S3-804048664,S2-25703654,S3-679988146
S1-83496322	
S1-906238852	
S1-104562954	
S1-242537542	
S1-620046622	
S1-436087957	
S1-384506234	
S1-330753178	
S1-184726226	
S1-545494182	
S1-702931576	S3-606655085,S2-456923531,S3-125355508,S3-416386553
S1-285322917	
S1-818491171	
S1-502485259	
S1-220803642	
S1-198027356	
S1-853578938	
S1-323536665	
S1-837899366	
S1-246166097	
S1-305429501	
S1-729604593	
S1-204635701	
S1-359908181	
S1-130703062	
S1-723887915	
S1-658218160	
S1-799417389	
S1-152700487	
S1-957408083	S3-368640069,S2-370710244
S1-968583724	
S1-427183222	
S1-695745101	
S1-644111188	
S1-324791688	
S1-850812036	
S1-889058695	
S1-799719558	S3-607079812,S2-915838651,S3-121751486
S1-545924630	
S1-368206827	
S1-993428433	
S1-721343551	
S1-942186084	
S1-649038445	
S1-108105068	
S1-188695617	
S1-377355850	
S1-436164386	
S1-989591112	
S1-203536184	
S1-581178806	
S1-28675123	
S1-278614583	
S1-766162083	
S1-405492357	
S1-304294557	
S1-413219847	
S1-792052940	S2-15499438,S3-110576462
S1-462618052	
S1-389216842	
S1-102303686	
S1-342027108	
S1-954311758	
S1-601677151	
S1-66091908	
S1-878354329	
S1-450482374	
S1-753792871	
S1-98129833	
S1-899172866	
S1-734404020	
S1-424812889	
S1-699763921	
S1-727057811	
S1-966320624	
S1-431208146	
S1-722084249	
S1-477975475	
S1-886097362	
S1-372135099	
S1-688159986	
S1-515952016	
S1-849516179	S2-703145901,S2-425070871
S1-92668726	
S1-529169532	
S1-965935643	
S1-964628032	S2-631087756,S2-312793447,S3-28385146
S1-441136357	
S1-471181452	
S1-650531225	
S1-573099358	
S1-961884946	
S1-981351778	
S1-933608700	
S1-88647708	
S1-772366952	S3-881998021,S3-149703748,S2-504742407
S1-822791793	
S1-15398811	
S1-25640523	
S1-947964626	
S1-115146224	
S1-65370723	
S1-604968269	
S1-664549092	
S1-817111822	
S1-980753639	S2-368357570,S3-3936330
S1-661535896	
S1-664908224	
S1-925629119	
S1-14592670	
S1-777719794	
S1-189617287	
S1-207194851	
S1-544994873	
S1-539878018	
S1-368756424	
S1-889904524	
S1-953095534	
S1-245969003	S2-558864132
S1-799095790	
S1-178743317	
S1-260482341	
S1-206086768	
S1-868677535	
S1-533617500	
S1-458106003	
S1-880448766	
S1-113353587	
S1-806911662	
S1-370468580	
S1-751483620	
S1-143765303	
S1-511940322	
S1-123885966	
S1-729862069	
S1-963546066	
S1-928470649	
S1-328209107	
S1-884085043	
S1-690877976	
S1-718976953	S2-887841319,S3-134959118,S3-850107870,S3-378880667
S1-899986245	
S1-639093229	
S1-95221016	
S1-472244429	
S1-843226167	
S1-522100890	
S1-464134634	
S1-72524205	
S1-393283739	
S1-405798448	
S1-523267697	
S1-352229712	
S1-134701118	
S1-143758027	
S1-497801462	
S1-294393194	
S1-101627374	
S1-223255290	
S1-743450634	
S1-924883587	
S1-823096734	S2-997670363,S2-463427982,S3-69455464,S3-158190440,S3-906251170
S1-244982929	
S1-502861166	
S1-442851094	
S1-124197173	
S1-39805514	
S1-228516835	
S1-451837473	
S1-819967746	
S1-69760268	
S1-34424195	
S1-418560149	S2-95413423,S2-23121923,S2-796727784,S3-813185965,S3-529472258
S1-291862973	
S1-239169711	
S1-565497139	
S1-81161093	S3-537569421
S1-897202859	
S1-675165621	
S1-93315704	
S1-819266497	
S1-719357203	
S1-413878302	
S1-11314015	S2-417834483,S2-80429049,S2-419984869
S1-719817204	
S1-38808141	
S1-511262674	
S1-662998007	
S1-481771486	
S1-676799257	
S1-853798030	
S1-891017306	
S1-458961513	
S1-725501325	
S1-579197587	
S1-341736266	S3-764183811
S1-130660279	
S1-528283706	
S1-98527298	
S1-167603278	
S1-500022913	
S1-318492095	
S1-798333839	
S1-195879446	S3-110040838
S1-102670256	
S1-90181809	S3-851291426,S3-49024099
S1-518227259	
S1-986781030	
S1-793864512	
S1-394944112	
S1-265383667	
S1-778733211	
S1-39671043	
S1-562082217	S2-752899293,S3-513007491,S3-405831587,S2-179046567,S3-790143045,S2-955292373
S1-541956525	
S1-957488593	
S1-498470206	
S1-490247353	
S1-966477054	
S1-472527809	
S1-704338524	
S1-631164920	
S1-51172472	
S1-26523833	S3-311616237
S1-11409980	
S1-243854337	
S1-191079879	
S1-71794554	
S1-207943336	
S1-754875457	
S1-285902008	
S1-346721247	
S1-871904311	
S1-451018669	
S1-7055019	
S1-730238579	S2-201127939,S3-192641573,S3-741199734,S3-228775803
S1-163842153	
S1-495100327	
S1-461739450	
S1-643274398	
S1-396154251	S3-451770626,S3-128062883
S1-873821619	
S1-27952195	
S1-280049901	
S1-712172871	
S1-759726523	
S1-414799501	
S1-220824159	
S1-325467721	
S1-331876553	
S1-552287477	
S1-355150131	
S1-305225305	
S1-587431951	
S1-672532212	
S1-434439281	
S1-39141492	
S1-914971185	
S1-845962668	
S1-467673009	
S1-58242382	
S1-380953189	
S1-982985240	
S1-560341630	
S1-457608927	
S1-756012608	
S1-169214314	
S1-44907480	
S1-325953783	
S1-152654366	
S1-816709623	
S1-233991403	
S1-843971158	
S1-325613660	
S1-66179769	
S1-193060043	
S1-867309783	
S1-872261706	
S1-724450899	
S1-584238490	
S1-369052718	S2-153619376,S2-582285928,S3-973075818,S3-345564816
S1-796739899	
S1-205701906	
S1-61858495	
S1-262517553	
S1-633475882	
S1-734380787	
S1-602575788	
S1-150590818	
S1-98055079	
S1-113636129	
S1-846163182	S2-451410820,S3-389732155
S1-841136048	
S1-590682647	
S1-372153029	
S1-621175786	S3-480921851
S1-496414716	
S1-591711748	
S1-968797154	
S1-781553041	
S1-997998923	
S1-976431946	
S1-444293506	
S1-182507705	
S1-463801084	
S1-165300031	
S1-177606997	
S1-989698590	
S1-447064108	
S1-501568304	
S1-100952859	S2-288326191,S3-283280215
S1-879364403	
S1-454311706	
S1-889250394	
S1-888911489	
S1-912418249	
S1-407890999	
S1-805176043	
S1-515571223	
S1-808011494	
S1-324602552	
S1-800049647	
S1-866270037	
S1-361301	
S1-190620367	
S1-43122115	
S1-273541462	
S1-979366276	
S1-524761642	
S1-539746739	
S1-524753577	
S1-767628630	
S1-616659979	
S1-238366716	
S1-475764564	
S1-987406887	
S1-740838678	
S1-847591332	
S1-522128807	
S1-916317217	
S1-855489684	
S1-3580168	
S1-681836576	
S1-51639443	
S1-570574044	
S1-655036968	S2-981137480,S2-277924402,S2-429637669,S3-778063035
S1-497414710	
S1-913994996	
S1-707528930	
S1-2205757	
S1-60895704	
S1-659439887	
S1-697308149	
S1-889488763	
S1-119550440	
S1-479272833	
S1-20019537	
S1-840009026	
S1-678651113	
S1-271867370	
S1-687792265	
S1-304921731	
S1-634302008	
S1-552740313	
S1-763775412	S2-472209252,S3-914829642
S1-749561939	
S1-896890779	
S1-658462065	
S1-343314713	
S1-962182917	
S1-738539339	
S1-599310463	
S1-275646661	
S1-184277107	
S1-588057317	
S1-668307422	
S1-795490617	
S1-211144640	
S1-216989116	
S1-420284337	
S1-557850744	
S1-80507041	
S1-764186216	S3-340459583,S3-317302451,S2-809364480
S1-773652626	
S1-294981599	
S1-103064086	S2-111604237,S3-733938110
S1-179958890	
S1-509893785	
S1-697187290	
S1-955287623	
S1-844546758	
S1-579570326	
S1-870053973	
S1-531738959	
S1-464885454	
S1-484122248	
S1-471680942	
S1-107266813	
S1-192152468	
S1-278832153	
S1-88891937	
S1-702836899	
S1-715327054	
S1-228744470	S3-728491563,S2-399216433,S3-485719394
S1-164822215	
S1-73011217	
S1-711784517	
S1-20560313	
S1-506526105	
S1-948481587	
S1-836659602	
S1-145025455	
S1-101514552	
S1-444259359	
S1-466780386	
S1-437121437	
S1-149402182	
S1-141961819	
S1-15280189	
S1-327862577	
S1-144071183	
S1-45255466	
S1-318150933	
S1-206921287	
S1-399981118	
S1-771906567	
S1-551613233	
S1-796466972	
S1-918986105	
S1-560636623	
S1-509034179	
S1-30610471	
S1-308594033	
S1-286407845	
S1-634351088	
S1-13122728	
S1-661065646	
S1-285819412	
S1-140341115	
S1-370971397	
S1-581259137	
S1-352302916	
S1-782931975	
S1-782077007	S3-223029260,S3-542854260,S3-145033625
S1-615120827	
S1-949006708	S2-99010681,S3-702869065,S2-317120126
S1-176824179	
S1-880579777	
S1-607266740	
S1-127811302	
S1-811402366	
S1-696468347	
S1-470339722	
S1-991766982	
S1-588747892	S3-315346168,S3-186995204,S2-178651255
S1-71693580	
S1-192162271	
S1-671828828	
S1-944431920	
S1-747732474	
S1-925032434	
S1-775421776	
S1-422926078	
S1-971955946	
S1-282901479	
S1-686589223	
S1-592618912	
S1-467995757	
S1-237246181	
S1-320208536	
S1-147370418	
S1-818694581	
S1-232975506	
S1-950946965	
S1-572728052	
S1-805802460	
S1-398358524	
S1-22741341	
S1-931100596	
S1-975554270	
S1-272058430	
S1-881893527	
S1-848658678	
S1-563566678	
S1-835957296	
S1-744279438	
S1-105165189	S2-824457648,S3-291757513,S3-320165863,S3-279217021
S1-302489373	
S1-670986882	
S1-390011250	S2-693352064,S2-72383506
S1-193028749	
S1-36609946	
S1-143756780	
S1-824880975	
S1-953095699	
S1-562597007	
S1-487364089	
S1-291816410	
S1-207609904	
S1-936865263	
S1-633460737	
S1-159184391	
S1-561651259	
S1-198701572	
S1-547910384	
S1-114683185	
S1-346791619	
S1-651281081	
S1-905851941	
S1-907645993	
S1-682804032	
S1-158211447	
S1-126888499	
S1-442711153	
S1-491084996	
S1-314389706	
S1-743998583	
S1-948451157	
S1-330287395	
S1-844648236	
S1-884383105	
S1-706963756	
S1-983431613	
S1-709613369	
S1-812471256	S2-517547891,S3-605158390,S3-823407199
S1-448180052	
S1-711113946	
S1-349082113	
S1-494006224	
S1-467514107	
S1-167889977	
S1-718266647	
S1-603547695	
S1-59641922	
S1-685373738	
S1-522507361	
S1-859877187	
S1-717217817	
S1-317888108	
S1-934560245	
S1-45241257	
S1-167375134	
S1-24489461	
S1-55478877	
S1-213974296	
S1-762443863	
S1-162716084	
S1-521103908	
S1-259194573	
S1-139561492	
S1-457015063	
S1-54061303	
S1-291963455	
S1-911472207	
S1-965794417	
S1-537936190	
S1-80485541	
S1-79631182	
S1-868053097	S2-545187176,S3-582154310,S3-258386399,S2-318319192,S2-703941947
S1-646564532	
S1-959786659	
S1-640568229	
S1-98474969	
S1-616566605	
S1-763650402	
S1-645666154	
S1-882071252	
S1-602135606	
S1-219564100	
S1-681795953	
S1-570440641	
S1-587610280	
S1-974939808	
S1-336522235	S2-652962234,S2-250834918,S3-227263878
S1-608208941	
S1-287715827	
S1-2663785	S3-954103827
S1-690134472	
S1-194961758	
S1-175497599	
S1-126264751	
S1-505736715	
S1-632476086	
S1-775995980	
S1-700823140	
S1-775087461	
S1-159635337	
S1-383450052	
S1-557250110	
S1-237112976	
S1-253846778	
S1-577315143	
S1-812623927	
S1-669844286	
S1-841359368	
S1-813798616	
S1-852579672	
S1-954132869	
S1-520589661	
S1-923738678	S2-570616364,S2-413006516,S2-29480808,S3-982535544,S3-470758800,S3-353125152
S1-655454084	
S1-441761570	
S1-469558580	
S1-993650911	
S1-540492884	
S1-201029983	
S1-171227578	
S1-910528489	
S1-697766897	
S1-489811772	
S1-580939240	
S1-201339204	
S1-382274081	
S1-85764369	
S1-216572223	
S1-329667895	
S1-286293742	
S1-507469724	
S1-838610367	
S1-313712733	
S1-64979583	
S1-787628249	S2-775929320,S3-810501500,S3-588501340
S1-515080939	
S1-461501708	S2-964593969
S1-820146152	
S1-76475370	
S1-384734976	
S1-207046681	S2-776271608,S3-736255158,S3-787267053
S1-505643236	
S1-40256288	
S1-826134880	
S1-178052536	
S1-958290776	
S1-15973308	
S1-468203787	S2-935774342,S3-980378787,S3-701540190,S3-531528467
S1-875301995	
S1-86653903	
S1-542001857	S3-970491361,S2-837724197
S1-192216430	
S1-904917550	
S1-569675315	
S1-71841066	
S1-151188092	
S1-750839654	
S1-19426149	
S1-763864615	
S1-646509163	
S1-654166323	S2-43831210,S2-493482698,S3-632255726
S1-82105293	
S1-904678595	
S1-296917206	
S1-365710538	
S1-323996489	
S1-97462665	
S1-413640609	
S1-850130687	
S1-834070661	S2-377140073
S1-550049105	
S1-358579791	S2-19124679,S2-812254755,S3-632471630
S1-322435631	
S1-6165920	
S1-168380797	
S1-950089123	
S1-337434233	S3-790686299,S3-866519291,S3-523084056,S2-41204560
S1-557716936	
S1-210046977	
S1-162511044	
S1-326021867	
S1-30010980	S2-666834620,S3-239086737
S1-457746791	
S1-62132736	
S1-507059688	S3-591602410,S3-204403586,S2-291983316
S1-722921829	
S1-276826322	
S1-400838353	
S1-167703536	
S1-828686386	
S1-996381829	
S1-580370511	
S1-394578101	
S1-22790147	
S1-705998146	
S1-143031559	
S1-284189230	
S1-309813904	S3-221372835
S1-720435441	
S1-338667049	
S1-540008396	
S1-841819491	
S1-183380244	
S1-599095069	S3-55046329,S3-831680004
S1-563469218	
S1-100517307	
S1-860592874	
S1-547578647	
S1-796734316	
S1-713125517	
S1-481304990	
S1-821343897	S2-68198226,S2-941192594
S1-794825165	
S1-520596744	
S1-213231096	
S1-171244106	S3-431500772,S2-913177503
S1-934300024	
S1-681394288	
S1-480771246	
S1-130915661	
S1-112638769	S2-361036996
S1-59300198	
S1-525970796	
S1-393599895	
S1-666880173	
S1-126061906	
S1-88701604	
S1-48034462	
S1-248249725	
S1-787048106	
S1-875296778	
S1-539796826	
S1-266958879	
S1-1175896	S3-169209516
S1-956996546	
S1-337603148	
S1-161858196	
S1-293946940	S3-488391784,S3-59736724,S2-295575461
S1-394000853	
S1-915429474	
S1-700000982	
S1-569985625	
S1-690365928	
S1-861555610	
S1-287050652	
S1-545124299	
S1-24086492	
S1-866863201	
S1-182725737	
S1-326022587	
S1-264707027	S2-811346727,S3-702292394
S1-984823183	
S1-367369507	
S1-501092302	S3-670172824,S3-605649472
S1-991039564	
S1-21263391	S2-203940555
S1-252933342	S2-281108533,S2-842709259,S3-226203109
S1-335460491	
S1-644803006	
S1-360624592	
S1-642159122	
S1-138699121	
S1-572726578	
S1-610781272	
S1-698384777	
S1-410051376	
S1-71388055	
S1-64661708	
S1-326970695	
S1-642375900	
S1-72819811	
S1-393588626	
S1-499904065	
S1-906960372	
S1-968711608	
S1-732374884	
S1-403585455	
S1-636991275	S2-904090046,S2-641102427,S2-360044570,S3-317582262
S1-157367827	
S1-760845434	
S1-55807867	S2-765890080,S3-599456937,S2-616805340
S1-240578721	
S1-790723042	
S1-519288354	
S1-573110572	
S1-735050786	S2-538873276,S3-926645474
S1-544885586	
S1-412905372	S2-182139220,S3-802858018
S1-926274678	
S1-226103180	
S1-677991820	
S1-957916991	
S1-980427191	
S1-355983578	
S1-33030761	
S1-979209926	
S1-576907379	
S1-35092676	
S1-23779250	
S1-497327583	S2-885610672,S2-473101829
S1-567994461	
S1-132404310	
S1-215649289	
S1-590027248	
S1-376708157	
S1-807277477	
S1-891992139	
S1-187474945	
S1-635300927	S2-824414737,S3-722928359,S3-554347370
S1-762139003	
S1-939699789	
S1-759236827	
S1-39561127	
S1-136629563	
S1-603547584	
S1-213833620	
S1-793424675	
S1-223550241	S3-181567004,S3-734744713,S2-201050995
S1-609449780	
S1-874324532	
S1-420177777	
S1-540418147	
S1-61359908	
S1-906154881	
S1-858272049	S3-679112117,S2-158455367,S2-41290208
S1-886908684	
S1-58938784	
S1-925301969	
S1-17607049	
S1-962286335	
S1-438752678	
S1-624321674	
S1-705074120	
S1-117450923	S2-897451014,S3-574318417,S2-821097649,S2-888914183
S1-754386983	
S1-344434923	S3-644144072,S3-138300668
S1-131959154	
S1-944057986	
S1-420746587	
S1-240623688	
S1-558258993	
S1-34802225	
S1-848719786	
S1-648962005	
S1-915141559	S2-411750557,S3-142815286
S1-448952462	
S1-771494240	
S1-852092208	
S1-230403707	
S1-485650796	
S1-146703242	
S1-756429586	
S1-391094934	
S1-860649174	
S1-449809	
S1-660441975	
S1-926968141	
S1-808122995	
S1-232722682	
S1-999793298	
S1-33286428	
S1-401231169	
S1-506273951	
S1-177817586	
S1-65792278	
S1-357245993	
S1-607276565	
S1-556428781	
S1-524720481	
S1-479769376	
S1-659175940	
S1-359598238	S3-75171632,S3-515395369,S3-226255557
S1-399827965	
S1-81217925	S2-597316860,S2-389821561,S3-957846226
S1-488263617	
S1-885474434	
S1-807620397	
S1-210993484	
S1-610479564	
S1-335670270	
S1-86618411	
S1-450823284	
S1-981404549	
S1-571070435	
S1-129313973	
S1-15667713	
S1-368381229	
S1-687234945	
S1-260310792	
S1-43871822	
S1-343773433	
S1-692458493	
S1-867506584	
S1-231441823	
S1-938871833	
S1-70031028	
S1-739256339	
S1-173742984	
S1-17214290	
S1-982277793	
S1-511482141	
S1-259560541	
S1-156864597	
S1-396625163	
S1-636792023	
S1-709314433	
S1-841358931	
S1-505030797	
S1-521206670	
S1-357333302	
S1-789453599	
S1-528955236	S3-218276285,S3-143538282,S3-637930287,S3-832256939,S2-789300879
S1-43516703	S3-718895127
S1-493271918	
S1-663080427	
S1-843641063	
S1-709768670	S3-46609342,S3-145422797,S2-360348055
S1-408826684	
S1-695245632	
S1-877170060	
S1-526236284	S2-754101856,S3-152499191,S3-35163784,S2-52407800,S2-63965436,S2-432959369
S1-518369041	
S1-935357286	S3-460463694
S1-174825714	
S1-553763614	
S1-134933660	
S1-614006426	
S1-707409892	
S1-980003367	
S1-986237167	
S1-822436321	
S1-372745637	S3-361485763
S1-46029496	
S1-210255866	
S1-121483236	
S1-318366524	
S1-82697749	
S1-404271187	
S1-152422300	
S1-657644337	
S1-76563063	
S1-340258088	
S1-852554048	
S1-472146427	
S1-906701318	
S1-195601323	
S1-615902549	S2-315447865
S1-667757922	
S1-964477581	
S1-85504420	
S1-996224045	
S1-898343199	
S1-507694612	
S1-627305515	
S1-102173055	
S1-689693999	
S1-535442558	
S1-425350583	
S1-505332569	
S1-170181994	
S1-183107553	
S1-950819662	
S1-795702088	
S1-941834408	
S1-890597401	
S1-380240831	
S1-162941432	
S1-396350646	
S1-727160037	
S1-234183525	
S1-336055509	
S1-807295887	
S1-916778329	
S1-891370036	
S1-361104920	
S1-933348603	S2-884804509
S1-390146157	
S1-697433179	
S1-104404813	
S1-863718413	
S1-282771463	
S1-91820363	
S1-750373210	
S1-926726523	S2-836915211,S3-404437840,S3-541018008
S1-850177390	
S1-517258499	
S1-70788046	
S1-9544916	
S1-469439084	
S1-53877153	
S1-85058464	
S1-927896500	
S1-556702788	
S1-784704147	S2-654694597,S2-72103801,S2-880615348,S3-66910751,S2-486778009
S1-219301085	
S1-232092444	
S1-227407092	
S1-325798444	
S1-420709603	
S1-816392976	
S1-45068253	
S1-141579887	
S1-335494834	
S1-493801671	
S1-361249693	
S1-671041123	
S1-445840005	
S1-873095607	
S1-164689241	
S1-605448269	
S1-591765927	
S1-100652379	
S1-242459881	
S1-496144930	
S1-875136387	
S1-397012277	
S1-49938799	
S1-2400706	
S1-621812643	
S1-622622032	
S1-130695065	
S1-787339286	
S1-360397697	
S1-820038462	
S1-209792989	
S1-427958948	
S1-365818173	
S1-280379297	
S1-965862080	
S1-535576555	
S1-298414761	
S1-949631212	
S1-581079898	
S1-534084562	
S1-80773334	
S1-463669205	
S1-123399114	
S1-341775182	
S1-307698757	
S1-328517304	
S1-894786954	
S1-548504071	
S1-308289127	
S1-677579137	
S1-342658131	
S1-887769906	
S1-264416315	
S1-981778207	
S1-303480472	
S1-222008936	
S1-341365895	
S1-310189894	
S1-166374889	
S1-998173585	S3-932385851,S3-441517404,S2-568383727,S3-152964703,S3-675673888
S1-747222701	
S1-594322676	S2-602103405,S2-423434933,S2-215252992
S1-224722933	S2-950269863,S3-608737035,S3-872792665,S3-222096993,S2-668906529
S1-291213237	
S1-774755204	
S1-234136813	
S1-373284970	
S1-228572302	
S1-798080845	
S1-794688086	
S1-433971510	
S1-531485617	
S1-189812600	S2-623480863,S3-982470585
S1-210670820	S2-52649492,S3-338542678,S3-219338576
S1-844629678	
S1-119623333	
S1-955814094	
S1-288436614	
S1-511585583	
S1-938033860	
S1-12604411	S3-522228562
S1-184679021	
S1-827445270	
S1-517160743	
S1-25991086	
S1-993742331	
S1-345089995	
S1-865786359	
S1-947580539	
S1-646427893	
S1-831468920	
S1-694906615	
S1-466364368	S3-448657480,S2-976627752
S1-738561236	
S1-846031907	
S1-708103844	
S1-749895264	
S1-172538851	
S1-189201863	S3-173843254
S1-147292066	
S1-391768479	S3-396239631,S2-511799974
S1-260932566	
S1-283396712	
S1-586296086	
S1-549761145	
S1-787010882	
S1-523886200	
S1-958825014	
S1-297491324	
S1-112223923	
S1-218696490	
S1-388675875	
S1-283258367	
S1-777196522	S3-858101132,S3-967748598,S3-605869664,S3-583686236,S2-371415017
S1-540420158	
S1-714447783	
S1-632999592	
S1-516085350	
S1-240080195	
S1-797443621	
S1-264737800	
S1-933622160	
S1-960833446	
S1-213649715	
S1-545143873	S3-56613409,S3-521082922,S2-424841632,S2-58086130
S1-466074131	
S1-136368788	
S1-947629649	S2-846316493,S3-448231212,S2-693281660
S1-891099912	
S1-504726429	
S1-753264632	
S1-759801329	
S1-108757880	
S1-525151380	
S1-708867885	
S1-97014196	
S1-949270424	
S1-571399800	
S1-286909162	
S1-219510734	S2-53615231,S3-763512311
S1-424725728	
S1-379794032	
S1-784648116	S3-454112666,S2-88864336,S2-346501746
S1-699542878	
S1-110898856	
S1-14452666	
S1-499201521	
S1-577385858	
S1-396027258	
S1-23374893	
S1-682057779	
S1-413851891	
S1-744520780	
S1-985832030	
S1-306700396	
S1-320536470	
S1-565695719	
S1-36218729	
S1-699372894	
S1-554387616	
S1-121866044	
S1-339996270	
S1-332771010	
S1-472717963	
S1-611157336	
S1-121033107	
S1-286014691	
S1-313239471	
S1-881117338	
S1-749629873	
S1-102789555	S3-507261980
S1-58306279	
S1-203852423	
S1-646442280	
S1-103990251	
S1-600050186	
S1-554782722	
S1-58970102	
S1-766894753	S2-474114926,S3-721484630,S3-731696756
S1-648498646	S3-101802293
S1-986954561	S3-79556154,S2-807077312,S3-68876148,S3-432024717,S3-28674013
S1-730226575	
S1-539679685	
S1-247081894	S3-84726532
S1-733442236	
S1-791422286	
S1-725375213	
S1-623425267	
S1-4831129	
S1-32148831	S2-15179793,S3-500984305
S1-105024171	S2-301043713,S2-373031607,S3-246634126,S3-448576965,S2-136215451
S1-830470367	
S1-703746224	
S1-500019877	
S1-405883515	
S1-852255730	
S1-328732753	S3-611703418,S3-77754798,S2-31538420,S2-384450839,S3-762856097,S3-952345192,S3-424115241,S2-230716449
S1-437432288	
S1-398329243	
S1-916105794	
S1-779661036	
S1-241377627	
S1-848269014	
S1-538444338	
S1-125680380	S2-963006039,S2-857556977,S2-146922304,S2-416496486,S3-363392269,S3-897598505,S3-116820470
S1-835126358	
S1-963476830	
S1-982014536	
S1-732192905	
S1-270523249	
S1-672836899	
S1-256908869	
S1-157965213	
S1-636093466	
S1-949036591	
S1-352424042	S2-135222397,S3-775807484,S3-435199277
S1-11691897	
S1-504863754	S2-142921337,S3-591606327
S1-732851376	
S1-858730912	
S1-364168141	
S1-379752029	S3-877393134
S1-711404342	
S1-290416435	
S1-913335839	
S1-627572416	
S1-180123551	
S1-619800936	
S1-962666016	
S1-488887985	
S1-667944837	
S1-807078735	
S1-628646108	
S1-966214920	
S1-184857133	S2-369102358,S3-320974821
S1-127329359	
S1-366256458	
S1-836574936	S3-459123494,S3-763941984,S2-360040163,S3-530515892
S1-447985838	
S1-202122338	
S1-908873401	
S1-123136903	
S1-266554040	
S1-304190998	
S1-805164130	
S1-696374587	
S1-869119782	
S1-521675088	
S1-890019258	
S1-840093084	
S1-238866499	
S1-829650510	
S1-348391801	
S1-445491750	
S1-384973088	S2-484456559,S3-881043082,S3-548933529
S1-196257012	
S1-232680006	
S1-709634517	S2-714889973,S2-950813497
S1-415862416	
S1-737815461	
S1-923772598	
S1-367668654	
S1-901409365	
S1-309141289	S3-941094809,S2-473176871
S1-92045832	
S1-480679449	
S1-135338017	
S1-81251890	
S1-490034323	
S1-27607712	
S1-188949691	
S1-667990770	
S1-295021501	
S1-182294679	S3-252936505
S1-444270646	
S1-2300830	
S1-60801998	
S1-845377062	
S1-947192206	
S1-577319794	
S1-103696205	
S1-478945059	
S1-114805288	
S1-513434410	S2-638862855,S2-367664131,S2-769096879,S3-216203234
S1-705613931	
S1-152855998	
S1-47438933	
S1-374448183	
S1-527158251	
S1-490366514	
S1-678175652	
S1-701784304	
S1-94772613	
S1-226545365	S3-868748577
S1-551670729	
S1-766186881	
S1-278314332	
S1-152826770	
S1-274491231	
S1-926883810	
S1-456370938	
S1-341264755	
S1-665232360	
S1-864225564	
S1-654839919	
S1-693936749	
S1-65798925	
S1-255640417	
S1-691310422	
S1-964815333	
S1-917874917	
S1-225458768	
S1-488780831	
S1-574007656	
S1-822283866	
S1-682099300	
S1-316171420	
S1-873845738	
S1-376368787	S3-531765542,S2-826963180
S1-716778233	
S1-74295160	
S1-544796538	S2-37456627
S1-474695344	
S1-374794501	
S1-443508092	S2-314895364,S3-639852309,S2-467847223,S3-161012822,S2-856203734
S1-724480703	
S1-849841430	
S1-475887704	
S1-694276483	
S1-888262486	
S1-211513677	S3-466285820
S1-616585328	
S1-475994565	
S1-520527809	
S1-112672841	
S1-175005542	
S1-587297970	
S1-763311955	
S1-82747196	
S1-124783178	S2-237194007,S3-430997878
S1-94753199	S3-736020919,S3-201591916,S2-235549915
S1-532852992	
S1-188594164	
S1-928425511	
S1-268573273	
S1-396728196	
S1-564473727	
S1-327482494	
S1-958754079	S2-468086656
S1-223242222	
S1-742577041	
S1-123894234	
S1-873040329	
S1-640894776	
S1-260276940	
S1-535128086	
S1-604800268	
S1-701791814	
S1-677699357	
S1-927829839	
S1-986783865	
S1-512310697	
S1-677602617	
S1-827647595	
S1-148911425	
S1-762367035	
S1-254820064	
S1-807835842	
S1-279978703	
S1-269551828	S2-519103135,S2-652678511,S2-510174874
S1-138500512	
S1-610822472	
S1-598798315	
S1-837179135	
S1-630520738	
S1-667669979	
S1-731953924	
S1-850999737	
S1-346929119	
S1-577295036	
S1-76341019	
S1-257753999	
S1-583895481	
S1-825290756	
S1-408900840	
S1-348729909	
S1-943862502	
S1-884700951	S2-872637468,S3-712678853
S1-250425570	
S1-659756997	S3-253314127
S1-154509754	
S1-863367422	S2-336024415,S3-608574390,S3-904875932
S1-627176141	
S1-885097091	
S1-26108449	
S1-391381246	
S1-277741442	
S1-530511879	
S1-117440067	
S1-353753908	
S1-453901405	
S1-201767387	
S1-330763438	
S1-957115563	
S1-101927610	
S1-365055173	
S1-400523319	
S1-650515202	
S1-949201827	
S1-291293261	
S1-438729334	S3-992839993
S1-406335562	
S1-939373986	
S1-97119939	
S1-828918531	
S1-980160107	
S1-153561697	
S1-108286556	
S1-652307145	
S1-830653529	
S1-903762386	
S1-84521244	
S1-9982908	
S1-616529066	
S1-704840333	
S1-4853493	
S1-834216587	
S1-672541801	
S1-884559284	S2-148018451,S2-922219213,S3-153655262
S1-968998438	
S1-283165060	
S1-186540242	
S1-251828201	
S1-336854166	
S1-529416643	
S1-443574814	
S1-228166620	
S1-501987403	
S1-219569074	
S1-954060018	
S1-511918676	
S1-218003379	
S1-218069392	
S1-1890230	
S1-528709587	
S1-609760314	
S1-149917970	
S1-462644117	S2-174193369,S3-854678152,S2-506057073,S3-21111698,S2-549873489,S3-332681320
S1-825803481	
S1-119303616	
S1-152215427	
S1-179940443	S3-926059494,S3-839695290,S2-451810919,S3-569470805
S1-632978261	
S1-976841789	
S1-587691853	S2-218542953
S1-210331299	
S1-413344399	
S1-179786185	
S1-798382428	
S1-555937669	
S1-831999404	
S1-976128811	
S1-287757428	
S1-796633767	
S1-492877236	
S1-829149859	S2-181540664
S1-813261069	
S1-619419370	
S1-912309269	
S1-950592283	
S1-344071966	
S1-714467986	S3-603466351
S1-398486154	
S1-81449369	
S1-87817982	S2-867235153,S2-41336713,S3-203444416
S1-244073890	
S1-308342926	
S1-339786618	
S1-714158481	
S1-564543150	
S1-752404850	
S1-588457194	
S1-720405731	
S1-58058729	
S1-766030597	
S1-110768388	
S1-951295925	
S1-255641331	
S1-627733299	
S1-422376765	
S1-493790861	
S1-797895270	
S1-448982532	
S1-878393641	
S1-41709499	
S1-328758015	
S1-618220378	
S1-229416793	S2-972012143
S1-152081477	
S1-362215350	
S1-257399666	
S1-5385571	S2-46651687,S3-832032342
S1-678447220	
S1-105341673	S2-682103965,S3-752402961,S3-846644236
S1-335427872	
S1-137447100	
S1-570166277	
S1-919272277	
S1-45774718	
S1-891539460	
S1-127451409	
S1-264028594	
S1-598223738	
S1-393319965	
S1-737161069	
S1-861462247	
S1-321131009	
S1-662284196	S2-812820194,S3-647419335,S3-894724689,S3-478961661,S2-648062209
S1-586302795	S3-302506973,S2-909399407
S1-730388767	
S1-943605231	
S1-125094175	
S1-495718955	S3-918865096
S1-650823571	
S1-269160248	
S1-888144857	
S1-514249644	
S1-204528893	
S1-519712552	
S1-233756051	
S1-421382857	
S1-710311147	
S1-130612445	
S1-298636831	
S1-133974685	
S1-771120938	
S1-188088618	
S1-668754608	
S1-899966969	
S1-529805096	
S1-494081851	
S1-853155251	
S1-671288548	
S1-633693587	
S1-368262915	
S1-163880597	
S1-448036453	
S1-514215963	
S1-521324543	
S1-881282158	
S1-986642891	
S1-138599179	S2-877584804,S3-673230860,S2-416565099
S1-780299829	
S1-770292690	
S1-592288851	
S1-868427668	
S1-172374701	
S1-281851129	
S1-880211568	
S1-533110821	
S1-542225195	
S1-31914040	S3-183763785,S2-905586873,S3-930310160,S2-919713198
S1-680090532	
S1-672789456	
S1-947843339	
S1-607497089	
S1-101598407	S2-904028987,S3-51097216,S3-870961244
S1-694644029	
S1-344669671	
S1-404211241	
S1-11833172	
S1-284574454	
S1-877249154	
S1-676824866	
S1-446611663	
S1-997913480	S3-938551904,S3-376432028
S1-655978745	
S1-263702130	
S1-835834542	
S1-167953780	
S1-443227477	
S1-575374239	
S1-869180094	
S1-775593965	
S1-379327460	
S1-999813795	
S1-783820199	S3-588947995,S2-305130958
S1-11262357	
S1-976379714	
S1-442187780	
S1-128899671	
S1-34504685	
S1-369095006	
S1-336857090	
S1-464136388	
S1-517603117	
S1-141838738	
S1-436290233	
S1-324839669	
S1-725073269	
S1-92808475	
S1-250134266	
S1-285139114	
S1-290699514	
S1-323579632	
S1-330900931	
S1-518750760	
S1-127871	
S1-93296315	
S1-366950986	
S1-524550604	
S1-276794942	
S1-287188213	
S1-162494251	
S1-808619346	
S1-181022773	
S1-506548305	
S1-142973237	
S1-855156944	
S1-492210599	
S1-33302789	
S1-6740625	
S1-213990487	
S1-544186824	
S1-640097494	
S1-912934525	
S1-99528635	
S1-265945183	
S1-181298412	
S1-17412551	
S1-382337328	
S1-136708513	
S1-449192277	
S1-347738946	
S1-940397156	
S1-399605881	
S1-501836811	
S1-205688037	
S1-183134505	
S1-908601397	
S1-507451204	S2-784338466,S2-859838685,S3-554003036
S1-439939217	
S1-208278960	
S1-173120784	
S1-299825353	S2-496644363,S3-190178650,S2-376302648,S3-770321035,S2-458369922,S3-380909121
S1-236069384	S3-979123514,S2-649251857,S2-165261062,S2-915896796
S1-411327188	
S1-672255126	
S1-316479191	
S1-917774128	
S1-116549848	
S1-59221669	
S1-182762162	
S1-202477738	
S1-870836273	
S1-321615518	
S1-994444575	S2-868677009,S2-454971392,S2-834185526
S1-742003339	
S1-186157036	
S1-227598959	
S1-936925427	S2-287937165,S2-641286482
S1-919836248	
S1-259966876	
S1-624140539	
S1-963791005	S2-825561708,S3-201085175,S2-587174464,S2-420202567,S2-640730687,S3-625563632
S1-113562677	
S1-231461242	
S1-46393001	
S1-300928779	
S1-704549631	
S1-820142466	
S1-209471003	
S1-994484438	
S1-380112041	
S1-587166697	
S1-345060893	
S1-264390254	S2-872688612,S2-561297401,S2-304351657,S3-231793439
S1-445477576	
S1-587999594	
S1-843027795	
S1-982672642	
S1-802539054	S2-379101829,S3-651774546,S3-692719429
S1-40132664	
S1-168638061	
S1-491838004	
S1-322346257	
S1-973613129	
S1-821018684	
S1-551235028	
S1-268526689	
S1-450505045	
S1-139124883	
S1-937885990	
S1-448267040	
S1-974741052	
S1-735975987	
S1-608450740	
S1-213623592	
S1-829950965	
S1-781814543	
S1-484822672	
S1-181790865	
S1-30199686	
S1-320640966	S3-782512879,S3-782613111,S2-140760618
S1-105037160	
S1-254844331	
S1-164765386	
S1-139994198	
S1-567415745	S2-823150626
S1-740519555	
S1-104698097	
S1-793300625	
S1-755669927	
S1-660771319	
S1-60575636	
S1-688317737	
S1-979626932	S2-493893108
S1-713518216	
S1-849533523	
S1-840091205	
S1-498234011	
S1-667038657	
S1-729809220	
S1-467885813	
S1-487438806	
S1-553812355	
S1-360621658	
S1-452894447	
S1-51427586	
S1-930812304	
S1-806701024	S3-716616327
S1-219716282	
S1-27909953	
S1-945360349	
S1-984578346	
S1-527090862	S3-633646003,S2-388936030,S3-193149452
S1-892325273	
S1-708903027	
S1-285225540	
S1-89892555	S2-682847064
S1-343988766	
S1-924726674	
S1-431178607	
S1-853809995	
S1-155796569	
S1-744697570	S3-630456052,S3-168094994
S1-359821177	
S1-769900022	
S1-738455313	
S1-303067617	S3-120502429
S1-776375314	
S1-538930961	
S1-153837729	S2-943944271,S2-262064020,S2-451675635,S3-203945428,S3-749553196,S3-333943664,S3-405899812
S1-646622577	
S1-44028276	
S1-407621593	
S1-906994512	
S1-785071950	
S1-693351627	
S1-691268518	
S1-14671612	
S1-619239421	
S1-396804353	S3-423607518,S2-371852486,S2-341596415
S1-460474715	
S1-21501904	
S1-512727120	
S1-87836022	
S1-522692756	
S1-951426806	
S1-495025805	
S1-614177129	
S1-790196613	
S1-739349743	
S1-538010219	
S1-777302721	
S1-548474699	
S1-168343988	
S1-457436863	
S1-568500353	
S1-848695073	
S1-54299983	
S1-151787916	
S1-700003643	
S1-538417393	
S1-274829285	S3-800111611,S2-707752194
S1-650308237	
S1-985233040	
S1-885082275	
S1-308188638	
S1-868756531	
S1-956070758	
S1-877874575	
S1-331430250	
S1-872286983	
S1-323042160	
S1-210577210	
S1-704294447	
S1-518131090	
S1-31637993	
S1-311546818	
S1-356549863	
S1-820193103	
S1-138855144	
S1-969954833	
S1-779545052	S3-560397178
S1-293782069	
S1-623699918	
S1-993488462	
S1-551093690	
S1-514662308	
S1-727520675	
S1-487671350	
S1-582394710	
S1-548445903	
S1-834423685	
S1-305514440	
S1-534596443	
S1-19638865	S3-383899087,S2-596364241
S1-467160861	
S1-781247039	
S1-485421062	
S1-677360990	
S1-981038536	
S1-40711162	
S1-93295334	
S1-835043067	
S1-350474344	
S1-880198728	
S1-89831342	
S1-544714235	
S1-751849903	
S1-44824899	
S1-253903411	
S1-325534933	
S1-335912666	
S1-204131553	
S1-580386511	
S1-78818349	
S1-660135462	
S1-96102318	
S1-475268938	
S1-121351638	
S1-302099904	
S1-945767132	
S1-141343276	
S1-57814706	
S1-940620478	
S1-423859342	
S1-86411314	
S1-599279408	
S1-105759394	
S1-857697040	
S1-301633667	
S1-95119979	
S1-539160111	
S1-71806246	
S1-96023242	
S1-361113883	
S1-551197775	
S1-856099977	
S1-9969684	
S1-120496555	
S1-609497522	
S1-277132896	
S1-294976994	
S1-325510823	
S1-443610611	
S1-149715761	
S1-962846797	
S1-606944322	
S1-407110861	
S1-177993712	
S1-102624002	
S1-262562207	
S1-585365903	
S1-209043262	
S1-929353037	
S1-839386652	
S1-720987821	
S1-314653970	
S1-447026819	
S1-300486972	
S1-983888274	
S1-520052461	S2-821912576,S2-361423113,S3-229320323,S3-258990183,S3-324162568
S1-85075145	
S1-994213427	
S1-341752737	
S1-581926110	
S1-309796844	
S1-444766542	
S1-630190662	
S1-457031308	
S1-663863554	
S1-875519441	
S1-765222744	
S1-800888221	
S1-297871294	
S1-173597455	
S1-444897052	
S1-859076669	
S1-807854927	
S1-727060606	
S1-681327199	S3-521726487,S2-240826766
S1-783704879	
S1-670427533	
S1-438417025	
S1-325985151	
S1-772051050	
S1-605245275	
S1-864884859	
S1-689025551	
S1-877284807	
S1-963278693	
S1-225094202	
S1-828157862	S3-799210596,S3-387513368,S2-54033879
S1-344722974	
S1-81644261	
S1-616642704	
S1-716796298	
S1-388140174	
S1-684127254	
S1-95177956	
S1-913523944	
S1-983239281	S2-207860960,S3-601594187,S2-467601129,S2-95418110,S3-491300122,S3-937708816
S1-938940785	
S1-890474880	
S1-764935650	
S1-621422029	
S1-833769341	
S1-249802923	S3-828783048
S1-574661095	
S1-209605824	
S1-479283242	S3-479327664,S2-196212109
S1-906815673	
S1-85142981	
S1-246000051	
S1-353971520	
S1-406411080	
S1-747897639	
S1-466399708	
S1-417249246	
S1-385197670	
S1-144737062	
S1-217129109	
S1-727985435	
S1-226213777	
S1-496203213	
S1-861065971	
S1-521060631	
S1-571266030	
S1-821734403	
S1-7332086	S3-966789354,S2-14179596
S1-572478593	
S1-321115139	
S1-528721761	
S1-903575137	S2-670664565,S3-462387887,S3-805711009,S3-535990704
S1-885828946	
S1-360463849	
S1-952012942	
S1-238876354	
S1-415986389	
S1-593631051	
S1-960175697	
S1-281050399	S3-865768171,S2-119525975
S1-863827940	
S1-783297172	
S1-374173738	
S1-521626372	
S1-937974570	
S1-881381966	
S1-286912300	
S1-28043184	
S1-266618179	S2-545095058,S2-508863687
S1-736358000	
S1-209448943	
S1-165006073	
S1-350237629	
S1-272959641	
S1-790371416	
S1-110759687	
S1-567974158	
S1-750820941	
S1-312728195	
S1-598464407	
S1-384021349	S3-544692754,S3-573710959
S1-335448451	
S1-787062122	
S1-455528741	
S1-162915408	
S1-36340489	
S1-207411630	
S1-217588060	
S1-750269876	
S1-750809986	
S1-236539583	
S1-158085956	
S1-820143782	
S1-848725980	
S1-151144835	
S1-606101082	
S1-922763288	
S1-525910009	
S1-911454190	
S1-817555708	
S1-354959697	S2-78736548,S3-308403889,S2-555956154,S3-234208646
S1-643974493	
S1-441168324	
S1-720956803	S3-55906066,S3-46072887,S2-879869838
S1-883230273	
S1-721105559	
S1-80257819	
S1-164105080	
S1-468075759	
S1-941277539	
S1-166177760	S3-446569716,S2-218490425,S2-213949631,S3-372458186,S3-319741701
S1-864798570	
S1-106634123	
S1-315411266	S2-692760184,S3-763414109,S3-480864161
S1-967636539	
S1-592054873	
S1-663327865	
S1-73168475	
S1-205719324	S3-824146648,S2-984811332,S3-260973630,S2-622055196,S2-620275221,S3-275719694,S3-755823350
S1-973381155	
S1-269945996	
S1-650157112	
S1-144616959	
S1-424585998	
S1-147528513	
S1-827929034	
S1-656918020	
S1-982952305	
S1-560660986	
S1-973996415	
S1-360875181	
S1-960939560	
S1-574217960	
S1-115258827	S2-118915721,S3-200700091
S1-660904684	S3-551927624,S2-369409438,S3-112010905
S1-809850478	
S1-301301288	
S1-857718628	
S1-181996518	
S1-353401218	
S1-947498189	
S1-96741415	S3-211476962
S1-576111615	
S1-856366666	
S1-609744609	
S1-762973359	
S1-84454154	S2-251870746,S2-659407711,S3-272164996,S3-192455351,S2-187374351
S1-875906443	
S1-690165765	
S1-372678424	
S1-487328035	
S1-703420933	
S1-81313137	
S1-419530346	
S1-494953513	
S1-658113867	
S1-800756392	
S1-571351652	
S1-85203417	
S1-693389341	
S1-462666837	
S1-553649829	
S1-502257688	
S1-311543316	
S1-765202322	S2-164380703,S3-426615191
S1-985353616	
S1-298462760	
S1-622128316	
S1-410489820	
S1-931236704	
S1-424393724	
S1-260171510	
S1-844458096	
S1-695199148	
S1-801554025	S2-667619293,S3-196460945,S3-659801215
S1-261516812	
S1-700871458	
S1-765837899	
S1-171730624	
S1-634250713	
S1-145930250	S3-6786270
S1-43930843	
S1-6203726	
S1-619353301	
S1-907718048	
S1-147491505	
S1-451283349	
S1-91270927	
S1-120029721	
S1-669922318	
S1-831699592	
S1-349703014	
S1-246373320	
S1-425972526	
S1-868998896	
S1-962138197	
S1-834718775	
S1-22863491	
S1-946882236	
S1-989500343	
S1-83999560	
S1-388107390	
S1-855509392	
S1-581954611	
S1-226601508	S2-146797425
S1-992933576	
S1-988517598	
S1-886797971	
S1-969953648	
S1-886783544	
S1-409689491	S3-258345989,S3-511003933
S1-576711549	
S1-753513652	
S1-50894676	
S1-222158331	
S1-702839485	
S1-27164015	
S1-17200590	
S1-807459501	
S1-884004504	
S1-316381015	
S1-34133794	S2-104461877,S2-75536113,S2-133341201,S3-997329806,S3-620440654
S1-462836708	S3-140396127
S1-879104664	
S1-693824391	
S1-144391522	
S1-317853222	
S1-242640526	
S1-598127082	
S1-622705461	
S1-627982340	
S1-179878315	
S1-587815674	
S1-48468624	
S1-422580152	
S1-570837049	
S1-592689713	S2-730422122,S2-567783561,S2-240072049,S2-21788174,S3-95889079,S3-916606095,S3-662415240
S1-176194386	
S1-450779692	
S1-481696429	
S1-493748410	
S1-599898815	
S1-934916920	
S1-376627428	
S1-375673712	S3-732551471,S2-478269317
S1-793686108	
S1-279963049	
S1-300150294	
S1-643518510	
S1-878664525	
S1-69952960	
S1-552930489	
S1-920809802	
S1-838038830	
S1-702536216	
S1-194575610	
S1-753884386	
S1-85962871	
S1-414800915	
S1-700594705	
S1-488110079	
S1-54262220	
S1-143637511	
S1-314822990	
S1-781336382	
S1-638292045	
S1-284516450	
S1-384745967	
S1-415614457	
S1-814532800	
S1-728360952	
S1-873620768	
S1-640415938	
S1-882525659	S3-330390752,S3-502255453,S2-486143715
S1-672145797	S2-564785971
S1-914339838	
S1-237298668	
S1-109833690	
S1-566024393	
S1-478678174	
S1-59683005	
S1-827674193	
S1-254283235	
S1-704587848	
S1-319135171	
S1-451587046	
S1-256437397	
S1-339984346	
S1-212726998	
S1-284781208	
S1-474238742	
S1-160697317	
S1-661008492	S2-179608488,S2-748921045,S2-467736257,S3-33553301
S1-456832356	
S1-120460594	
S1-840743051	
S1-615808173	
S1-162661524	
S1-732039279	
S1-487099073	
S1-582871630	
S1-165821673	
S1-797088569	
S1-892387893	
S1-594652071	S2-164334170,S2-692559988,S3-944330090
S1-998654100	
S1-856413842	
S1-213476436	
S1-392734693	
S1-197321226	
S1-632423340	
S1-11586688	
S1-578838558	
S1-253229514	
S1-179187000	
S1-470491777	
S1-854528462	
S1-577060457	
S1-868837587	
S1-937531432	
S1-295516986	S3-93509009,S3-59646878,S3-897712242
S1-694182133	
S1-922659438	
S1-826579087	
S1-398786075	
S1-424622580	S2-178085006
S1-998485431	
S1-901556007	
S1-194367872	
S1-634531466	
S1-622583375	
S1-351916067	
S1-107596962	
S1-189760059	
S1-682742140	
S1-144894345	
S1-117718921	
S1-648037983	
S1-551073253	
S1-319712543	
S1-759980470	
S1-688011487	
S1-30858414	
S1-36725177	
S1-640570704	
S1-873775600	
S1-989660360	
S1-258083196	
S1-384288104	
S1-616158497	
S1-300003537	
S1-601249893	
S1-364324451	
S1-42097937	
S1-467938385	
S1-60506259	
S1-189146747	
S1-56776284	
S1-227748745	
S1-957859801	
S1-876809817	
S1-42123921	
S1-119204641	
S1-637770094	S2-219493002
S1-540910123	
S1-102539308	
S1-297881306	
S1-86899898	
S1-893723763	
S1-516062295	
S1-517112900	
S1-662462863	
S1-676049229	
S1-966562259	
S1-943002307	
S1-850466394	
S1-37742064	
S1-874186187	
S1-691258462	
S1-113116747	
S1-518442649	
S1-306550793	
S1-607926121	
S1-597413338	
S1-827704157	
S1-522089067	
S1-61484286	
S1-326686084	
S1-792843258	
S1-9139280	
S1-400086161	
S1-169745768	
S1-377473760	S2-177315143,S2-242393404,S2-992447230
S1-743443540	
S1-22787965	
S1-359225233	
S1-781841522	
S1-520192572	
S1-433322280	
S1-923974617	S2-331400704,S3-252174683
S1-860619086	
S1-838479227	
S1-289725508	
S1-465801608	
S1-141905482	
S1-3988382	
S1-357379595	
S1-908903511	
S1-456365690	
S1-614538636	
S1-321406398	
S1-721883039	
S1-868190552	
S1-708050947	
S1-387084627	
S1-617168446	
S1-845490846	
S1-634825884	
S1-87539810	
S1-602171727	
S1-295352481	
S1-411904511	
S1-748018861	
S1-308042041	S3-622513968,S3-360647769
S1-340740905	
S1-879522210	S3-497521203,S3-953882533,S2-938214917,S3-861698414,S2-613067747
S1-874941604	
S1-470334399	
S1-513254006	
S1-368389223	
S1-592025609	
S1-944606175	S2-333796221,S2-459886796,S3-260233023
S1-572736462	
S1-36319959	S2-133983183,S2-727657697
S1-941060095	
S1-926643994	S3-537386571,S2-895041505
S1-746103267	
S1-85449419	
S1-59304689	
S1-856602787	
S1-572683904	
S1-566971654	S2-634050588,S2-280929909,S3-4669953,S2-629071355
S1-875368283	
S1-703545153	
S1-584642015	
S1-108966234	
S1-810108459	
S1-28971653	
S1-533016925	
S1-991414124	
S1-839831299	
S1-305281102	
S1-593657183	S3-222149404,S3-9275510
S1-1139408	
S1-98259614	S3-718588650,S2-323888767,S3-119556011,S2-229167486
S1-11198532	
S1-381458185	
S1-290368237	
S1-963383138	
S1-986702991	S3-849072089,S2-257953011
S1-572625827	
S1-411354535	
S1-514396918	
S1-901555211	
S1-4922547	
S1-592162925	
S1-639767480	
S1-124685405	
S1-803844925	
S1-24292003	
S1-758752484	S3-646600582
S1-282192452	S2-944492127,S3-610937371,S3-728614781,S3-257856796,S2-283691706
S1-522178550	S3-451574332,S2-293573599
S1-146743499	
S1-881927638	
S1-808190886	
S1-816503322	
S1-686739790	S3-668007859
S1-326206334	
S1-817703731	
S1-726988392	
S1-331563938	
S1-729223057	
S1-271603485	
S1-605906184	S2-348930564
S1-208520642	
S1-186901497	
S1-649219236	
S1-621075768	
S1-761965505	
S1-697728285	
S1-14446161	
S1-796842209	
S1-57235358	
S1-57784438	
S1-480522703	
S1-49354185	S2-575927323
S1-806497975	
S1-319314648	
S1-316234564	
S1-424526920	S2-163790386,S3-837527234
S1-887077635	
S1-688725550	
S1-280831553	
S1-625229086	
S1-903830077	
S1-517364560	
S1-468204863	
S1-644889251	
S1-112447030	
S1-269225864	
S1-884116569	
S1-388801777	
S1-46943310	
S1-879272422	
S1-408713557	
S1-643024884	
S1-394309426	
S1-51149274	
S1-72496975	
S1-78364716	
S1-452714442	
S1-604606356	
S1-875089367	
S1-970207899	
S1-175113080	
S1-862275655	
S1-742636684	
S1-220444504	
S1-985685139	
S1-905746079	
S1-313570881	
S1-833613051	
S1-958668681	
S1-380980825	
S1-550860048	
S1-175476628	
S1-927440532	
S1-995792398	
S1-599636191	
S1-126083898	
S1-111822976	
S1-885101561	
S1-806968166	
S1-451387416	
S1-245694638	
S1-613289911	
S1-75569448	
S1-574053653	
S1-948971124	S3-134663745
S1-809232430	S3-594459743,S3-528232694,S2-12629866,S3-793427087
S1-600314164	
S1-316056178	
S1-770679359	
S1-636381382	
S1-420921371	
S1-275418508	
S1-460383666	
S1-478521398	
S1-582147667	
S1-779321935	
S1-747183412	
S1-35747416	
S1-990235790	
S1-880120898	
S1-664954218	
S1-573227039	
S1-612778905	
S1-451488846	
S1-89063228	
S1-513697716	S3-621157076,S2-527392751,S2-692141323
S1-153495462	
S1-635410741	
S1-281525937	
S1-351351487	
S1-362114764	
S1-912968883	S2-891939179,S2-295812295,S3-618718123,S2-964610392,S2-196668897,S2-762056283
S1-358824653	S3-59286137
S1-697390895	
S1-73634707	
S1-407763555	
S1-922296379	
S1-281831175	
S1-930566027	
S1-237745410	
S1-156493348	
S1-16463307	
S1-93902448	
S1-430490711	
S1-367471076	
S1-365100238	
S1-816124055	
S1-825753309	
S1-110496364	
S1-890753625	
S1-482671822	
S1-986120181	
S1-5787560	
S1-364335336	S2-988662471,S3-13744368
S1-746882363	
S1-168408790	
S1-164102246	
S1-472219635	
S1-698977572	
S1-979335112	
S1-407968062	
S1-284312896	
S1-481732456	
S1-706315041	
S1-996390808	S2-956657187,S3-943042112,S3-303151642
S1-343120688	
S1-382874998	S2-582834495,S3-460650596
S1-693600631	
S1-735798903	
S1-852145137	
S1-572764457	
S1-45618907	S3-504485116,S3-606268982,S2-562719193,S3-888487800,S2-176419046
S1-34766733	
S1-197343028	
S1-172837338	
S1-752779933	
S1-433722623	
S1-803568627	
S1-807488484	
S1-348345949	
S1-408705301	
S1-150349931	
S1-533395067	
S1-589892133	
S1-307889949	
S1-202737210	
S1-294785393	
S1-149222539	S2-741368532
S1-701772420	
S1-509135843	
S1-411923414	
S1-930905789	
S1-696363017	
S1-948429848	
S1-683798914	
S1-959079787	
S1-944500318	
S1-311452451	
S1-314172346	
S1-203233895	
S1-458312102	
S1-523975283	
S1-775132598	
S1-966688828	
S1-799035976	
S1-577515077	
S1-268105500	
S1-333449247	
S1-531346304	
S1-216988711	
S1-792063186	
S1-188905351	
S1-380565090	
S1-505673310	
S1-72483440	
S1-142467470	
S1-634621721	
S1-203664594	
S1-243240760	
S1-526684053	
S1-314263708	
S1-103283858	
S1-824563473	
S1-175540652	
S1-986115214	
S1-989256963	
S1-68894842	
S1-818257431	
S1-205908021	
S1-696350559	
S1-987511511	
S1-190482786	
S1-270971325	
S1-922452887	
S1-916642103	S3-424515120
S1-375123185	
S1-791382391	S2-327551154,S2-814360240
S1-370370640	S2-877496749
S1-636078781	S3-999381845,S3-404983749,S3-714011723,S2-708706261,S2-231898642
S1-133036769	
S1-995352688	
S1-418953791	
S1-235521059	
S1-399697863	
S1-535249836	
S1-727343864	
S1-962136512	
S1-257552083	
S1-409568084	
S1-998108675	
S1-48760025	S3-693364556,S2-760971211,S3-927785780
S1-651454980	
S1-316758188	
S1-738841152	
S1-372886254	
S1-942184944	S3-235358823,S2-576388188
S1-728962007	
S1-112636519	
S1-612434823	
S1-161731315	
S1-934837822	
S1-269642797	
S1-792969831	
S1-757333565	
S1-400051804	
S1-979173492	
S1-428619041	
S1-361401194	
S1-600936726	
S1-335612855	
S1-121586021	S3-838653513
S1-650288292	
S1-639020078	
S1-509139589	
S1-558968084	
S1-934964462	
S1-782475548	
S1-938157230	S3-682014565,S2-104626613,S3-322792708
S1-896683607	
S1-641571482	
S1-474612301	
S1-334509726	
S1-94854363	
S1-147502226	
S1-738147217	
S1-757240654	
S1-538858805	S3-170412199,S3-390027945,S2-153326292
S1-777828135	
S1-504400692	S2-211759420
S1-833269260	
S1-234293377	
S1-116289362	
S1-427987044	
S1-31336613	
S1-539834625	
S1-418793403	
S1-160679099	
S1-963082885	
S1-372505327	
S1-542825999	
S1-32049764	
S1-121688036	
S1-770568089	
S1-706030866	
S1-996452030	
S1-877069340	
S1-540762144	
S1-847167136	
S1-469110428	
S1-598131648	
S1-762296157	
S1-577912711	S3-640393872
S1-326982303	
S1-125490794	S2-432785090
S1-852414574	
S1-29928526	
S1-564734304	
S1-102730290	
S1-215354145	
S1-919169930	
S1-879738918	
S1-140011689	
S1-905554589	
S1-808048399	
S1-28212398	
S1-206965113	
S1-189836149	
S1-50275474	
S1-513834239	
S1-113140102	S3-785856290
S1-834821795	S2-894765413,S2-368962949,S3-667847518
S1-125624867	
S1-172752613	
S1-647007116	
S1-468795772	
S1-400296507	
S1-954604851	S2-122389703,S3-738386627
S1-672884893	
S1-199573737	
S1-371667669	
S1-131712176	
S1-423833255	
S1-804123234	
S1-928874038	S3-441294484,S2-456581175,S2-990573893
S1-551903368	
S1-478567752	
S1-436431367	
S1-123866547	S2-812772034
S1-962541998	
S1-625539344	
S1-688579770	
S1-356182836	
S1-426680882	
S1-677134922	
S1-596119189	
S1-304806502	
S1-984376515	
S1-684520230	
S1-918287326	
S1-440215630	
S1-372677974	
S1-810351758	
S1-382399317	
S1-845355292	
S1-651285590	
S1-137025335	
S1-292189304	
S1-118585747	
S1-357548338	
S1-964608861	
S1-266605342	
S1-781267109	
S1-68140232	
S1-503101102	
S1-798546106	
S1-443185257	
S1-541486132	
S1-685312689	
S1-454681586	
S1-41187520	
S1-278063285	S2-405220066,S2-529375633,S3-302430610
S1-678953378	
S1-581494932	
S1-703199081	
S1-111143473	
S1-479066271	
S1-122771698	
S1-390796822	S3-748299867
S1-881621299	
S1-845094461	
S1-319237931	
S1-115488792	
S1-613968337	
S1-729828996	
S1-232936892	
S1-330859049	
S1-721045986	
S1-75503084	
S1-697475079	
S1-328121213	
S1-798655306	
S1-777826959	
S1-973989862	
S1-648514847	
S1-380894290	
S1-609804289	
S1-277417151	
S1-796718858	
S1-834709845	
S1-635277760	
S1-159883405	
S1-338578788	
S1-352336167	S2-530377489,S3-793693342,S3-699970103
S1-127641073	
S1-301026637	S3-529529619
S1-951067337	
S1-440699813	
S1-479811674	
S1-627161493	
S1-692868151	
S1-882236997	
S1-40090540	
S1-830831833	
S1-755769174	
S1-324748471	
S1-572420014	
S1-245154239	
S1-333946594	S2-534153477,S3-422572284,S3-352789803,S3-334094958
S1-98004544	S2-458120623,S2-83059748,S2-99755528,S3-816264586
S1-425352415	
S1-585360151	
S1-2106671	
S1-529482388	
S1-538903830	
S1-775833456	
S1-251953706	
S1-583158899	
S1-274498314	
S1-63564152	
S1-17371412	
S1-410013314	
S1-75009675	
S1-446507004	S3-907071972,S2-527339531,S3-262460572,S3-214191875,S2-346501746
S1-697693329	
S1-16018664	
S1-331176627	
S1-522531135	
S1-392418457	
S1-542980397	
S1-815307348	S3-885258639,S2-71840429,S3-234311938,S3-835584153
S1-229801334	
S1-144357468	
S1-990716146	
S1-878885428	
S1-489334448	
S1-507399611	
S1-179835649	
S1-82077093	
S1-710650192	S3-704840763,S2-866331076
S1-829291976	
S1-393137715	S3-255109089,S2-671143994,S2-884413242,S2-110227763
S1-535795408	
S1-812478501	
S1-137566475	
S1-467216757	
S1-279211495	
S1-448011005	S3-162204852
S1-995958403	
S1-472590500	S3-762859266,S3-690104615
S1-778971244	
S1-341440165	
S1-396551100	S2-705664165,S2-422886903
S1-221993270	
S1-906553333	
S1-556521959	
S1-734388191	
S1-758289725	
S1-99320443	
S1-974564298	S3-38956772,S2-861260347
S1-764141518	
S1-297621618	
S1-484769730	
S1-42143043	
S1-907787728	
S1-62527421	
S1-598287372	
S1-645691902	
S1-751862961	
S1-848015478	S2-430771222
S1-638101544	
S1-394650371	
S1-198853433	S3-744941955,S3-194689896
S1-565097441	
S1-229360034	
S1-285521508	
S1-923701609	
S1-627397885	
S1-928608525	
S1-931625400	
S1-27694039	
S1-337450152	
S1-606269938	
S1-749210977	
S1-256973779	
S1-364021440	
S1-603828995	
S1-251620738	
S1-999697894	
S1-429632208	
S1-815771805	
S1-517593295	
S1-479764577	
S1-685714641	
S1-796070257	
S1-488641335	
S1-317394458	
S1-797337506	
S1-87358949	
S1-317146892	
S1-379687871	
S1-749692486	S3-125505962
S1-232026124	
S1-987469204	
S1-425010164	S3-375502630,S2-930976109
S1-764569116	
S1-800181010	
S1-96598602	
S1-583068859	
S1-590511171	
S1-398781456	
S1-878424243	
S1-314127495	
S1-304418037	S3-267785324
S1-333322108	
S1-318884756	
S1-372447708	
S1-387307987	
S1-202075944	
S1-237442617	
S1-536983591	
S1-111306213	
S1-988349613	
S1-501284762	S2-984795016,S2-15105614,S3-526379018
S1-342385531	
S1-307346116	
S1-62433469	
S1-168621603	
S1-654706493	S2-272324110,S3-7705654
S1-967231295	
S1-159451953	
S1-953181297	
S1-840820306	
S1-986832215	
S1-638210705	
S1-442331688	
S1-452417487	
S1-308753451	
S1-587370382	
S1-565468332	S2-591310535
S1-131893159	
S1-180635663	
S1-140823923	
S1-441466654	
S1-539569375	
S1-176710533	
S1-611134190	
S1-334222600	
S1-89118352	
S1-641449643	
S1-207850160	
S1-313939037	
S1-377014868	
S1-948769373	
S1-483609898	
S1-330971210	
S1-167663425	
S1-822101972	
S1-590976736	
S1-780751012	
S1-230207172	
S1-439921573	
S1-396624773	
S1-192653489	
S1-182313768	
S1-834668512	
S1-438960618	
S1-518798652	
S1-469851655	
S1-351784237	
S1-126873389	
S1-290456882	
S1-233793619	S2-961309581,S3-962847663
S1-137713331	
S1-712455599	
S1-615400045	
S1-849769499	
S1-930741566	
S1-662416413	
S1-272155663	
S1-638289336	
S1-983558693	
S1-637175780	
S1-601898071	S3-242331124
S1-532424979	
S1-853288386	
S1-775997087	
S1-822213151	
S1-255527877	
S1-8978262	
S1-783414036	
S1-219067873	
S1-276002886	
S1-356686243	
S1-480829874	S3-860123604,S2-331864940,S3-422302862
S1-119284889	
S1-393785726	
S1-894412749	
S1-716327224	
S1-518391325	
S1-469665067	
S1-224322079	
S1-992040843	
S1-363838167	
S1-496215500	
S1-912423733	
S1-603191639	
S1-552875404	
S1-558043454	
S1-725821779	
S1-200425754	
S1-348829764	
S1-797969354	
S1-757563809	
S1-288980259	
S1-161904798	
S1-119783823	
S1-425884313	
S1-301284312	
S1-158282953	
S1-868895479	
S1-79298291	
S1-442764813	
S1-23686105	
S1-278004437	
S1-562335232	
S1-634786727	
S1-377195498	
S1-430472854	
S1-776525637	
S1-830985329	
S1-782312581	
S1-358534597	
S1-482428079	
S1-725428771	
S1-289459147	
S1-532865021	
S1-345173367	
S1-648930796	
S1-490838749	
S1-499854854	
S1-442923516	
S1-460227481	
S1-408657362	
S1-671877290	
S1-895266962	
S1-356234004	
S1-963107038	
S1-580991352	
S1-228043964	
S1-804497003	
S1-845962410	
S1-547741249	
S1-672421058	
S1-642152257	
S1-325414259	
S1-436847068	
S1-858086134	
S1-663737647	
S1-817825557	
S1-17863832	
S1-513303904	
S1-927658518	S2-333923152
S1-171606757	
S1-760230753	
S1-855102584	
S1-916738064	
S1-405352889	
S1-235483578	
S1-787036265	
S1-997358088	
S1-528753223	
S1-308737500	
S1-833673416	
S1-859391813	
S1-454060981	
S1-490787013	S3-614784303,S2-895209822,S2-328764902,S2-400452562
S1-150666930	
S1-445895176	
S1-374566728	
S1-55783681	
S1-147617525	
S1-353627516	
S1-392009159	
S1-652007317	
S1-395856882	
S1-516472694	
S1-316738627	
S1-660419525	S3-836459122,S3-495355948,S2-474570507
S1-952991996	
S1-236869477	
S1-190259650	
S1-690874163	S2-286270481,S3-958518145
S1-378119509	
S1-182440458	
S1-523242679	S2-219895458,S2-820157999,S2-315181704,S3-539622443,S3-349155443,S3-685820638
S1-812919077	
S1-311897823	
S1-893558427	
S1-37984602	
S1-583226754	
S1-536411867	
S1-497551811	
S1-699961455	S2-230278730,S3-480252402,S2-670207284,S3-297216046
S1-169878946	S2-131607148,S2-32155411
S1-340583420	
S1-875525057	
S1-379670597	
S1-354831598	
S1-891356991	
S1-261700940	
S1-157829353	
S1-927249070	
S1-979879429	
S1-745557511	
S1-346959431	
S1-656422022	
S1-390428510	
S1-774392265	
S1-413283498	
S1-637932465	
S1-263629816	
S1-445316640	
S1-835505528	
S1-164081866	S3-893158330,S2-148749882
S1-44643710	
S1-140467714	
S1-88847491	
S1-731917801	S3-297797341,S3-675319114,S3-420191777
S1-328046969	
S1-508330520	S3-423839385,S3-26134280,S2-986544214
S1-2994642	
S1-876287594	
S1-998835748	
S1-182023619	
S1-39305847	
S1-308437406	
S1-967294867	
S1-540881292	
S1-822175719	
S1-44012628	
S1-439244693	
S1-966118700	
S1-332094383	
S1-250930357	
S1-961833761	
S1-944744402	
S1-788481229	
S1-645405975	
S1-645806941	
S1-393180742	
S1-286541770	
S1-602706958	
S1-706441905	
S1-357669682	S2-626265700,S3-990064652,S3-249775249,S2-930142146
S1-990176784	
S1-88577060	
S1-965462970	
S1-269730765	
S1-74166748	S2-882489398
S1-29054271	
S1-871649629	
S1-957002488	
S1-257569492	
S1-494987488	
S1-504736197	
S1-719944967	
S1-889423033	
S1-316229965	
S1-61845430	
S1-343140708	
S1-50129599	S2-425410432,S3-720800802,S3-453672135,S3-424824571
S1-25215278	
S1-238994493	
S1-515443391	
S1-242442064	S2-403263243,S3-94792027
S1-247254937	
S1-945771091	
S1-644146055	
S1-59387557	
S1-11058985	
S1-411519232	S2-90578682,S2-393506582
S1-925601963	
S1-209225114	
S1-180700949	
S1-936165122	
S1-711449822	
S1-823631698	S3-844495165,S3-267351571,S2-863860806
S1-84087090	
S1-809629884	
S1-586526023	
S1-325929739	
S1-430248379	S3-730672147,S3-779711281
S1-387439146	
S1-30550253	
S1-933330445	
S1-336771812	
S1-454646890	
S1-541406817	
S1-410684741	
S1-155601062	
S1-404997856	
S1-145398623	
S1-293065326	
S1-642334198	
S1-149323277	
S1-757968456	
S1-128472276	
S1-376225068	
S1-42342267	
S1-524492095	
S1-251278741	
S1-37498353	
S1-932102645	S2-1498472,S3-466752837
S1-482683720	
S1-866413810	
S1-862894808	S2-462851941,S3-309566543,S2-34917046
S1-499552831	
S1-839817069	
S1-791351792	
S1-134316565	
S1-383722873	
S1-47344615	
S1-881479463	
S1-587071783	
S1-622853869	
S1-661083244	
S1-990814019	
S1-942016723	
S1-574934245	
S1-644279989	
S1-24580279	
S1-443549544	
S1-650116321	
S1-919618960	
S1-602300875	
S1-611280061	
S1-794641226	
S1-767026446	
S1-576595287	
S1-87139069	
S1-525844152	
S1-16655440	
S1-345482323	S3-877248143,S3-232098893
S1-139506300	S2-236290487,S2-141892187,S2-980706254,S3-770109033
S1-720154116	
S1-316717637	
S1-970429195	
S1-66220874	
S1-20888753	
S1-149830067	
S1-508862244	
S1-50268509	
S1-956699100	
S1-58500965	
S1-253622096	
S1-208526755	
S1-599600326	
S1-312310065	
S1-615710532	
S1-415565417	
S1-581800918	
S1-670097241	
S1-638864498	S2-810028394,S2-828009914
S1-633726257	
S1-296418845	
S1-594337704	
S1-248173578	
S1-435505032	
S1-46431347	
S1-421625573	
S1-719360392	
S1-315042220	
S1-180421054	
S1-70515216	
S1-632180164	
S1-111343921	
S1-178719440	
S1-636882734	
S1-780812908	
S1-882738333	
S1-127620878	
S1-649703482	
S1-622223915	
S1-764719672	
S1-914213662	
S1-425772647	
S1-279826814	
S1-915218046	
S1-560638808	
S1-921561489	
S1-596255247	
S1-525452209	
S1-259061077	
S1-552077915	
S1-288430877	
S1-989448302	
S1-901748363	
S1-478042878	
S1-765332830	
S1-395563317	
S1-30722127	S2-300904983,S2-697465477,S2-179320875,S3-423949179,S2-232692209
S1-694666495	
S1-564654516	
S1-866817548	
S1-794616121	
S1-90582477	
S1-902021505	
S1-766690450	S3-561191609,S3-332329611,S2-641065283,S2-396667393
S1-670129686	
S1-244511761	
S1-162825899	
S1-21377209	
S1-583097336	
S1-231372276	S2-435994433,S3-796622367
S1-957030749	
S1-580568938	
S1-791668499	
S1-75503355	
S1-930871221	
S1-184944028	
S1-132117010	
S1-275720851	
S1-890140888	
S1-524574059	
S1-336325353	
S1-520565065	
S1-12299291	
S1-52563845	
S1-953892077	
S1-798783873	S3-549420957,S2-951220757,S3-524668753,S2-459938298
S1-748846554	
S1-824253546	
S1-603216049	
S1-577425003	
S1-437285075	
S1-247570434	
S1-834669406	
S1-745161472	
S1-289911167	
S1-784086182	
S1-168384972	
S1-878805290	
S1-320744501	
S1-32833269	
S1-456038488	
S1-911158884	
S1-852746432	
S1-75444	
S1-50948682	
S1-847959573	
S1-218585194	
S1-830344476	
S1-427946559	
S1-942755962	
S1-450902213	
S1-763694253	
S1-930726787	S3-17066244
S1-784001303	
S1-437162726	
S1-999333718	
S1-367500192	
S1-24631071	
S1-455585540	
S1-401638969	
S1-367165313	
S1-231834126	
S1-186153401	
S1-919536057	
S1-635004397	S3-460977140,S3-502165989,S2-6090837
S1-155597662	
S1-616932917	S2-251446524
S1-731554576	
S1-368315700	
S1-300445777	
S1-625628532	
S1-262201247	
S1-727998346	
S1-15268273	
S1-586309777	S2-573331560
S1-860007632	
S1-779729140	
S1-443054019	
S1-6791258	
S1-783209264	S2-134279745,S2-829722606,S3-490100241
S1-752901012	
S1-638201171	
S1-603121476	
S1-225722002	
S1-524598258	
S1-964963818	
S1-735760443	
S1-857029991	
S1-160777270	
S1-102123712	
S1-216140582	
S1-410404563	
S1-69868837	
S1-516845722	
S1-625796596	
S1-89268284	
S1-520249078	
S1-412595757	
S1-271391091	
S1-672383297	
S1-158173126	
S1-846208528	
S1-845551087	
S1-379805313	
S1-85651796	
S1-634652636	S3-710099372,S3-954720542,S2-227476078,S2-613890382,S3-257277907
S1-633195828	
S1-582064203	
S1-842867259	
S1-255726938	
S1-618894368	
S1-367114588	
S1-309050329	
S1-449421702	
S1-919520844	
S1-670905561	
S1-964931596	
S1-35154485	
S1-927245034	
S1-455312625	S3-278745285
S1-11005970	
S1-777383993	
S1-720792336	
S1-943155701	
S1-980988877	
S1-631563158	
S1-523810619	
S1-666373122	
S1-32534662	
S1-332842061	
S1-795502664	
S1-954188939	
S1-243570169	
S1-483864786	
S1-245519179	
S1-309882145	
S1-465079906	
S1-367804292	
S1-257051324	
S1-557307002	
S1-831494450	
S1-300854306	
S1-22410489	
S1-927162160	
S1-939045632	
S1-570920693	
S1-465260631	
S1-712048414	
S1-976362989	
S1-939744581	
S1-539362253	
S1-502665025	
S1-648317754	
S1-524719550	
S1-873159298	S3-215539490
S1-522278461	
S1-768282666	
S1-771316211	
S1-634762471	
S1-20021223	
S1-842235709	
S1-533681733	
S1-239431757	
S1-673148202	
S1-425428094	
S1-294550173	
S1-350270893	
S1-768120725	
S1-314154935	
S1-976731760	
S1-244429052	
S1-793258433	
S1-131353725	
S1-959515512	
S1-216983795	
S1-83399881	
S1-992188872	S3-413184355,S2-854298572,S2-342455654
S1-21556608	
S1-521888763	
S1-106642798	
S1-902535440	
S1-830376162	
S1-145983605	
S1-7938981	
S1-958657519	
S1-870594590	
S1-655642792	
S1-919603510	
S1-115126196	
S1-214742734	S3-893442951,S3-564187370,S3-612831818
S1-877434079	
S1-235868610	
S1-289692975	
S1-650842091	
S1-845189914	
S1-274333054	
S1-183709540	
S1-489810413	
S1-44119323	
S1-221108130	
S1-303461500	
S1-478929842	
S1-524367142	
S1-200125254	
S1-962006229	
S1-581755836	
S1-501646917	
S1-859830922	
S1-550971516	
S1-899788840	
S1-589638923	
S1-294893961	
S1-581548034	
S1-895150939	
S1-599631137	
S1-694129574	
S1-928124497	
S1-959047130	
S1-341266449	
S1-572076439	
S1-605034187	
S1-699367151	
S1-424264479	
S1-698072806	
S1-606174448	
S1-175758690	
S1-839681892	
S1-994195561	
S1-521758311	
S1-799754103	
S1-213873095	
S1-539113606	
S1-992592221	
S1-736002853	
S1-661734331	
S1-393995614	
S1-690482221	S2-293644162,S2-542502946,S3-684704998
S1-420336356	
S1-771128789	S3-458229090,S2-235574539,S2-324820725,S2-253004903,S3-484438606,S2-561508530,S2-818995651
S1-808439816	
S1-354409701	S3-451467743,S3-797618332,S3-825381335,S2-681076844
S1-431894541	
S1-459578672	
S1-238010750	
S1-947303561	
S1-755024686	S3-63815449,S2-740550674
S1-911864057	
S1-493848036	S3-397184127,S2-341394278,S2-196524481,S3-465222863
S1-438108340	
S1-304796938	
S1-50045933	S2-69920513,S3-315123162
S1-466252866	
S1-487693765	
S1-368711148	S2-260997946,S2-720173867,S2-996324369
S1-177663587	
S1-727032038	
S1-980581992	
S1-812390212	
S1-492886730	
S1-176712381	
S1-262841208	
S1-467496897	
S1-19588996	
S1-93320402	
S1-505502688	
S1-564464376	
S1-646963845	
S1-257972312	
S1-699472691	
S1-941269278	
S1-941385272	
S1-184562661	
S1-288658562	
S1-25254219	
S1-36619578	
S1-640530535	
S1-588216236	
S1-24876412	
S1-266930252	
S1-389265807	
S1-664002047	
S1-156257557	
S1-351735510	
S1-973896902	
S1-821253568	
S1-559293946	
S1-591313263	
S1-555258251	
S1-176372748	
S1-565583521	
S1-462984936	S2-738454668,S3-854949204
S1-317620285	S3-19941441,S2-912741836,S3-798230813,S3-673583462,S3-405330259,S2-391685700,S2-850455988
S1-944198591	
S1-683844613	
S1-968813944	
S1-702781219	
S1-586892756	
S1-454127660	
S1-959892373	
S1-572842867	
S1-680611762	
S1-868540007	S2-87218332,S2-66462551,S3-275062131,S3-131389958
S1-830282204	
S1-917052433	
S1-118378550	
S1-237890834	
S1-136463756	
S1-948930092	
S1-518310176	
S1-813150654	
S1-224484645	
S1-50722199	
S1-282716065	
S1-689682562	
S1-252550290	
S1-678689008	
S1-143789112	
S1-907110411	
S1-323001181	
S1-497375444	
S1-385274566	
S1-436047647	
S1-277588164	
S1-479713486	
S1-698573982	
S1-55521145	
S1-427225755	
S1-324129816	
S1-590256274	
S1-715237945	
S1-670287403	S2-425866614,S2-889663867,S2-261470192,S3-270836591
S1-231294704	S2-950206418,S3-399056127
S1-311288350	S3-411020661,S2-958353007,S2-65050840,S2-802880289
S1-497699777	
S1-357228160	
S1-593044482	S3-491674222,S3-422409823,S2-287923790
S1-88554128	
S1-550601758	
S1-324136140	
S1-216191190	
S1-783168674	
S1-520338362	
S1-566194809	
S1-68806761	
S1-604078035	
S1-85054675	
S1-37230566	
S1-725218038	
S1-731128198	
S1-86244691	S3-26812262,S2-851095466
S1-510717343	
S1-878734176	
S1-906584048	
S1-579319131	
S1-856041546	
S1-455113036	
S1-486757709	
S1-849604584	
S1-354900465	
S1-602922415	
S1-804350505	
S1-549013470	
S1-607502920	
S1-532726370	
S1-157927998	
S1-312193764	
S1-826108993	
S1-486041813	S3-477352467,S3-639645666,S2-162194948,S2-486182415,S2-631695951,S2-283404806
S1-830851203	
S1-633937223	S3-450930032,S3-269744068,S3-833111716
S1-908109695	
S1-633463116	
S1-216421166	
S1-145556503	
S1-804776101	
S1-378031966	S3-213295456,S3-918354002,S3-726551081
S1-838640687	
S1-191377084	
S1-476474673	
S1-482342848	
S1-690432275	
S1-953356450	
S1-283064121	
S1-515138796	
S1-182841104	S2-165468036,S2-335909398,S3-162116212
S1-180953986	
S1-787998090	
S1-893631604	
S1-571059818	
S1-947952903	
S1-962798343	
S1-863648633	
S1-69208200	
S1-748442931	
S1-385536869	
S1-442035992	
S1-602940822	
S1-589155786	
S1-46552932	
S1-292593300	
S1-763823676	
S1-988391533	
S1-732733970	
S1-368361779	
S1-982767100	
S1-897546196	
S1-822788309	S2-366250933,S3-455432217,S2-740433269
S1-108218935	
S1-522322075	
S1-358974511	
S1-915303077	
S1-620419895	
S1-39835720	
S1-656661291	
S1-508972786	
S1-396226909	
S1-585586979	
S1-257413446	
S1-27887608	
S1-985528045	
S1-645161211	
S1-74385651	
S1-476677762	
S1-667556795	
S1-429805827	
S1-631547982	
S1-851605021	
S1-490366492	
S1-847609646	
S1-19649475	
S1-732414299	
S1-564079692	
S1-575470457	
S1-719240129	
S1-84578609	
S1-685254736	
S1-735177777	
S1-503958794	
S1-703050299	
S1-409594505	
S1-81183891	
S1-696119435	
S1-774644826	
S1-857813497	
S1-85828136	
S1-221682985	
S1-169150655	
S1-190673886	
S1-863088763	
S1-293247408	S2-582495912,S3-416395392,S2-238257312
S1-759820185	
S1-613882016	
S1-956144681	
S1-726077599	
S1-434503203	
S1-190582709	
S1-838949048	
S1-579890859	
S1-89566666	
S1-815584855	
S1-752578032	
S1-272827331	
S1-605519381	
S1-870826773	
S1-189958457	
S1-333603986	
S1-579362902	
S1-928993793	
S1-818779463	
S1-200494661	
S1-124263193	
S1-477385234	
S1-163492839	
S1-888007574	
S1-891676475	
S1-930018844	
S1-689068970	
S1-47645405	
S1-691619566	
S1-222373157	
S1-650517580	
S1-687578965	
S1-892720007	
S1-367476188	
S1-144216076	
S1-902153973	
S1-993436040	
S1-465160107	
S1-925617816	
S1-730348473	
S1-514353745	
S1-769744921	
S1-512149451	S2-78090091,S2-343640748,S3-152154672
S1-191552667	
S1-604602526	
S1-50867870	
S1-993284326	
S1-778995812	S3-333816840,S3-946949551,S3-711878234
S1-183200241	
S1-948067689	
S1-967619045	
S1-562093161	
S1-71545218	
S1-573934645	
S1-439796880	
S1-511229660	
S1-311508798	
S1-36061371	
S1-916495492	
S1-423514606	
S1-289875317	
S1-361003543	
S1-518098098	
S1-186841314	
S1-944455269	
S1-578249246	
S1-194788834	
S1-279674518	
S1-282978928	
S1-56387139	
S1-506218637	
S1-898305366	
S1-466122999	
S1-402144234	
S1-180950013	
S1-697305088	
S1-906022310	
S1-6219666	
S1-422179027	
S1-526907134	
S1-908250257	
S1-163441988	
S1-628194410	
S1-471407914	
S1-25293651	
S1-132872164	
S1-411412365	S3-726714005,S2-294414476,S2-828407643
S1-40083172	
S1-724218620	
S1-886756931	
S1-620949632	
S1-157059002	
S1-559836578	
S1-975235677	
S1-429158882	
S1-347145333	
S1-276509962	
S1-475331982	
S1-701194641	
S1-456432308	
S1-323857992	
S1-809445753	
S1-114302397	
S1-898784625	
S1-174296864	
S1-327634363	
S1-277774342	
S1-560224451	
S1-693848270	
S1-254037927	
S1-207265253	
S1-538480016	
S1-329694468	
S1-847132343	
S1-715221797	
S1-619694021	
S1-267055217	
S1-381680609	S2-700450307,S2-456777351,S3-595221155,S2-589456061,S3-979030766
S1-102305189	
S1-897414757	
S1-353439450	
S1-896456599	
S1-192861763	S3-930519602,S3-903233896,S2-606404334,S2-733132225
S1-987022860	
S1-876177657	
S1-71469035	
S1-4654382	
S1-351577890	S2-848469814,S3-712713945,S3-908951982,S2-699996855,S3-824487860,S2-663826233
S1-64819565	
S1-918228037	
S1-117307354	
S1-218793385	
S1-861154284	
S1-860990724	
S1-824284219	
S1-578600267	S3-98865250
S1-41453799	
S1-274458336	
S1-395205359	
S1-568999820	
S1-164470858	
S1-129531874	
S1-138009993	
S1-861486693	
S1-378798610	
S1-475671413	
S1-407098756	
S1-532117704	
S1-591974173	
S1-272009402	
S1-683039123	S2-58460612,S3-472632279,S2-413532808,S3-958736542
S1-573617547	
S1-10045864	
S1-621805310	
S1-204423089	
S1-208158959	
S1-925682786	S2-972527887,S2-201477437,S2-690882412,S2-974944640
S1-862613494	
S1-903747161	
S1-762284007	
S1-328275109	
S1-96865716	
S1-1540298	
S1-439874313	
S1-504917689	S3-302310219,S3-908773897,S3-563133141,S2-365566659,S2-602642639
S1-477064602	S3-31627122,S2-375455110
S1-498575953	
S1-619954501	
S1-533757390	
S1-197066661	
S1-711971688	
S1-642967396	
S1-549033987	
S1-384012900	
S1-680293989	
S1-807065760	
S1-673291423	
S1-319807452	
S1-395345191	
S1-179442204	
S1-791782697	S2-357882880,S3-394364106
S1-131341173	
S1-620042749	
S1-878666594	
S1-617045030	
S1-781734664	
S1-298986603	
S1-293296818	
S1-276088648	
S1-936007063	
S1-317717978	
S1-453947252	
S1-772886321	
S1-976886276	
S1-534516381	
S1-283157599	
S1-50905678	
S1-438275699	
S1-101123676	
S1-738180057	
S1-567831225	
S1-989520130	
S1-172157434	
S1-441181665	
S1-993501749	
S1-882962791	
S1-749351677	
S1-736261080	
S1-231576704	
S1-794878927	S2-596899973
S1-914007066	
S1-619498270	
S1-201036024	
S1-244749509	S3-817620947,S3-166840396
S1-535516063	
S1-12831604	
S1-748625950	
S1-787415836	
S1-651672220	
S1-614049387	
S1-418656874	
S1-248900024	
S1-751660686	
S1-237543695	
S1-418016751	
S1-69069693	
S1-15998062	
S1-258121619	S2-572771104,S2-887783689,S3-434703639,S3-654852954,S2-569227864
S1-708806040	
S1-181101653	
S1-276660000	
S1-107214469	
S1-194807333	
S1-218584378	
S1-848195706	
S1-335903007	
S1-415314156	
S1-44721051	
S1-367421960	
S1-710278998	
S1-501554750	
S1-147181918	
S1-638473850	S3-213963160,S3-548802232
S1-184569783	
S1-698070804	
S1-326542680	
S1-282337731	
S1-508230574	
S1-739326068	
S1-750184108	
S1-301455429	
S1-362690074	
S1-798690072	
S1-760087828	
S1-618397069	
S1-242503432	
S1-422810096	
S1-18395284	
S1-347028945	
S1-257460460	
S1-667958687	
S1-733692025	
S1-9780371	S2-1661398,S2-780824007,S3-393041258
S1-31347045	
S1-296161277	
S1-225934729	
S1-962243324	S2-497607760,S3-38801365
S1-636932631	
S1-514595847	
S1-426127421	
S1-306784488	
S1-372117647	
S1-855385449	
S1-351022799	
S1-664543911	
S1-130018931	
S1-2071560	
S1-22103593	
S1-537278864	
S1-726398926	
S1-299399231	
S1-190535315	
S1-711490434	
S1-917130669	
S1-960922051	
S1-95663838	
S1-183025170	
S1-266544536	
S1-554487661	
S1-30958229	
S1-231964439	
S1-73138005	
S1-948131601	
S1-961771608	
S1-378610532	
S1-496437323	
S1-913455145	
S1-817321865	S2-220187537,S3-159030638
S1-85676933	
S1-938377982	
S1-292284717	
S1-712448338	
S1-258424772	
S1-892130010	
S1-740112235	
S1-154366306	
S1-940093331	
S1-746387593	
S1-61020546	
S1-764847309	
S1-184557767	
S1-370458240	
S1-223657233	
S1-78925738	
S1-118708818	
S1-964263229	
S1-128034765	
S1-765720484	
S1-665468033	
S1-12092300	
S1-674923755	
S1-373164430	
S1-803484280	
S1-113362437	
S1-658437848	
S1-30382340	
S1-154941603	
S1-710419609	
S1-840927589	
S1-902072822	
S1-281144602	S2-115381484,S2-478302290,S2-258890187,S2-836488506,S3-309134576
S1-271151142	
S1-926249324	
S1-497497518	
S1-414366933	S3-977637125
S1-63538577	S2-957017840
S1-689853170	
S1-402795097	
S1-988050319	
S1-544683907	
S1-544721381	
S1-352951940	
S1-584874020	
S1-614877751	
S1-619678992	
S1-766501892	
S1-86127786	S2-862025353,S2-190402606
S1-704392071	
S1-244723389	
S1-714009864	S2-244254231,S2-817634498
S1-767611081	
S1-604283423	
S1-464682697	
S1-105411969	S3-881995927,S2-181265229
S1-269224474	
S1-749249869	
S1-513710677	
S1-432806210	
S1-444558126	S3-146609205,S3-938696379
S1-168288918	
S1-842957651	
S1-290746038	
S1-936335189	
S1-459053726	S2-129323368,S2-523821523,S3-626912375
S1-156018359	
S1-438771165	
S1-22414066	
S1-960601961	
S1-447302134	
S1-223414746	
S1-699814329	
S1-728050158	
S1-818550607	S2-929358152,S3-476372754,S3-886841668
S1-69140101	
S1-38156941	
S1-953732935	
S1-788022765	
S1-812710390	
S1-507881166	S2-567889798,S3-597634107,S3-733956817
S1-379366656	
S1-133227359	
S1-359856795	
S1-579262609	
S1-664042991	
S1-191048605	
S1-704819074	
S1-425028293	
S1-217423954	
S1-629490870	
S1-969884531	
S1-441065294	
S1-886787274	
S1-575787218	
S1-528191710	
S1-382753151	S3-971347951
S1-682015870	
S1-358105699	
S1-497473459	
S1-280606807	
S1-676412222	
S1-184900655	
S1-338811833	S3-473450298,S3-543785102,S3-547537155
S1-313295455	
S1-306918698	
S1-503722750	
S1-295524488	
S1-154368687	
S1-798099446	S2-788619337,S2-84183300,S3-28282020
S1-354244057	
S1-656676118	
S1-450824571	S2-567263510,S3-678966558
S1-114004303	
S1-933315889	
S1-838631710	
S1-166322660	
S1-729676375	
S1-762989186	
S1-442838585	
S1-335657650	
S1-367130849	
S1-527655458	
S1-418525742	
S1-742533899	
S1-885461134	
S1-36689050	
S1-456299467	
S1-88528946	
S1-999395803	
S1-105037596	
S1-165304514	
S1-23921603	
S1-685411650	
S1-863322702	
S1-73299770	S3-841176088,S2-430794908,S2-848423977
S1-258283378	
S1-138424644	
S1-332742735	
S1-128049192	
S1-435599638	
S1-663330784	
S1-83823275	
S1-747146316	S2-460082052,S3-648397541
S1-711704121	
S1-943184357	
S1-980306526	
S1-567180266	
S1-817648355	
S1-854467932	
S1-981584872	
S1-571998355	
S1-613819701	
S1-30532704	
S1-641691605	
S1-943583110	S2-614580751,S2-289033134,S2-547802112,S3-959766520
S1-231764328	
S1-712266120	
S1-566166524	
S1-233978011	
S1-614005640	
S1-479558669	
S1-839219102	
S1-12904945	S3-292180154,S3-402545229,S2-254324696
S1-897006627	
S1-451544936	
S1-34266548	
S1-598498285	
S1-477441205	
S1-787185381	
S1-25760629	
S1-931485423	
S1-998748371	
S1-387870083	
S1-788856532	
S1-590083928	
S1-227470634	
S1-655909451	
S1-714673863	
S1-86406038	
S1-690838888	
S1-886008298	
S1-818140952	S2-191562351,S2-196517150,S3-497105222,S3-490464256
S1-715928160	
S1-480786832	S3-172265720,S2-4758996
S1-326834468	
S1-367464792	
S1-291242586	
S1-514259185	
S1-812614302	
S1-572086548	
S1-262410124	
S1-619498855	
S1-209870008	
S1-907147631	
S1-807978677	
S1-318300731	
S1-327824590	
S1-963266414	
S1-503571997	S3-629720724
S1-700732381	
S1-45541395	
S1-84848988	
S1-417036893	
S1-531922019	
S1-529363431	
S1-983927060	
S1-556738812	S3-287379795,S3-701804052
S1-549446136	
S1-953486252	
S1-825484689	
S1-351143456	S3-778158372,S2-982452525,S3-759328067
S1-855433805	
S1-164465985	
S1-771106690	
S1-142947254	S3-902972929
S1-37172388	
S1-474544089	
S1-643582804	
S1-490801545	S2-695071155,S3-74382685,S2-136686955
S1-673984744	
S1-511730328	
S1-830069853	
S1-916152044	
S1-602620209	
S1-816604814	
S1-62171262	
S1-135345924	
S1-832050174	
S1-843047897	
S1-795526939	
S1-916518916	
S1-358924361	
S1-673681398	
S1-216136182	
S1-86017869	
S1-177964259	
S1-133717606	
S1-524232706	
S1-112526361	
S1-425927014	
S1-865447901	
S1-607747982	
S1-291073258	
S1-394619513	
S1-503511973	
S1-291159657	
S1-843286702	S3-581412814,S3-854563132,S2-277897211
S1-381434501	
S1-196124805	
S1-428041252	S3-310191492,S3-941196980,S3-694625563,S3-357742383,S3-313720592
S1-477285411	
S1-934098958	
S1-261642914	
S1-382241824	
S1-243222196	
S1-378057703	
S1-601345385	
S1-263215243	S3-350342300,S3-387288382,S3-580334425,S2-512589069
S1-787317846	
S1-782408178	
S1-717646377	
S1-119941517	
S1-224128591	
S1-863081228	
S1-534935612	
S1-315204299	
S1-133022203	
S1-983107219	
S1-99025686	
S1-1934141	
S1-500160636	
S1-370061566	
S1-445912244	
S1-618696105	
S1-465066121	
S1-758004028	
S1-546839009	
S1-99156027	
S1-639120667	
S1-111014696	
S1-565510239	
S1-540964095	
S1-180881375	
S1-953467291	
S1-600356453	
S1-148060717	
S1-998348342	
S1-574540041	
S1-500432704	
S1-798867139	
S1-381307974	
S1-245965760	S2-522075249,S3-514745357,S3-291140200,S3-317405661
S1-649789821	
S1-697910039	
S1-482000700	
S1-373455168	
S1-43012601	
S1-894343940	
S1-325685394	
S1-229240857	
S1-124823545	
S1-413517327	S2-24496338,S3-238475411
S1-976042616	
S1-837797988	
S1-865549728	
S1-891768544	
S1-992502007	
S1-523929073	
S1-870375195	
S1-451602898	
S1-983994781	S2-160261431
S1-122294119	
S1-676892812	
S1-325577231	
S1-712029021	S2-76995061,S2-407256328,S2-385472310,S3-669399958
S1-916593347	
S1-275774384	
S1-25900514	
S1-828502461	
S1-303346434	
S1-290331757	
S1-788847708	
S1-471365502	
S1-152896439	S2-378446158,S2-783176260,S3-929764787
S1-153786826	
S1-555321717	
S1-580016813	
S1-886437671	
S1-546399251	
S1-507099339	
S1-626572203	
S1-57820904	
S1-885540521	
S1-413307652	
S1-831334435	
S1-456127235	
S1-815350787	
S1-149359717	S2-511549694,S3-297294957,S3-576042733
S1-349174766	S2-396344043,S3-155496030
S1-377833532	
S1-671981596	
S1-35849249	S2-551693730,S3-592424137,S2-460313381,S2-311360169
S1-795384380	S2-907142142,S2-330349157
S1-67862512	
S1-173846195	
S1-152873385	
S1-516457105	
S1-867163608	
S1-775301182	
S1-566752703	
S1-215296654	
S1-133603767	
S1-613344488	S2-204487960,S3-983864676
S1-192703065	
S1-831754734	
S1-718814268	
S1-150750700	
S1-467084093	
S1-621046324	
S1-743012951	
S1-666193260	
S1-119344640	
S1-594299530	
S1-795448604	
S1-116160320	
S1-690893388	
S1-438931700	
S1-945784062	
S1-333858507	
S1-576147674	
S1-660595232	
S1-852765706	
S1-48695661	
S1-16690909	
S1-277174304	
S1-380822298	
S1-469511631	
S1-187458200	
S1-313538236	
S1-168546072	
S1-705674229	
S1-367285367	S2-344396103,S2-989826178,S3-409853597,S3-144224052,S2-576141869
S1-47727052	
S1-16557837	
S1-455190155	
S1-227178367	
S1-561550342	
S1-398415740	
S1-471936867	S3-387179404
S1-404293553	
S1-910098984	
S1-559576919	S3-517242476,S2-157704961
S1-882976406	
S1-996904576	S3-680608016,S3-815713696,S2-230416538
S1-343732145	
S1-33457665	
S1-595697146	
S1-915402794	
S1-379562176	
S1-106691856	
S1-595089479	
S1-249769040	
S1-674554920	
S1-286084134	
S1-752504972	
S1-645566059	
S1-603019872	
S1-222908811	
S1-434164590	
S1-143220331	
S1-375678069	
S1-530660052	
S1-888794199	
S1-819632463	
S1-710912446	
S1-556856073	
S1-284001101	
S1-323891307	
S1-407903918	
S1-421816327	
S1-210594508	
S1-583358084	
S1-277789268	
S1-281360997	
S1-643873307	
S1-676919993	
S1-906581512	S3-488133514,S3-999056378,S3-898608261
S1-631198363	
S1-25775535	S2-766568343,S3-810589291,S3-704742743,S2-955760939
S1-134421009	
S1-22907686	
S1-759104032	
S1-370764618	
S1-814759411	
S1-564613815	
S1-960313818	
S1-390207015	
S1-500146496	
S1-855223877	
S1-671467544	
S1-422207359	S3-451280807
S1-150927035	
S1-998344888	S3-778288361,S3-777789809,S2-846104487
S1-941877424	
S1-557314963	
S1-910529199	
S1-72989746	
S1-689735039	
S1-995595686	
S1-633085959	
S1-321082966	
S1-804426035	
S1-24219535	
S1-369522770	
S1-891690245	
S1-849725204	
S1-471625789	
S1-664133520	S2-389017722,S3-260651270,S2-917620380,S2-523022303,S3-793871178
S1-970333931	
S1-942627098	
S1-328956861	
S1-851556364	
S1-802545478	
S1-680374386	
S1-410676274	S2-983196079,S3-71480820,S2-157930183
S1-47378695	
S1-873648213	
S1-933321133	
S1-633782067	
S1-645535519	
S1-786746558	
S1-230535043	
S1-117982383	
S1-72775201	
S1-86075825	
S1-353677639	
S1-568910734	
S1-101793604	
S1-641947345	
S1-480259010	
S1-351474096	
S1-245098736	
S1-71300620	
S1-980698080	
S1-234834700	S3-143350818,S2-222228192
S1-616477839	
S1-6671004	
S1-528392941	
S1-614104403	
S1-880565083	
S1-622255208	
S1-772415748	
S1-761266426	S3-611559150,S3-891284581
S1-191542453	S2-379842433,S2-235800552,S3-194146221
S1-581690196	
S1-183823944	S2-33102139,S2-691368088,S3-465983182
S1-75206720	
S1-910939077	
S1-296354734	
S1-767935199	
S1-854538360	
S1-965597574	
S1-733621837	
S1-252952879	
S1-139728355	
S1-771892637	
S1-119398834	
S1-570246518	
S1-384102714	
S1-302293252	
S1-581405240	
S1-859242040	
S1-230217694	
S1-970630522	
S1-307837236	
S1-786841510	
S1-630778236	
S1-27528968	
S1-639140335	
S1-354304058	S3-555170476,S2-528385087,S3-88708448,S2-130984633,S3-90942187
S1-696379642	
S1-466016834	
S1-724276202	
S1-215732709	
S1-260461790	
S1-872044334	
S1-891589404	
S1-396549679	
S1-199309683	
S1-30311488	
S1-374870777	
S1-813551605	
S1-879812915	
S1-959177248	
S1-73487148	
S1-635187221	
S1-285911332	
S1-537431725	
S1-588465427	
S1-128280807	
S1-620604369	
S1-630699122	
S1-363987433	
S1-297549209	S2-474215922,S3-980757667,S3-165995559,S3-301389299,S3-61237434,S2-935164060
S1-644975744	
S1-354514231	S2-978105068
S1-552693012	
S1-787677269	
S1-170486840	
S1-557864548	
S1-403768695	
S1-671197241	
S1-816365198	
S1-718538182	
S1-745917019	
S1-575472657	
S1-865400564	
S1-190553607	
S1-469424087	
S1-368048308	
S1-134710178	
S1-694638826	
S1-194418582	S2-94796407,S3-419931938
S1-203717565	
S1-595991463	S3-212784214,S3-127157660,S3-899839659,S2-199944916,S3-689029767
S1-101612642	S2-639419523
S1-331347957	
S1-155684533	
S1-629773609	
S1-110721726	
S1-588882105	
S1-832157141	
S1-523117558	
S1-9443555	
S1-882252399	
S1-302740128	
S1-237100075	
S1-280736347	
S1-496353077	
S1-320974027	
S1-429412342	
S1-103825891	
S1-888536952	
S1-797774718	
S1-326638294	
S1-593161007	
S1-331319890	
S1-86683796	
S1-438183902	S3-354606808,S3-478586428,S3-384799010,S2-589582691
S1-629789214	
S1-670108503	
S1-399301626	
S1-390138761	
S1-697853687	
S1-227425791	
S1-261397497	
S1-287126412	
S1-10565403	
S1-124520851	S2-554510649,S3-378963623,S3-578801146,S2-291101509
S1-94291101	
S1-645281045	
S1-587448674	
S1-193189779	
S1-753173249	
S1-602185387	
S1-217257643	S3-980893528,S3-267235604,S3-132442134
S1-183874629	
S1-293913411	
S1-892158991	
S1-81893106	
S1-63806233	
S1-82169474	
S1-176600171	S3-828438557,S2-373912768,S3-293981671,S2-552998738,S2-298631587
S1-152086798	
S1-92695369	
S1-409650543	
S1-918745445	
S1-493248069	
S1-192803180	
S1-155152406	
S1-661009456	
S1-2594446	
S1-682674606	
S1-830298283	
S1-15420735	
S1-35582251	
S1-233757792	
S1-838808834	
S1-695630539	
S1-337938988	
S1-493405417	
S1-340432653	
S1-860858107	
S1-709857280	
S1-781883952	
S1-662303853	
S1-29316022	
S1-638292072	
S1-133470164	
S1-305240321	
S1-531796783	
S1-722352006	
S1-554477735	
S1-954444093	
S1-46148397	
S1-899027244	
S1-392481685	
S1-770273967	
S1-531826351	
S1-956682858	
S1-413503434	
S1-284398225	
S1-76490815	
S1-357106009	
S1-813402684	
S1-166260020	
S1-544311344	
S1-648901743	
S1-533785440	
S1-307416371	
S1-48118492	
S1-819709496	
S1-364121858	
S1-64891814	
S1-362659941	
S1-549051141	
S1-590890789	
S1-74026355	
S1-266189722	
S1-441161274	
S1-177465022	
S1-26592592	
S1-191019714	
S1-686383144	
S1-88245970	
S1-678513401	
S1-408723494	
S1-476099707	
S1-440122326	
S1-423706511	
S1-179396965	
S1-447337903	
S1-570997212	
S1-740970205	
S1-858813395	
S1-829313590	
S1-380539050	
S1-620629183	
S1-875162734	
S1-676274277	
S1-428520317	
S1-106174288	
S1-584949212	
S1-432395607	
S1-72348272	
S1-518359641	
S1-267308196	
S1-432262109	
S1-849641213	
S1-475242172	
S1-49053534	
S1-458540822	
S1-145156679	
S1-987918847	S2-784398029,S2-444429968
S1-851587107	
S1-616279731	
S1-991149399	
S1-980875873	
S1-343497334	
S1-209483563	
S1-668589220	
S1-344422849	
S1-406265157	
S1-91368824	
S1-898699979	S3-161751482
S1-693371489	
S1-307772698	
S1-504662775	
S1-735736835	
S1-592404064	
S1-17953793	
S1-330396232	
S1-343163186	
S1-29251532	S3-230338420,S2-425103610,S3-135055468,S2-35520720
S1-503092281	
S1-542858250	
S1-920836829	
S1-656866381	
S1-870825350	
S1-175850350	
S1-141297130	
S1-698206826	
S1-503091050	S2-910367574,S3-678479151,S3-974197124,S3-920165061,S2-588480677,S3-537464758
S1-467829103	
S1-3304681	
S1-737601689	
S1-391047269	
S1-158281076	
S1-813568198	
S1-813213784	
S1-857415639	
S1-320054550	
S1-999274256	
S1-313920703	
S1-384233432	
S1-884979597	
S1-771077110	
S1-854284878	
S1-336436883	
S1-662327868	
S1-305615809	
S1-759499959	
S1-344888437	
S1-431667775	
S1-432781114	S2-968378535,S3-879722203
S1-733584016	
S1-118076269	
S1-845746881	
S1-243428085	
S1-98578533	
S1-827036944	
S1-357424667	
S1-69505063	
S1-191218490	
S1-24170088	
S1-521433794	
S1-311492181	
S1-497351806	
S1-947424603	
S1-495033995	
S1-811414723	
S1-534199321	
S1-332680193	S2-913724029,S2-801265316,S3-963875171
S1-394598223	
S1-939832062	
S1-187133633	S2-990921576,S2-891144772,S2-603346934
S1-925205918	
S1-408725754	
S1-113133958	
S1-762436071	
S1-97187991	
S1-236800214	
S1-854125263	
S1-897821940	
S1-782798501	
S1-845159295	
S1-147115785	
S1-179454045	
S1-476676478	
S1-728807479	
S1-75559409	
S1-791944323	
S1-428007330	
S1-861674592	
S1-312334735	
S1-302947918	
S1-19835598	
S1-915292989	
S1-299345497	
S1-549692992	
S1-740848347	S2-975492516
S1-940022291	S3-170950595
S1-815912629	
S1-83717138	
S1-140558205	
S1-510230722	
S1-659523001	
S1-338405753	
S1-898878670	S3-745337211,S3-104397808
S1-413156539	
S1-491762767	
S1-882785621	
S1-493338649	
S1-398945890	
S1-829867240	
S1-498968392	
S1-751311760	
S1-953635565	
S1-753313468	S2-911237766,S3-485038723
S1-154142694	
S1-229190709	
S1-67471118	
S1-182278461	
S1-670287616	
S1-325189321	
S1-919596240	
S1-407290225	
S1-989738414	
S1-743602596	
S1-582284445	S3-685820638
S1-716838304	
S1-81883364	
S1-777910410	
S1-421691879	
S1-37944001	
S1-584937068	
S1-571935524	
S1-374841342	S3-694527139,S3-888827494,S3-700969556
S1-921670816	
S1-188964894	
S1-476440153	
S1-360897240	
S1-677716082	
S1-151739688	
S1-593239672	
S1-946927367	
S1-945841346	
S1-672425448	
S1-471429375	
S1-558151880	
S1-797732284	
S1-718742466	
S1-730463260	
S1-656934477	
S1-784864783	
S1-496788800	
S1-389829557	
S1-724065606	
S1-290712121	
S1-972087187	
S1-904704468	
S1-696891475	S3-714425175
S1-197966461	
S1-376261319	
S1-371834381	S3-168123270,S3-633065330,S2-251013119,S3-474222666,S2-414019844
S1-933353710	
S1-980834730	
S1-782434463	
S1-450757676	
S1-410951206	
S1-948782147	
S1-986620059	
S1-277923774	
S1-525796079	
S1-490289880	
S1-851585285	
S1-345518008	
S1-419957461	
S1-396221333	
S1-516938463	
S1-27260313	
S1-671930738	S3-807860077
S1-402686472	
S1-383990207	
S1-33503720	
S1-83272217	S2-589644476,S2-747746371
S1-639248138	
S1-301623601	
S1-862844725	S3-760816136
S1-45007117	
S1-653675034	
S1-241327937	
S1-604546627	
S1-979822939	
S1-138987244	S3-820166096,S3-479368428
S1-785191205	
S1-746235770	
S1-389328117	S2-172661844,S3-958080005
S1-130567487	
S1-985054462	
S1-402648898	
S1-505248870	
S1-702721343	
S1-816185975	
S1-432352697	
S1-766805219	
S1-328504124	
S1-486338957	S2-261773812,S2-592236732,S2-190569582,S3-453415653,S3-281669015,S2-282017183
S1-118290465	
S1-765644015	
S1-409201313	
S1-652559119	
S1-687363887	
S1-617696678	
S1-895472448	
S1-217559314	
S1-203102896	
S1-828518854	
S1-38860554	
S1-491787205	
S1-998509686	
S1-851451312	
S1-51922631	
S1-240930963	
S1-975468295	
S1-517369160	
S1-473350610	
S1-234771691	
S1-252003820	
S1-790257547	S2-683385357
S1-270938332	
S1-678148362	
S1-427196164	
S1-864067799	
S1-487283906	
S1-920802762	
S1-473811190	
S1-800656808	S3-217021768
S1-581540976	
S1-435142750	
S1-473223461	
S1-278985617	
S1-42010881	
S1-141613810	
S1-825553140	
S1-270621998	
S1-563309977	
S1-159533923	
S1-619750249	
S1-701500704	
S1-695401686	
S1-810396949	
S1-265007684	
S1-966452271	
S1-999082857	
S1-145478015	
S1-951467761	
S1-414409519	
S1-944808909	
S1-416640256	
S1-598516420	S3-499262046,S2-193829858,S3-162884136
S1-236345594	S3-329785416
S1-956572663	
S1-469338879	
S1-575098135	
S1-810853873	
S1-750696780	
S1-509567365	
S1-968981523	
S1-786562429	
S1-784548279	
S1-6614733	
S1-614457517	
S1-566675967	
S1-459954617	
S1-487940478	
S1-372498240	
S1-861885870	
S1-893195317	
S1-329817894	S2-893740516,S2-350216792
S1-423750804	
S1-76342728	
S1-449647121	
S1-591222712	
S1-31936992	
S1-837240244	
S1-368637472	
S1-788687567	
S1-839461836	
S1-226479198	
S1-996414740	
S1-75687975	
S1-79226620	
S1-378476092	
S1-139205023	
S1-148746161	
S1-126268364	
S1-132467357	
S1-838102590	
S1-445732038	
S1-552146752	
S1-555381719	
S1-434785941	
S1-174682336	
S1-900782563	
S1-254915637	S2-119607587
S1-870539087	
S1-575553461	
S1-145043824	
S1-861279530	S2-843958051,S2-674392237,S2-610866853,S3-178360894
S1-512814372	
S1-783237268	
S1-229940552	
S1-518587601	
S1-471553810	
S1-219592082	
S1-462877980	
S1-409915479	
S1-261443862	
S1-287174968	
S1-121650297	
S1-436420126	
S1-626708985	
S1-358778791	
S1-638196716	
S1-400323215	
S1-407995061	
S1-892690890	
S1-164106740	
S1-790202706	
S1-419480066	
S1-336615501	
S1-448366227	
S1-851478331	
S1-611399822	
S1-206723166	
S1-68510814	
S1-764677205	
S1-595169231	
S1-876073164	
S1-873287259	
S1-125753338	
S1-765214755	
S1-707230288	S3-802388228
S1-308447243	
S1-875971588	
S1-672942470	
S1-909428238	
S1-711299550	
S1-308240194	
S1-315717302	
S1-460082238	
S1-121141564	
S1-412465327	
S1-290941000	
S1-297774386	
S1-441069631	
S1-97765609	
S1-417334405	
S1-393866569	
S1-132029569	
S1-967520890	
S1-890396578	
S1-941046080	
S1-344504951	
S1-340376765	
S1-523061517	
S1-727772386	
S1-61993362	
S1-187150544	
S1-39886230	
S1-601689097	
S1-532062989	
S1-850199762	
S1-742350782	
S1-978005851	S2-383571618
S1-92658013	
S1-197197189	
S1-890859507	
S1-516259743	
S1-937811110	
S1-754738147	
S1-935581264	
S1-80189048	
S1-999490553	
S1-389352947	
S1-141307278	
S1-721951672	
S1-675220001	
S1-861109728	
S1-626682878	
S1-419303558	
S1-53817099	
S1-16126309	
S1-430682212	
S1-971052275	
S1-70078926	
S1-421578055	
S1-237300029	
S1-299133728	
S1-160271019	
S1-258452976	
S1-117182649	
S1-652027601	S2-820663634,S2-884788741,S3-224086478,S2-401021675,S3-915137042,S3-595665999
S1-797084234	
S1-55039363	
S1-201873654	
S1-459783490	
S1-275208975	
S1-259110259	S2-72888188,S3-678668795
S1-257947224	S2-564289900,S3-368048309,S3-805010937,S3-516626319,S3-260503823
S1-635474312	
S1-135220384	
S1-483784239	
S1-116795025	
S1-8364796	
S1-675330162	
S1-927840348	
S1-403632688	
S1-153573349	
S1-229684002	
S1-447277561	
S1-962871372	S3-484437996,S3-760259619,S3-101741871,S3-762766857,S2-285301468
S1-821110601	S2-821849097,S2-277767157,S3-909729711,S2-156960328
S1-831036036	
S1-416869119	
S1-921200633	
S1-638142450	
S1-966289144	
S1-831655306	
S1-351050651	S3-130913488,S3-483448674,S3-967362455,S2-498643603
S1-344924570	
S1-824196055	
S1-532981686	
S1-340441890	
S1-180564491	
S1-824002293	
S1-267428392	
S1-807736622	
S1-646038135	
S1-140294078	
S1-560344534	S2-14284642,S2-669899378
S1-651108793	
S1-427587549	S2-879668116
S1-796142439	
S1-342351453	
S1-88262607	
S1-995978927	
S1-82107787	
S1-844399034	
S1-381401077	S2-118557438,S3-550825621,S3-691786166
S1-497820784	
S1-215005490	
S1-278064991	
S1-834404215	
S1-791454031	
S1-699066076	
S1-214344240	
S1-19512838	
S1-377685385	
S1-352276366	S2-823560395
S1-386591162	
S1-920642290	
S1-125049606	
S1-986319947	
S1-808462513	
S1-419364853	
S1-649034099	S2-395239841,S2-817472536,S2-516278974
S1-229652878	
S1-800232033	
S1-389698469	
S1-786611258	
S1-316033642	
S1-529801070	
S1-92701192	
S1-866127638	S2-20971571
S1-245731474	
S1-281665451	
S1-897422495	
S1-427001485	
S1-335425062	S3-639863646,S2-187192022
S1-404713279	
S1-114918693	
S1-372587741	S2-466726207,S3-624387495,S3-867365690,S2-602760552
S1-178071144	
S1-441843788	
S1-631540586	
S1-325624858	
S1-61842622	
S1-528158600	
S1-504035712	
S1-545197444	
S1-987505777	
S1-153321660	
S1-215512899	
S1-633101530	
S1-31020305	
S1-756664085	
S1-804204962	
S1-39928056	
S1-585465999	
S1-934044431	
S1-573265744	
S1-194452195	S2-248754854,S3-243785501,S3-149814776
S1-115723666	
S1-501321902	
S1-785351597	
S1-304271198	
S1-716685109	
S1-199763283	
S1-503187086	
S1-853050504	
S1-900887523	
S1-560141480	
S1-898667491	S2-709072776
S1-491494549	
S1-716203014	
S1-211697168	S3-411522600,S3-687578579,S2-916814952
S1-267800008	
S1-292067252	
S1-455159404	
S1-634157262	S3-512355311,S2-174326955,S2-28699528,S3-565725817
S1-514525239	
S1-1199286	
S1-720330825	
S1-610884309	
S1-468103996	
S1-498578619	
S1-133222988	
S1-163451102	
S1-489039077	
S1-547520590	
S1-811137967	
S1-815076286	
S1-141146851	
S1-913422212	
S1-487837843	S2-156901483,S2-488446995,S3-285374286
S1-979337241	
S1-578195460	
S1-994868451	
S1-270025284	
S1-816092829	
S1-137666458	
S1-452839564	
S1-592032552	
S1-75516635	
S1-18617587	
S1-996139895	
S1-961768503	
S1-276778332	
S1-310330708	
S1-482516635	
S1-263257137	
S1-769800486	S2-635824746,S2-950860690,S3-996992185,S2-589730405
S1-427641727	
S1-399770067	
S1-661399668	
S1-704256692	
S1-859387802	
S1-991110983	S3-41528109,S3-885772444
S1-424837343	
S1-529328192	
S1-296725495	
S1-866032149	
S1-867515697	
S1-46734751	
S1-705239691	
S1-30466085	
S1-939757860	
S1-885498871	
S1-363178108	
S1-663633463	
S1-946727144	
S1-506545897	
S1-888025350	
S1-772840317	
S1-75651192	
S1-608729938	
S1-469709174	
S1-887632607	
S1-793508321	
S1-442791695	S2-880358529,S2-645895126,S3-890890980
S1-103758398	
S1-229128989	
S1-324037722	S2-432533429,S2-498862206,S2-173857134,S2-441125456
S1-369711068	
S1-780719437	
S1-910426010	
S1-936889736	
S1-19468744	
S1-889963895	
S1-114011157	
S1-161260324	
S1-248878924	
S1-485060020	
S1-946761170	
S1-417893536	
S1-746648680	
S1-205815373	
S1-138981799	
S1-711347490	
S1-744682710	
S1-517170325	S3-638917808
S1-643015070	
S1-98543292	
S1-160193285	
S1-76317510	
S1-170895474	
S1-624705672	
S1-487235527	
S1-365494449	
S1-945658114	
S1-500143522	S2-536017990,S3-649476282,S2-84697765
S1-39307857	
S1-720796722	
S1-18470154	
S1-508269384	
S1-761691882	
S1-188879156	
S1-18131102	
S1-910393399	
S1-535150154	
S1-477436467	
S1-733076867	S2-143792167,S2-687472457,S3-848691610,S3-383552003
S1-824872174	
S1-976169666	
S1-697330323	
S1-563208431	
S1-864342251	
S1-991096235	
S1-515766353	
S1-682878995	S3-710605494,S2-446474295
S1-611195105	
S1-892235907	S3-812138236,S2-283076995,S3-745972082
S1-212803753	S3-554595104
S1-538183082	
S1-830712961	
S1-431464044	
S1-798599752	
S1-894242013	
S1-754972523	
S1-326286993	
S1-910310460	
S1-552148825	
S1-519354288	
S1-577033022	
S1-28811932	
S1-608522632	
S1-43340177	S3-305997705
S1-423469773	
S1-853311483	
S1-9332365	
S1-31024399	
S1-34531979	
S1-397109611	
S1-330865921	S2-909319702,S3-580866155
S1-229830197	
S1-293377329	
S1-412898690	S3-799907679
S1-841772591	
S1-443186701	
S1-935835285	
S1-836221813	
S1-378435850	
S1-241179988	
S1-671682191	
S1-129354870	
S1-632593341	
S1-576639331	S2-681358297,S2-276634490,S3-876057645
S1-910085927	
S1-470057147	
S1-501052007	S3-429869515,S3-823299529
S1-810954708	
S1-540154281	
S1-358613627	
S1-382711692	
S1-906760573	
S1-570229405	
S1-906082970	
S1-445054592	S3-343278345,S2-776941637,S2-442412443
S1-211034741	
S1-485704389	
S1-604322143	
S1-758703781	
S1-432565290	
S1-263118342	
S1-232645690	
S1-273758603	
S1-474442055	
S1-104913809	
S1-928310667	
S1-735330454	
S1-739350795	
S1-262238084	
S1-288395900	
S1-692715605	
S1-366928779	
S1-863135603	
S1-50287754	
S1-837726071	
S1-712586325	
S1-615151051	
S1-282684893	
S1-461870309	
S1-297594333	
S1-240089040	
S1-38565655	
S1-932398589	
S1-405030604	
S1-250926993	
S1-743920886	
S1-365057451	
S1-839899507	
S1-910692911	
S1-105356260	
S1-977601641	
S1-587447810	
S1-632841874	
S1-496875776	
S1-289000105	
S1-925560897	
S1-998238495	
S1-558157567	
S1-14211938	
S1-460984194	
S1-682694288	
S1-287165669	
S1-999702483	
S1-86534094	
S1-359845995	
S1-307291465	
S1-200349279	
S1-762499037	
S1-672558987	
S1-235592384	
S1-557955524	S3-260015787,S2-339078716
S1-52504412	S3-414295642,S3-823720845,S2-179213598
S1-459081581	
S1-314020187	S3-333569864,S3-80522390
S1-649514694	
S1-409264038	
S1-582179417	
S1-436561709	
S1-45767673	
S1-793301244	
S1-292401183	
S1-692414527	
S1-592778854	
S1-633399408	
S1-806672467	
S1-114930102	
S1-685992079	
S1-570810371	
S1-381895666	S2-786871446
S1-922606010	
S1-485237378	
S1-542214909	
S1-643411524	
S1-493099216	
S1-204667256	
S1-943249238	
S1-419511085	
S1-321958756	
S1-415739752	
S1-24038973	S3-871735138
S1-584399150	
S1-177928115	
S1-190974719	S2-992987667,S3-351129396,S3-129344724,S2-265694322
S1-707175601	S3-399628068,S2-566467754,S3-539507087,S2-499833721,S3-205581202,S2-281680812,S3-658796202
S1-517557052	
S1-723944210	
S1-101316714	S3-875317999,S3-917483190,S2-239212571
S1-538495942	
S1-431120571	
S1-821090054	
S1-134509122	
S1-789874028	
S1-64423619	
S1-937055689	S2-870905013,S3-29012786
S1-657209268	
S1-582664909	S2-556909027
S1-295248604	
S1-234643334	
S1-718844769	
S1-88535521	
S1-133196549	
S1-360151999	
S1-418279132	
S1-49223421	
S1-741109435	
S1-609079087	
S1-651790841	
S1-505575992	
S1-978010836	
S1-676996163	
S1-358966372	
S1-766881445	
S1-479802913	
S1-510037915	
S1-831262640	
S1-494659378	
S1-633944426	
S1-94148116	
S1-82696127	
S1-40973620	
S1-81109381	
S1-185348030	
S1-289678022	
S1-513332230	
S1-226194590	
S1-851071420	
S1-714932096	
S1-869554366	S3-221608698
S1-436324544	S2-306281909,S3-650731143
S1-792030277	
S1-560102212	
S1-146795538	
S1-438099107	
S1-528347234	
S1-570665869	S2-798201497,S3-911193994,S2-133696691,S3-521859986,S2-579946697
S1-996364033	
S1-516958328	
S1-922835044	
S1-977335896	
S1-74860859	
S1-647814939	
S1-458433989	
S1-673479491	
S1-714849654	
S1-152210395	
S1-601059058	
S1-427230359	
S1-203968237	
S1-410289756	
S1-245444578	S2-145855815,S3-534971760
S1-924061107	
S1-928966998	S3-207223083,S2-609193449,S2-20243552
S1-227772737	
S1-500786660	S3-832422474,S2-391283307,S2-826229271,S3-393085604,S2-350139525
S1-321792246	
S1-739806773	
S1-934729163	
S1-37031058	
S1-811395988	
S1-489688242	
S1-907781066	
S1-552379132	
S1-357493716	
S1-387011079	
S1-474866893	S2-635739719
S1-306895447	
S1-864859878	
S1-894860209	
S1-189814052	
S1-190499706	
S1-317146411	S2-805517014,S3-208951546
S1-900250986	
S1-834692807	
S1-262616940	
S1-744769509	S3-502261600
S1-704909527	
S1-672713808	
S1-517570100	
S1-351934904	
S1-2892670	
S1-41900688	
S1-185799239	
S1-821617926	
S1-24589867	S3-50089509
S1-166240170	
S1-263900421	S2-267550554,S3-590928989
S1-627771126	
S1-299908082	
S1-798927893	
S1-378596137	S2-693703110,S3-707220415,S2-159734912
S1-569210829	
S1-136553814	
S1-596988080	
S1-148478296	
S1-468750903	
S1-624583570	
S1-803064624	
S1-394819835	
S1-42868664	S2-390144779,S3-79057617,S2-949017450,S3-156609613
S1-454247671	S2-876146889
S1-661645990	
S1-346174162	
S1-831577540	
S1-346066085	
S1-192600010	
S1-978667329	
S1-673605230	
S1-121465565	
S1-607157462	
S1-397026681	
S1-900467329	
S1-410957484	
S1-632674500	
S1-662378149	
S1-727231389	
S1-636785983	
S1-261884998	
S1-966266521	
S1-262877901	
S1-598992607	
S1-385540471	
S1-847368421	
S1-409455395	
S1-760411085	
S1-745557111	
S1-605701634	
S1-797419068	
S1-543721153	
S1-59376702	S2-895656606,S3-982732674
S1-515630201	
S1-635124541	
S1-482122544	
S1-758620563	
S1-806446250	
S1-633408455	
S1-673619710	
S1-376264493	
S1-964178982	
S1-414601978	
S1-364362738	
S1-663065442	
S1-613157215	
S1-823484886	
S1-59858568	
S1-736793386	
S1-941730288	S3-766442944
S1-256669210	
S1-6436578	
S1-453475399	
S1-710314248	
S1-804414236	
S1-789217329	
S1-19022814	
S1-847887513	
S1-913022602	
S1-915229537	
S1-776481252	
S1-504070147	
S1-12958442	S2-610907250,S3-608678900
S1-473196615	
S1-696362513	
S1-339782063	
S1-118507472	
S1-275521277	
S1-115864368	
S1-372011974	
S1-151036999	S2-589910279,S2-145919946
S1-817572413	
S1-549739199	
S1-236272637	S2-210145538,S2-58846629,S3-943209594
S1-140932243	
S1-941488094	
S1-664381424	
S1-689274780	
S1-635981809	
S1-78795882	S3-638959006,S3-362366883,S3-444678577,S2-873272961
S1-212467045	
S1-394725205	
S1-362261021	
S1-793540655	
S1-47849209	
S1-960068293	
S1-182373615	
S1-155274946	
S1-303133721	
S1-314581241	
S1-290985778	
S1-879874160	
S1-580707993	
S1-539370334	S3-313508718,S2-530220382,S3-927125630
S1-393498580	
S1-535092398	
S1-943642298	S3-733116410,S3-355955063,S3-653042596
S1-42591135	
S1-977702409	
S1-810557470	
S1-825891177	
S1-708602199	
S1-107231490	
S1-541010282	
S1-407636258	S3-404841493,S3-500905653,S3-847171597
S1-505597396	
S1-223898427	
S1-31010597	
S1-319761257	
S1-323170455	
S1-121940159	
S1-403997793	
S1-699090243	
S1-764429439	
S1-143003344	
S1-603976473	S3-295692094
S1-841275752	
S1-266737387	
S1-833346383	
S1-749877949	
S1-278758603	
S1-820186048	
S1-758619712	
S1-380787169	
S1-849543699	
S1-969886252	
S1-178266987	
S1-407570589	
S1-290441787	
S1-24221965	
S1-924014811	
S1-254449147	
S1-77947749	
S1-420360946	
S1-566249665	
S1-48234490	
S1-561579023	
S1-775571666	
S1-441230569	
S1-820737249	
S1-865774972	
S1-318475911	
S1-674928229	
S1-274429851	
S1-484350821	
S1-580503429	
S1-686644821	
S1-658404736	
S1-257768689	
S1-330861237	
S1-100031897	
S1-941891657	
S1-225889117	
S1-856047970	
S1-873098097	
S1-60458454	
S1-815792420	
S1-259401081	
S1-760592513	
S1-542760173	
S1-974327130	
S1-165584493	
S1-722918311	
S1-570791300	
S1-185281392	
S1-721040108	
S1-258058613	S3-976238965,S3-445116483,S3-297232203,S3-674777186,S3-199420875
S1-463551868	S2-461915960,S3-490810511
S1-312173440	
S1-119005642	
S1-832547026	
S1-413880222	
S1-507870556	
S1-192290825	
S1-115680863	
S1-568132359	
S1-475932481	
S1-996762267	
S1-684537720	
S1-794380284	
S1-500625133	S3-683420371,S3-807390789
S1-384910835	
S1-60333945	
S1-712962763	
S1-727588343	
S1-558018788	
S1-953065148	
S1-34763037	
S1-357770249	
S1-716082140	
S1-745059266	
S1-391889849	S3-295244791
S1-770437426	
S1-570039174	
S1-189538486	
S1-354564148	
S1-586740417	
S1-133216028	
S1-38162451	S2-978426649,S2-232119259,S3-536687502
S1-126962413	
S1-114568886	
S1-610851214	
S1-584561120	
S1-726467131	
S1-379549169	
S1-110678548	
S1-392762080	
S1-355768430	
S1-786434846	
S1-536881874	
S1-84049179	
S1-776305842	
S1-121250540	
S1-705377834	S2-731583843,S3-166874418,S2-255214425
S1-400631638	
S1-427817396	
S1-420689606	
S1-305621318	
S1-484154487	
S1-691188299	
S1-726005605	
S1-431875186	
S1-346068165	
S1-558583410	
S1-761816720	
S1-159644640	
S1-511897704	
S1-505999454	
S1-43510037	
S1-981686210	
S1-70099497	
S1-64622912	
S1-214612795	
S1-778786875	
S1-239112637	
S1-536690147	
S1-648375220	S2-288435095,S3-475202351
S1-418666033	
S1-927885751	
S1-81817366	S2-583561998,S3-60887970,S3-171208301
S1-711985518	
S1-77154468	
S1-945020596	
S1-645024255	
S1-800894197	
S1-166036477	
S1-82680852	S2-545531527,S3-506832550
S1-890660907	
S1-325537850	
S1-912379063	S3-299398147,S2-286744481,S3-874440573
S1-908248899	
S1-747026906	
S1-56679346	
S1-771172361	
S1-513251153	
S1-800413528	
S1-937273531	
S1-966708463	S2-449563440,S3-177084956,S2-276822039,S2-879477476,S2-140621844
S1-274946321	
S1-473174098	
S1-264522837	S3-883419716,S2-804418145
S1-55296009	
S1-397672202	
S1-236335690	
S1-321586056	
S1-550827251	
S1-296824699	
S1-94298719	
S1-790487114	
S1-443270648	
S1-751275806	
S1-208231021	
S1-731405345	
S1-784539881	
S1-69034729	
S1-345635411	
S1-895327349	
S1-166207576	
S1-283403346	
S1-239577553	
S1-860899341	
S1-63190883	
S1-792363006	
S1-99981378	
S1-512565643	
S1-434661703	
S1-764210971	
S1-802811148	
S1-721216339	
S1-117782028	
S1-198771472	
S1-67506819	S2-585202458,S2-752405189,S2-603323543,S3-686762509,S3-951588610,S3-194208581,S3-76699145
S1-952068507	S2-853980422,S2-118734483
S1-898236153	
S1-959397524	
S1-481579604	
S1-332900299	
S1-893119083	
S1-50973896	
S1-84850956	
S1-700463890	
S1-770505675	
S1-384649446	S3-837502684,S2-220149833
S1-410538610	
S1-110066376	
S1-788678239	
S1-529628362	S2-959206798,S3-824299975,S2-126733073,S2-576304294
S1-914655228	
S1-279572892	
S1-94280596	
S1-130137769	
S1-50502116	
S1-450058099	
S1-674633284	
S1-880312894	S2-539222569,S3-622826307,S2-777844597,S2-815274528
S1-313743976	
S1-781816257	
S1-362690230	
S1-795188094	
S1-702785393	
S1-757125339	
S1-919187703	
S1-321144046	
S1-925672670	
S1-739225763	
S1-892922198	
S1-630246620	
S1-808108201	S2-103887206,S3-849220756,S2-95198909,S3-310732398
S1-166057899	
S1-871232960	
S1-800253023	S2-536006168,S3-735771694
S1-184968788	
S1-501382939	
S1-14824680	
S1-330903997	
S1-230471741	
S1-970244488	
S1-665748248	
S1-975030091	
S1-492697397	
S1-65142397	
S1-755750065	
S1-83733955	
S1-930772413	
S1-852113585	
S1-68461063	
S1-765383994	
S1-71525373	
S1-565312199	
S1-278415914	
S1-333792409	
S1-178740023	S3-215456384,S2-850604586,S2-26747692,S3-103425334,S3-158032642
S1-930870870	
S1-10007793	
S1-408218283	
S1-892134168	
S1-366596670	
S1-27428328	
S1-590187793	
S1-820218033	
S1-63867443	
S1-512727807	
S1-480494963	S2-116436570,S2-154445164,S2-891392404,S3-561865825
S1-527079916	
S1-428720415	
S1-599698278	
S1-553531320	
S1-409173007	
S1-250005088	
S1-946909922	
S1-833996116	
S1-957651312	
S1-879991938	
S1-787388361	
S1-939438542	
S1-632164090	
S1-700693215	
S1-980965887	
S1-813467475	S2-94038061,S2-550016234,S3-743102674,S2-86361676
S1-767815316	S3-209152262,S3-703452951,S2-387868042,S3-292854189
S1-94710988	
S1-397122489	
S1-905881162	
S1-147942140	
S1-760882446	
S1-248065677	
S1-955698146	
S1-775431083	
S1-673002953	S2-232331516,S2-581255519
S1-691841219	
S1-343093935	
S1-170002323	
S1-619721951	
S1-143888823	
S1-684904440	
S1-164873488	
S1-988930211	
S1-934539531	S3-797017990,S2-826317740,S3-877765143,S3-224194238,S3-557784235
S1-758150649	
S1-976961982	
S1-928215844	
S1-999012954	
S1-20010378	S3-124331155,S3-808350150,S2-717132323
S1-801660956	
S1-623281522	
S1-307600314	
S1-887244774	
S1-563707048	
S1-600106886	
S1-424760081	
S1-401499177	
S1-144040949	
S1-277977096	
S1-770352993	
S1-234144173	
S1-59628987	
S1-9602468	
S1-78939484	
S1-657397601	
S1-774925446	
S1-118694197	
S1-313789914	
S1-614512573	
S1-435539010	
S1-291967819	S2-616800007,S2-608074031,S3-627539191
S1-364801811	
S1-725734252	S3-259277098,S3-925155358,S2-537203602,S3-441411934,S3-180023228
S1-338702735	
S1-523533810	S2-591970362,S2-796163616,S3-866804867,S3-954655852
S1-546731950	
S1-716655052	
S1-910837781	
S1-880829864	
S1-383026523	
S1-660735968	
S1-77306158	
S1-745964031	
S1-786353031	
S1-652617037	
S1-337714481	
S1-892207290	
S1-932542760	
S1-408695653	
S1-953756653	
S1-11928072	
S1-14602615	
S1-593668216	
S1-327882974	
S1-534401045	
S1-725194935	
S1-175878710	
S1-630521162	
S1-489785940	
S1-411863015	
S1-522927937	
S1-86839351	S3-71302970,S2-51256594
S1-556553774	
S1-2213985	
S1-182091775	
S1-758529062	
S1-991470784	S3-268644562,S3-309584193,S2-924140563
S1-550537572	
S1-416714195	
S1-718814894	
S1-862971172	
S1-450588055	S3-522747511,S2-230808920,S3-848576539
S1-896986354	S3-127555692,S2-183740557,S3-109157536,S3-755622065
S1-662163781	
S1-699213670	
S1-480786430	
S1-390970489	
S1-652818949	
S1-268876932	
S1-592403460	
S1-988862144	
S1-631192875	
S1-391926208	
S1-595238971	
S1-333501388	
S1-167896717	
S1-597945637	
S1-607453078	
S1-922562676	
S1-866559306	
S1-171821555	
S1-423236881	
S1-549040657	
S1-304093440	S3-938058954,S2-506216636
S1-590972123	
S1-863839366	
S1-938502487	
S1-918923531	
S1-1481484	
S1-720958174	
S1-463310137	
S1-200479878	
S1-80781110	S3-192310349
S1-109799843	
S1-976338996	
S1-676179476	
S1-377568487	
S1-983715849	S2-333098868,S3-765217538,S3-329252526,S3-62828864
S1-814573115	
S1-687847578	
S1-977171705	S2-377234765,S2-708417474,S2-824882560,S3-291067615
S1-553791052	
S1-942593224	
S1-463457996	
S1-15328923	
S1-780638458	
S1-129096506	
S1-831242194	
S1-886461838	
S1-481036725	
S1-360131814	
S1-864385012	
S1-826941988	
S1-518983686	
S1-439701466	S3-674673740
S1-536980717	
S1-324953530	
S1-651042502	
S1-842629161	
S1-509468596	
S1-617538406	
S1-819143751	
S1-864432243	
S1-263142233	S2-210406589,S2-780201938
S1-611551007	
S1-791807140	
S1-367310680	
S1-317535931	
S1-940580222	S3-928982970
S1-604976959	
S1-324130106	
S1-420726679	
S1-161408862	
S1-106972539	
S1-36280836	S3-251260032
S1-686551845	
S1-259041316	
S1-16086678	
S1-262789304	
S1-498557317	
S1-70414024	
S1-879615919	
S1-194921592	
S1-751515018	S2-381397931,S3-628198075,S2-596894092,S3-395176485,S3-830274454,S3-703028918
S1-847965636	
S1-94591799	
S1-199388160	
S1-757249587	
S1-636150665	
S1-506975660	
S1-761372827	
S1-478914299	
S1-676533533	
S1-485789909	
S1-373000581	
S1-538741386	
S1-466413963	
S1-689001806	
S1-979620776	
S1-29686809	
S1-567282726	
S1-254466250	S2-797285454,S3-355112193
S1-799847590	
S1-764017345	
S1-102292229	S2-901444327,S3-599480259,S2-612825203,S2-407973923
S1-445898007	
S1-142387344	
S1-909840395	
S1-328078586	
S1-836184494	
S1-532542908	
S1-977057041	S3-194234788
S1-490029337	
S1-709564673	
S1-363112525	
S1-625549277	
S1-967833385	
S1-962926747	S3-858199389,S2-614550319,S2-324984203,S2-984323243,S3-972182435
S1-876104916	
S1-419566425	
S1-537325569	S2-377354176,S2-235515526
S1-645904886	
S1-583264064	
S1-415261520	
S1-128157236	
S1-307708658	
S1-263455881	
S1-965063802	
S1-167180804	
S1-751748939	
S1-672009799	
S1-119268840	
S1-232398646	
S1-770181079	
S1-965732285	S3-718750861,S3-792644867,S2-724773278
S1-501621113	
S1-776032101	
S1-495334364	
S1-601894483	
S1-673929431	
S1-83931162	
S1-629254378	
S1-704999757	
S1-904397319	
S1-213731036	
S1-559375980	
S1-321747003	
S1-6813686	
S1-669325700	
S1-920945816	
S1-883349468	
S1-393852753	
S1-793358371	
S1-548225696	
S1-784539478	
S1-458575522	S2-752048977,S3-486644250,S3-149419039
S1-237979397	
S1-981910756	
S1-820633123	
S1-228649927	
S1-884986792	
S1-7541800	
S1-687997627	
S1-193365795	
S1-349893236	
S1-571464276	S2-460611150,S3-9462897
S1-347004574	
S1-383353775	
S1-770758461	
S1-845984002	
S1-850093576	
S1-793300657	
S1-726948132	
S1-808660510	
S1-449963903	
S1-958416352	
S1-564005155	S2-106590379
S1-795615788	S3-888583354
S1-442665310	
S1-533037109	
S1-611211680	
S1-26842398	
S1-826094238	
S1-550033994	S2-550852448
S1-794118312	
S1-800025674	
S1-515593319	
S1-454915960	
S1-505344246	
S1-35954112	
S1-536446069	
S1-553600172	S3-256028184,S2-706890989
S1-951004971	
S1-557867435	
S1-597702400	
S1-212373524	
S1-576651001	
S1-175342126	
S1-843233394	
S1-915865208	
S1-716459470	
S1-969569759	
S1-43994923	
S1-848600	
S1-720722152	
S1-403533077	
S1-652056851	
S1-674769991	
S1-891000663	
S1-250021091	
S1-473226283	
S1-247629160	
S1-153531417	
S1-522114580	
S1-983422075	
S1-943344995	
S1-945704981	
S1-259557734	
S1-817657866	
S1-108121043	
S1-136055929	
S1-215536876	
S1-226260126	S3-683790876,S3-281577617,S2-383684491,S2-834528809
S1-936274037	
S1-160950640	
S1-877669396	
S1-148100081	
S1-183010281	
S1-55052402	
S1-129926738	
S1-921385168	
S1-362716814	
S1-646072955	
S1-89911089	
S1-898292415	
S1-702202407	S2-474134749
S1-613520775	
S1-516913431	
S1-279560976	
S1-613754304	
S1-888734090	
S1-135948765	
S1-185725081	
S1-484138399	S3-836510454,S2-185498505
S1-792732472	
S1-483233667	
S1-228042051	
S1-55105792	
S1-844088438	
S1-410306180	
S1-807109908	
S1-175267835	
S1-871391333	
S1-957853097	
S1-400742931	
S1-464802684	
S1-503981912	
S1-866695102	S2-645235189,S3-890756215
S1-676269578	
S1-179477198	
S1-678445758	
S1-211232142	
S1-62112641	
S1-568204807	
S1-437694350	S3-450996272,S2-330801790
S1-587083305	
S1-573393897	
S1-449183874	
S1-457036934	
S1-599922516	
S1-298749861	
S1-309728377	
S1-96162712	
S1-687094506	
S1-21741067	
S1-103739579	S3-306535063
S1-656768927	
S1-999158511	
S1-971140522	
S1-315634788	
S1-940171652	
S1-876353622	
S1-493829072	S2-748196020,S3-343184805
S1-553783559	
S1-309613429	
S1-404018503	
S1-825190948	
S1-159823376	
S1-474073377	
S1-684760242	
S1-532243335	
S1-961673701	S3-558183830,S3-536841494,S2-646692601
S1-148969954	
S1-911045996	
S1-922552888	
S1-296018459	
S1-162180666	
S1-175478057	
S1-104521241	
S1-818360764	
S1-240291825	
S1-342560099	
S1-475297267	
S1-578578546	
S1-86027173	
S1-30819368	
S1-27147495	
S1-612908605	
S1-548247435	
S1-46303822	
S1-238188009	
S1-123247741	
S1-763921820	
S1-178363055	
S1-699254899	
S1-401007616	
S1-598537522	
S1-115376262	
S1-509856825	S3-808440726,S2-926209277,S3-364105990,S3-826405374,S3-646385368
S1-414932800	
S1-958304340	
S1-253715162	
S1-8715643	
S1-107699435	
S1-182820935	
S1-478019631	
S1-613291851	S3-354351094,S3-420408716,S3-772557780
S1-384437452	
S1-635906901	
S1-950570245	
S1-944272783	
S1-48074805	
S1-111675554	
S1-131864553	
S1-933666565	
S1-407841397	
S1-144193569	
S1-370277709	S2-3059816,S3-759357596
S1-297331797	
S1-292568087	
S1-28529681	
S1-493684020	
S1-236459638	
S1-473692231	
S1-883000045	
S1-576691150	
S1-807562079	
S1-918566458	
S1-84052657	
S1-267819935	
S1-5703129	
S1-852376332	
S1-245028862	
S1-891600279	
S1-933393058	
S1-795315541	
S1-417101751	
S1-267311694	
S1-210263529	
S1-959162343	
S1-244815205	
S1-204706297	
S1-931581168	
S1-283664593	
S1-74366880	
S1-405064765	S2-701431965,S3-65627132,S2-33810926,S2-768705294
S1-72133422	
S1-100445324	
S1-41578079	
S1-47940374	
S1-79165433	S3-848662156,S2-878099625
S1-260718434	
S1-161081496	
S1-562370262	
S1-695837559	
S1-802551811	
S1-590066028	
S1-131955393	
S1-479603193	
S1-433842578	
S1-492918874	
S1-834198560	
S1-434908830	
S1-449089267	
S1-901859778	
S1-328832742	
S1-933725467	
S1-691455998	
S1-819125020	
S1-694930369	
S1-502772373	
S1-915819873	
S1-820897779	
S1-60129225	
S1-154982437	
S1-405981872	
S1-833560400	
S1-153294787	
S1-446801942	
S1-315808619	
S1-556684064	
S1-91330849	
S1-256316499	
S1-991946521	
S1-479090466	
S1-460494884	
S1-642498885	S3-647638795,S3-919328505,S2-809130336,S2-506181620,S2-428372845
S1-648317167	
S1-818443732	
S1-589147168	
S1-625601307	
S1-277485066	
S1-401348345	
S1-370167942	
S1-524058294	
S1-331067558	
S1-690723247	S2-972511427,S3-279844681
S1-816732490	
S1-350749947	
S1-17535576	
S1-682559123	S3-741460272
S1-938237075	
S1-169315377	
S1-666882711	
S1-905027314	
S1-721004622	
S1-568043935	
S1-416609219	
S1-99947338	
S1-528537293	
S1-885547411	
S1-12347782	
S1-284112016	
S1-619915409	
S1-2632668	
S1-339569349	
S1-540493524	
S1-830221937	
S1-990887180	S3-212226456,S2-98791978
S1-242596402	
S1-110157923	
S1-296758514	
S1-144245102	
S1-464028050	
S1-814355403	
S1-441839041	
S1-161872836	
S1-520923023	
S1-946251143	
S1-774610365	
S1-606013945	
S1-793855400	
S1-583968980	
S1-729124143	
S1-275769302	
S1-808516995	
S1-270650980	
S1-685303873	
S1-61716922	
S1-123871245	
S1-645898288	
S1-938130637	
S1-693021202	
S1-136436648	
S1-820530310	
S1-260582724	
S1-602590500	
S1-998885833	
S1-867591337	
S1-201492080	
S1-939653756	
S1-950067844	S3-691430330,S3-614321620
S1-967247236	
S1-626524677	
S1-206462181	
S1-85813425	
S1-894504683	
S1-698514344	
S1-707496831	
S1-835347696	
S1-581662025	
S1-532194167	
S1-30411443	
S1-640650149	
S1-658454447	
S1-924262672	
S1-663122526	
S1-178157257	
S1-832823690	
S1-847601321	
S1-550647653	
S1-427315031	
S1-590457170	
S1-147894543	
S1-208265877	
S1-596081803	
S1-946767191	
S1-175891558	
S1-847227795	S3-193895204,S3-449918956,S3-798428599,S2-745232195,S2-310752597
S1-382732080	
S1-986437669	S2-880152678,S2-327487992
S1-793654477	
S1-145003406	
S1-931781623	
S1-508960907	
S1-494601134	
S1-979969298	
S1-167856916	
S1-499504135	
S1-11000272	
S1-869925058	
S1-451865702	
S1-615608720	
S1-587278728	
S1-647751730	
S1-842564867	S3-294741581,S3-437100805,S2-576743458,S2-889667365
S1-46932515	
S1-55243476	
S1-937536227	
S1-29351114	
S1-19385199	
S1-103434750	
S1-376880764	
S1-802293540	
S1-38281548	S3-916389545,S3-531549324,S3-503747127,S2-707996469,S2-579906249,S2-163252139
S1-667045037	
S1-657704875	
S1-245068111	
S1-779008767	
S1-25206522	
S1-856459160	
S1-50030671	S2-179926110,S2-862744602,S3-411586024,S2-680751385
S1-318817544	
S1-706569558	S3-422562
S1-849101032	
S1-677836455	
S1-716031824	
S1-589001480	
S1-445331490	
S1-542052155	
S1-191627289	
S1-236588939	
S1-245068118	
S1-721367344	
S1-589909521	S3-686862331,S2-370952084,S2-235307062
S1-844261505	
S1-403415502	
S1-765563791	
S1-414950126	
S1-766746011	
S1-182633707	
S1-587435593	
S1-170116503	
S1-606659576	
S1-252080368	
S1-367064386	
S1-167022035	
S1-22996938	
S1-418116671	
S1-364577852	
S1-707992980	
S1-461354173	
S1-519923966	S2-979025790,S3-475375058,S2-733623171,S2-962907064
S1-351873465	
S1-712205013	
S1-502365414	
S1-307749541	
S1-499804118	
S1-228642080	
S1-952113496	
S1-451396624	
S1-141166058	
S1-71756895	
S1-236067854	
S1-30703865	S2-700410623,S2-115979747,S2-148416486,S3-513825850,S3-229414025
S1-83466317	
S1-510385052	
S1-180446013	
S1-200512066	
S1-942640207	
S1-204025649	
S1-549730089	
S1-309028629	
S1-489417432	
S1-72220957	
S1-400671105	
S1-744503008	
S1-992213015	
S1-166085367	
S1-192743374	
S1-930194973	
S1-415297766	
S1-269087934	
S1-507293724	
S1-726580148	
S1-894693726	
S1-169100911	
S1-224139170	
S1-719583480	
S1-369726681	
S1-13861037	
S1-875381422	S3-670801719,S2-435823313
S1-826168382	
S1-984766725	
S1-243135839	
S1-388476933	
S1-413389029	
S1-862103090	
S1-944752400	S2-947484005
S1-752643909	S3-753076077,S3-729616153,S3-972681478,S3-817114846,S2-301058597,S2-52599506
S1-900323032	
S1-722694204	
S1-1347173	
S1-958833223	S2-37383001,S2-506948798,S3-271588618
S1-535858321	
S1-550929802	
S1-787871134	
S1-348206415	S3-244975887,S3-297402642,S2-740999958
S1-436300979	
S1-29619026	
S1-874807651	
S1-900873700	
S1-875171510	S3-687447915,S3-559838132,S3-497052583,S3-989942596
S1-910750899	
S1-101962447	
S1-445785560	
S1-375651159	
S1-873817217	
S1-825604222	
S1-42424182	
S1-680655575	
S1-591117494	S2-72812992,S2-360369451
S1-901525518	
S1-577903817	
S1-639109532	
S1-316786798	
S1-211635723	
S1-44949213	
S1-494464395	
S1-284337663	
S1-338090609	
S1-561300866	
S1-704228163	
S1-719961289	
S1-145244834	
S1-790750402	S2-333906023
S1-129778530	
S1-908228238	
S1-85686554	
S1-366956188	
S1-608919731	
S1-740348556	
S1-402632386	
S1-419789841	
S1-957842180	
S1-335540645	
S1-348910089	S2-263362717,S2-670904666
S1-880691601	S3-536492953,S3-561563139
S1-190969544	
S1-938351085	
S1-890563511	
S1-791654402	
S1-295274196	
S1-933829502	
S1-303962519	
S1-794223608	
S1-721335053	
S1-776036767	
S1-944862313	
S1-15124053	
S1-913134745	S3-319166487
S1-436713392	
S1-641844505	
S1-711543618	
S1-35437668	
S1-614956784	
S1-117831954	
S1-665918573	
S1-491650893	
S1-836406164	
S1-352435915	
S1-271508520	
S1-15025066	
S1-861280824	
S1-436320847	
S1-654657275	
S1-172345604	
S1-182240223	
S1-592025181	S2-592405740,S3-384664600,S2-54595714,S2-473721173,S3-477245043
S1-837759376	
S1-486283538	
S1-708761295	
S1-808031307	
S1-675667639	S2-721147579,S2-138799061,S2-536227401,S2-838268541,S3-64039449
S1-391585048	
S1-395574514	
S1-31146248	
S1-194778527	
S1-216285781	
S1-319204571	
S1-479654940	
S1-711622061	
S1-923443717	
S1-963982013	
S1-827328500	
S1-829436096	
S1-183571011	
S1-788047759	
S1-766409442	
S1-997118652	
S1-621557622	
S1-269007594	
S1-795342979	
S1-250708148	S2-488158048,S3-118334078
S1-605245521	
S1-281540676	
S1-762193621	
S1-139239442	
S1-962222984	
S1-47432637	S2-882920079,S3-402371387
S1-745377244	
S1-474246770	
S1-37414903	
S1-122188088	
S1-355918679	
S1-477922398	S2-739251515,S3-752860579,S2-533302120
S1-122335283	
S1-620506473	
S1-669597986	
S1-856977536	
S1-39728019	
S1-530169622	
S1-968470014	
S1-316198249	
S1-991526008	
S1-99243580	
S1-81521076	
S1-399884615	S2-408561048,S3-809836393
S1-639050049	
S1-945258422	S3-122249702,S2-556033969,S3-78445802,S3-848691410,S3-864215174,S2-726527792
S1-740909654	
S1-831672218	
S1-570221259	
S1-268035432	
S1-413295981	
S1-238110225	
S1-941263424	
S1-830452832	
S1-842515906	
S1-355468876	
S1-855195520	
S1-17762682	
S1-511026191	
S1-755223913	
S1-910160694	
S1-776608172	
S1-893605706	
S1-683701362	
S1-884914374	
S1-919133711	
S1-560095539	
S1-294253241	
S1-777153028	
S1-458474820	
S1-309046525	
S1-605665187	
S1-881663330	
S1-53348667	
S1-883555171	
S1-741441925	
S1-937252114	S2-91747085,S2-93263112,S3-413423676,S2-480887743
S1-92043278	
S1-328643365	
S1-916074633	
S1-566564456	
S1-789067564	
S1-9041898	
S1-903177210	
S1-850830412	
S1-236498825	
S1-721923522	
S1-520517233	
S1-58141877	
S1-496738042	
S1-724053437	
S1-970217807	
S1-180039067	S3-949527350,S2-1083374
S1-76821557	
S1-410397877	
S1-474901185	
S1-813946557	
S1-416554138	S3-28024076
S1-311791263	
S1-901605413	
S1-608135688	
S1-659091807	
S1-44221525	
S1-426257890	
S1-495034674	
S1-657219121	
S1-897317388	
S1-63370498	
S1-441980074	
S1-448571985	
S1-916895370	
S1-999519629	
S1-813652258	
S1-628999364	
S1-832523080	S3-387080902,S2-666098861,S3-928309556
S1-981076606	
S1-306776995	
S1-912432001	
S1-883455317	
S1-377444989	
S1-155983785	
S1-220192535	
S1-644853558	
S1-532681239	
S1-116623293	S2-770773167,S2-870696547,S3-953223282
S1-915088887	
S1-275793665	
S1-980819342	
S1-215690079	
S1-789555817	
S1-836415084	
S1-223337424	
S1-55614270	
S1-986597414	S3-167629584,S2-163972734,S2-827136749
S1-459429523	S2-889183304,S3-725870993,S2-10791101,S3-260464138
S1-132883510	S2-486780532,S2-736427946,S3-746488814,S3-467162612,S3-515698103
S1-989990373	
S1-373739030	
S1-889811311	
S1-451804137	
S1-415456606	
S1-610546143	
S1-853779370	
S1-995172948	
S1-445324408	
S1-611873549	
S1-543102158	
S1-682645910	
S1-186167301	
S1-224207108	
S1-340460457	
S1-182942712	
S1-609925860	
S1-36322460	
S1-79162983	
S1-894900522	
S1-608754052	
S1-778025424	
S1-379260306	S2-788675430
S1-208657061	S3-178017456
S1-895746463	
S1-478274193	
S1-288492426	
S1-472534211	
S1-776957997	
S1-484099905	
S1-489317616	
S1-175026850	
S1-286001441	
S1-151876033	
S1-879680681	
S1-294607855	
S1-441374511	S2-185517803
S1-720571131	
S1-115956795	
S1-984190106	
S1-14638436	
S1-51782932	
S1-379306821	
S1-19892237	
S1-245078126	
S1-739953328	
S1-764360283	
S1-912011550	
S1-43731106	S3-297159514,S2-191349441,S2-621537447,S3-385177000,S3-456421449
S1-416226211	
S1-573834347	
S1-837997034	
S1-600577279	
S1-234872134	
S1-94927968	
S1-938210521	
S1-616957390	
S1-105871207	
S1-783458829	
S1-980805653	
S1-423816129	
S1-975882948	
S1-918829975	S2-242064407,S2-980994153,S3-575945096,S3-738222082
S1-84987279	
S1-774311750	
S1-205534388	
S1-933597229	
S1-479010037	
S1-835630608	
S1-516874171	
S1-82498590	
S1-70640150	S2-875354876,S2-5584500
S1-686162160	
S1-406701568	
S1-471093590	
S1-761754832	
S1-166867827	S3-360695404,S3-566894172,S2-559415115
S1-351827084	
S1-313473623	
S1-461153664	
S1-897443164	
S1-251479383	
S1-465612141	
S1-25407590	
S1-870438334	
S1-652318336	
S1-540687294	
S1-286845842	
S1-490221235	
S1-915267278	
S1-223358982	S2-248709322,S2-871545892,S3-326037728,S3-834503252
S1-348020003	
S1-746725114	
S1-458683646	
S1-734968333	
S1-391302399	S3-987840982,S2-912075726
S1-39112695	S3-867597222,S3-512636947,S3-972085637,S2-474693123
S1-524946606	
S1-37099137	
S1-834950343	
S1-959326938	
S1-174086817	
S1-872818713	
S1-307080247	
S1-49803554	
S1-68399912	
S1-53857641	
S1-818650369	
S1-7127655	S2-554477233,S3-811366767,S3-931399238,S2-692236024
S1-368924926	
S1-334953277	
S1-819638021	
S1-143931972	
S1-656076527	
S1-686507677	
S1-174010389	
S1-198995610	
S1-925077862	
S1-36467957	S2-383539524,S3-880627955,S3-924380291
S1-498773347	
S1-758921613	
S1-848967715	
S1-758939637	
S1-303344331	
S1-707385472	S3-196353482,S2-764249327,S3-98236446,S3-49565642,S3-120252367,S2-256789203
S1-668142287	
S1-330714249	
S1-827701015	
S1-773566500	
S1-192119848	
S1-289177987	
S1-996067635	
S1-776622412	
S1-727812404	
S1-376594357	
S1-743479790	
S1-434948977	S3-347751162,S2-68188358,S3-686324499,S2-602499168
S1-263701980	
S1-225310065	
S1-89225532	
S1-740007378	
S1-342413285	
S1-711289076	
S1-855880388	
S1-713475680	
S1-178574324	
